[0.081s] DEBUG:colcon:Command line arguments: ['/usr/bin/colcon', 'build']
[0.081s] DEBUG:colcon:Parsed command line arguments: Namespace(log_base=None, log_level=None, verb_name='build', build_base='build', install_base='install', merge_install=False, symlink_install=False, test_result_base=None, continue_on_error=False, executor='parallel', parallel_workers=16, event_handlers=None, ignore_user_meta=False, metas=['./colcon.meta'], base_paths=['.'], packages_ignore=None, packages_ignore_regex=None, paths=None, packages_up_to=None, packages_up_to_regex=None, packages_above=None, packages_above_and_dependencies=None, packages_above_depth=None, packages_select_by_dep=None, packages_skip_by_dep=None, packages_skip_up_to=None, packages_select_build_failed=False, packages_skip_build_finished=False, packages_select_test_failures=False, packages_skip_test_passed=False, packages_select=None, packages_skip=None, packages_select_regex=None, packages_skip_regex=None, packages_start=None, packages_end=None, allow_overriding=[], cmake_args=None, cmake_target=None, cmake_target_skip_unavailable=False, cmake_clean_cache=False, cmake_clean_first=False, cmake_force_configure=False, ament_cmake_args=None, catkin_cmake_args=None, catkin_skip_building_tests=False, mixin_files=None, mixin=None, verb_parser=<colcon_mixin.mixin.mixin_argument.MixinArgumentDecorator object at 0x7351b3d42cb0>, verb_extension=<colcon_core.verb.build.BuildVerb object at 0x7351b3d42740>, main=<bound method BuildVerb.main of <colcon_core.verb.build.BuildVerb object at 0x7351b3d42740>>, mixin_verb=('build',))
[0.185s] Level 1:colcon.colcon_core.package_discovery:discover_packages(colcon_meta) check parameters
[0.185s] Level 1:colcon.colcon_core.package_discovery:discover_packages(recursive) check parameters
[0.185s] Level 1:colcon.colcon_core.package_discovery:discover_packages(ignore) check parameters
[0.185s] Level 1:colcon.colcon_core.package_discovery:discover_packages(path) check parameters
[0.185s] Level 1:colcon.colcon_core.package_discovery:discover_packages(colcon_meta) discover
[0.185s] Level 1:colcon.colcon_core.package_discovery:discover_packages(recursive) discover
[0.185s] INFO:colcon.colcon_core.package_discovery:Crawling recursively for packages in '/home/manideep/FrankaSimulator_Ws/src'
[0.185s] Level 1:colcon.colcon_core.package_identification:_identify(.) by extensions ['ignore', 'ignore_ament_install']
[0.185s] Level 1:colcon.colcon_core.package_identification:_identify(.) by extension 'ignore'
[0.185s] Level 1:colcon.colcon_core.package_identification:_identify(.) by extension 'ignore_ament_install'
[0.185s] Level 1:colcon.colcon_core.package_identification:_identify(.) by extensions ['colcon_pkg']
[0.185s] Level 1:colcon.colcon_core.package_identification:_identify(.) by extension 'colcon_pkg'
[0.185s] Level 1:colcon.colcon_core.package_identification:_identify(.) by extensions ['colcon_meta']
[0.185s] Level 1:colcon.colcon_core.package_identification:_identify(.) by extension 'colcon_meta'
[0.185s] Level 1:colcon.colcon_core.package_identification:_identify(.) by extensions ['ros']
[0.185s] Level 1:colcon.colcon_core.package_identification:_identify(.) by extension 'ros'
[0.192s] Level 1:colcon.colcon_core.package_identification:_identify(.) by extensions ['cmake', 'python']
[0.193s] Level 1:colcon.colcon_core.package_identification:_identify(.) by extension 'cmake'
[0.193s] Level 1:colcon.colcon_core.package_identification:_identify(.) by extension 'python'
[0.193s] Level 1:colcon.colcon_core.package_identification:_identify(.) by extensions ['python_setup_py']
[0.193s] Level 1:colcon.colcon_core.package_identification:_identify(.) by extension 'python_setup_py'
[0.193s] Level 1:colcon.colcon_core.package_identification:_identify(PandaRobot) by extensions ['ignore', 'ignore_ament_install']
[0.193s] Level 1:colcon.colcon_core.package_identification:_identify(PandaRobot) by extension 'ignore'
[0.193s] Level 1:colcon.colcon_core.package_identification:_identify(PandaRobot) by extension 'ignore_ament_install'
[0.193s] Level 1:colcon.colcon_core.package_identification:_identify(PandaRobot) by extensions ['colcon_pkg']
[0.193s] Level 1:colcon.colcon_core.package_identification:_identify(PandaRobot) by extension 'colcon_pkg'
[0.193s] Level 1:colcon.colcon_core.package_identification:_identify(PandaRobot) by extensions ['colcon_meta']
[0.193s] Level 1:colcon.colcon_core.package_identification:_identify(PandaRobot) by extension 'colcon_meta'
[0.193s] Level 1:colcon.colcon_core.package_identification:_identify(PandaRobot) by extensions ['ros']
[0.193s] Level 1:colcon.colcon_core.package_identification:_identify(PandaRobot) by extension 'ros'
[0.193s] Level 1:colcon.colcon_core.package_identification:_identify(PandaRobot) by extensions ['cmake', 'python']
[0.193s] Level 1:colcon.colcon_core.package_identification:_identify(PandaRobot) by extension 'cmake'
[0.193s] Level 1:colcon.colcon_core.package_identification:_identify(PandaRobot) by extension 'python'
[0.193s] Level 1:colcon.colcon_core.package_identification:_identify(PandaRobot) by extensions ['python_setup_py']
[0.193s] Level 1:colcon.colcon_core.package_identification:_identify(PandaRobot) by extension 'python_setup_py'
[0.193s] Level 1:colcon.colcon_core.package_identification:_identify(PandaRobot/panda_ros2_gazebo) by extensions ['ignore', 'ignore_ament_install']
[0.193s] Level 1:colcon.colcon_core.package_identification:_identify(PandaRobot/panda_ros2_gazebo) by extension 'ignore'
[0.193s] Level 1:colcon.colcon_core.package_identification:_identify(PandaRobot/panda_ros2_gazebo) by extension 'ignore_ament_install'
[0.193s] Level 1:colcon.colcon_core.package_identification:_identify(PandaRobot/panda_ros2_gazebo) by extensions ['colcon_pkg']
[0.193s] Level 1:colcon.colcon_core.package_identification:_identify(PandaRobot/panda_ros2_gazebo) by extension 'colcon_pkg'
[0.193s] Level 1:colcon.colcon_core.package_identification:_identify(PandaRobot/panda_ros2_gazebo) by extensions ['colcon_meta']
[0.193s] Level 1:colcon.colcon_core.package_identification:_identify(PandaRobot/panda_ros2_gazebo) by extension 'colcon_meta'
[0.193s] Level 1:colcon.colcon_core.package_identification:_identify(PandaRobot/panda_ros2_gazebo) by extensions ['ros']
[0.193s] Level 1:colcon.colcon_core.package_identification:_identify(PandaRobot/panda_ros2_gazebo) by extension 'ros'
[0.195s] DEBUG:colcon.colcon_core.package_identification:Package 'PandaRobot/panda_ros2_gazebo' with type 'ros.ament_cmake' and name 'panda_ros2_gazebo'
[0.195s] Level 1:colcon.colcon_core.package_identification:_identify(PandaRobot/panda_ros2_moveit2) by extensions ['ignore', 'ignore_ament_install']
[0.195s] Level 1:colcon.colcon_core.package_identification:_identify(PandaRobot/panda_ros2_moveit2) by extension 'ignore'
[0.195s] Level 1:colcon.colcon_core.package_identification:_identify(PandaRobot/panda_ros2_moveit2) by extension 'ignore_ament_install'
[0.195s] Level 1:colcon.colcon_core.package_identification:_identify(PandaRobot/panda_ros2_moveit2) by extensions ['colcon_pkg']
[0.195s] Level 1:colcon.colcon_core.package_identification:_identify(PandaRobot/panda_ros2_moveit2) by extension 'colcon_pkg'
[0.195s] Level 1:colcon.colcon_core.package_identification:_identify(PandaRobot/panda_ros2_moveit2) by extensions ['colcon_meta']
[0.195s] Level 1:colcon.colcon_core.package_identification:_identify(PandaRobot/panda_ros2_moveit2) by extension 'colcon_meta'
[0.195s] Level 1:colcon.colcon_core.package_identification:_identify(PandaRobot/panda_ros2_moveit2) by extensions ['ros']
[0.195s] Level 1:colcon.colcon_core.package_identification:_identify(PandaRobot/panda_ros2_moveit2) by extension 'ros'
[0.196s] DEBUG:colcon.colcon_core.package_identification:Package 'PandaRobot/panda_ros2_moveit2' with type 'ros.ament_cmake' and name 'panda_ros2_moveit2'
[0.196s] Level 1:colcon.colcon_core.package_identification:_identify(build) by extensions ['ignore', 'ignore_ament_install']
[0.196s] Level 1:colcon.colcon_core.package_identification:_identify(build) by extension 'ignore'
[0.196s] Level 1:colcon.colcon_core.package_identification:_identify(build) ignored
[0.196s] Level 1:colcon.colcon_core.package_identification:_identify(gazebo_ros2_control) by extensions ['ignore', 'ignore_ament_install']
[0.196s] Level 1:colcon.colcon_core.package_identification:_identify(gazebo_ros2_control) by extension 'ignore'
[0.196s] Level 1:colcon.colcon_core.package_identification:_identify(gazebo_ros2_control) by extension 'ignore_ament_install'
[0.196s] Level 1:colcon.colcon_core.package_identification:_identify(gazebo_ros2_control) by extensions ['colcon_pkg']
[0.196s] Level 1:colcon.colcon_core.package_identification:_identify(gazebo_ros2_control) by extension 'colcon_pkg'
[0.196s] Level 1:colcon.colcon_core.package_identification:_identify(gazebo_ros2_control) by extensions ['colcon_meta']
[0.196s] Level 1:colcon.colcon_core.package_identification:_identify(gazebo_ros2_control) by extension 'colcon_meta'
[0.196s] Level 1:colcon.colcon_core.package_identification:_identify(gazebo_ros2_control) by extensions ['ros']
[0.196s] Level 1:colcon.colcon_core.package_identification:_identify(gazebo_ros2_control) by extension 'ros'
[0.196s] Level 1:colcon.colcon_core.package_identification:_identify(gazebo_ros2_control) by extensions ['cmake', 'python']
[0.196s] Level 1:colcon.colcon_core.package_identification:_identify(gazebo_ros2_control) by extension 'cmake'
[0.196s] Level 1:colcon.colcon_core.package_identification:_identify(gazebo_ros2_control) by extension 'python'
[0.196s] Level 1:colcon.colcon_core.package_identification:_identify(gazebo_ros2_control) by extensions ['python_setup_py']
[0.196s] Level 1:colcon.colcon_core.package_identification:_identify(gazebo_ros2_control) by extension 'python_setup_py'
[0.196s] Level 1:colcon.colcon_core.package_identification:_identify(gazebo_ros2_control/Docker) by extensions ['ignore', 'ignore_ament_install']
[0.196s] Level 1:colcon.colcon_core.package_identification:_identify(gazebo_ros2_control/Docker) by extension 'ignore'
[0.196s] Level 1:colcon.colcon_core.package_identification:_identify(gazebo_ros2_control/Docker) by extension 'ignore_ament_install'
[0.196s] Level 1:colcon.colcon_core.package_identification:_identify(gazebo_ros2_control/Docker) by extensions ['colcon_pkg']
[0.196s] Level 1:colcon.colcon_core.package_identification:_identify(gazebo_ros2_control/Docker) by extension 'colcon_pkg'
[0.196s] Level 1:colcon.colcon_core.package_identification:_identify(gazebo_ros2_control/Docker) by extensions ['colcon_meta']
[0.196s] Level 1:colcon.colcon_core.package_identification:_identify(gazebo_ros2_control/Docker) by extension 'colcon_meta'
[0.196s] Level 1:colcon.colcon_core.package_identification:_identify(gazebo_ros2_control/Docker) by extensions ['ros']
[0.196s] Level 1:colcon.colcon_core.package_identification:_identify(gazebo_ros2_control/Docker) by extension 'ros'
[0.196s] Level 1:colcon.colcon_core.package_identification:_identify(gazebo_ros2_control/Docker) by extensions ['cmake', 'python']
[0.197s] Level 1:colcon.colcon_core.package_identification:_identify(gazebo_ros2_control/Docker) by extension 'cmake'
[0.197s] Level 1:colcon.colcon_core.package_identification:_identify(gazebo_ros2_control/Docker) by extension 'python'
[0.197s] Level 1:colcon.colcon_core.package_identification:_identify(gazebo_ros2_control/Docker) by extensions ['python_setup_py']
[0.197s] Level 1:colcon.colcon_core.package_identification:_identify(gazebo_ros2_control/Docker) by extension 'python_setup_py'
[0.197s] Level 1:colcon.colcon_core.package_identification:_identify(gazebo_ros2_control/doc) by extensions ['ignore', 'ignore_ament_install']
[0.197s] Level 1:colcon.colcon_core.package_identification:_identify(gazebo_ros2_control/doc) by extension 'ignore'
[0.197s] Level 1:colcon.colcon_core.package_identification:_identify(gazebo_ros2_control/doc) by extension 'ignore_ament_install'
[0.197s] Level 1:colcon.colcon_core.package_identification:_identify(gazebo_ros2_control/doc) by extensions ['colcon_pkg']
[0.197s] Level 1:colcon.colcon_core.package_identification:_identify(gazebo_ros2_control/doc) by extension 'colcon_pkg'
[0.197s] Level 1:colcon.colcon_core.package_identification:_identify(gazebo_ros2_control/doc) by extensions ['colcon_meta']
[0.197s] Level 1:colcon.colcon_core.package_identification:_identify(gazebo_ros2_control/doc) by extension 'colcon_meta'
[0.197s] Level 1:colcon.colcon_core.package_identification:_identify(gazebo_ros2_control/doc) by extensions ['ros']
[0.197s] Level 1:colcon.colcon_core.package_identification:_identify(gazebo_ros2_control/doc) by extension 'ros'
[0.197s] Level 1:colcon.colcon_core.package_identification:_identify(gazebo_ros2_control/doc) by extensions ['cmake', 'python']
[0.197s] Level 1:colcon.colcon_core.package_identification:_identify(gazebo_ros2_control/doc) by extension 'cmake'
[0.197s] Level 1:colcon.colcon_core.package_identification:_identify(gazebo_ros2_control/doc) by extension 'python'
[0.197s] Level 1:colcon.colcon_core.package_identification:_identify(gazebo_ros2_control/doc) by extensions ['python_setup_py']
[0.197s] Level 1:colcon.colcon_core.package_identification:_identify(gazebo_ros2_control/doc) by extension 'python_setup_py'
[0.197s] Level 1:colcon.colcon_core.package_identification:_identify(gazebo_ros2_control/doc/img) by extensions ['ignore', 'ignore_ament_install']
[0.197s] Level 1:colcon.colcon_core.package_identification:_identify(gazebo_ros2_control/doc/img) by extension 'ignore'
[0.197s] Level 1:colcon.colcon_core.package_identification:_identify(gazebo_ros2_control/doc/img) by extension 'ignore_ament_install'
[0.197s] Level 1:colcon.colcon_core.package_identification:_identify(gazebo_ros2_control/doc/img) by extensions ['colcon_pkg']
[0.197s] Level 1:colcon.colcon_core.package_identification:_identify(gazebo_ros2_control/doc/img) by extension 'colcon_pkg'
[0.197s] Level 1:colcon.colcon_core.package_identification:_identify(gazebo_ros2_control/doc/img) by extensions ['colcon_meta']
[0.197s] Level 1:colcon.colcon_core.package_identification:_identify(gazebo_ros2_control/doc/img) by extension 'colcon_meta'
[0.197s] Level 1:colcon.colcon_core.package_identification:_identify(gazebo_ros2_control/doc/img) by extensions ['ros']
[0.197s] Level 1:colcon.colcon_core.package_identification:_identify(gazebo_ros2_control/doc/img) by extension 'ros'
[0.197s] Level 1:colcon.colcon_core.package_identification:_identify(gazebo_ros2_control/doc/img) by extensions ['cmake', 'python']
[0.197s] Level 1:colcon.colcon_core.package_identification:_identify(gazebo_ros2_control/doc/img) by extension 'cmake'
[0.197s] Level 1:colcon.colcon_core.package_identification:_identify(gazebo_ros2_control/doc/img) by extension 'python'
[0.197s] Level 1:colcon.colcon_core.package_identification:_identify(gazebo_ros2_control/doc/img) by extensions ['python_setup_py']
[0.197s] Level 1:colcon.colcon_core.package_identification:_identify(gazebo_ros2_control/doc/img) by extension 'python_setup_py'
[0.197s] Level 1:colcon.colcon_core.package_identification:_identify(gazebo_ros2_control/gazebo_ros2_control) by extensions ['ignore', 'ignore_ament_install']
[0.197s] Level 1:colcon.colcon_core.package_identification:_identify(gazebo_ros2_control/gazebo_ros2_control) by extension 'ignore'
[0.197s] Level 1:colcon.colcon_core.package_identification:_identify(gazebo_ros2_control/gazebo_ros2_control) by extension 'ignore_ament_install'
[0.197s] Level 1:colcon.colcon_core.package_identification:_identify(gazebo_ros2_control/gazebo_ros2_control) by extensions ['colcon_pkg']
[0.197s] Level 1:colcon.colcon_core.package_identification:_identify(gazebo_ros2_control/gazebo_ros2_control) by extension 'colcon_pkg'
[0.197s] Level 1:colcon.colcon_core.package_identification:_identify(gazebo_ros2_control/gazebo_ros2_control) by extensions ['colcon_meta']
[0.197s] Level 1:colcon.colcon_core.package_identification:_identify(gazebo_ros2_control/gazebo_ros2_control) by extension 'colcon_meta'
[0.197s] Level 1:colcon.colcon_core.package_identification:_identify(gazebo_ros2_control/gazebo_ros2_control) by extensions ['ros']
[0.197s] Level 1:colcon.colcon_core.package_identification:_identify(gazebo_ros2_control/gazebo_ros2_control) by extension 'ros'
[0.198s] DEBUG:colcon.colcon_core.package_identification:Package 'gazebo_ros2_control/gazebo_ros2_control' with type 'ros.ament_cmake' and name 'gazebo_ros2_control'
[0.198s] Level 1:colcon.colcon_core.package_identification:_identify(gazebo_ros2_control/gazebo_ros2_control_demos) by extensions ['ignore', 'ignore_ament_install']
[0.198s] Level 1:colcon.colcon_core.package_identification:_identify(gazebo_ros2_control/gazebo_ros2_control_demos) by extension 'ignore'
[0.198s] Level 1:colcon.colcon_core.package_identification:_identify(gazebo_ros2_control/gazebo_ros2_control_demos) by extension 'ignore_ament_install'
[0.198s] Level 1:colcon.colcon_core.package_identification:_identify(gazebo_ros2_control/gazebo_ros2_control_demos) by extensions ['colcon_pkg']
[0.198s] Level 1:colcon.colcon_core.package_identification:_identify(gazebo_ros2_control/gazebo_ros2_control_demos) by extension 'colcon_pkg'
[0.199s] Level 1:colcon.colcon_core.package_identification:_identify(gazebo_ros2_control/gazebo_ros2_control_demos) by extensions ['colcon_meta']
[0.199s] Level 1:colcon.colcon_core.package_identification:_identify(gazebo_ros2_control/gazebo_ros2_control_demos) by extension 'colcon_meta'
[0.199s] Level 1:colcon.colcon_core.package_identification:_identify(gazebo_ros2_control/gazebo_ros2_control_demos) by extensions ['ros']
[0.199s] Level 1:colcon.colcon_core.package_identification:_identify(gazebo_ros2_control/gazebo_ros2_control_demos) by extension 'ros'
[0.199s] DEBUG:colcon.colcon_core.package_identification:Package 'gazebo_ros2_control/gazebo_ros2_control_demos' with type 'ros.ament_cmake' and name 'gazebo_ros2_control_demos'
[0.199s] Level 1:colcon.colcon_core.package_identification:_identify(install) by extensions ['ignore', 'ignore_ament_install']
[0.199s] Level 1:colcon.colcon_core.package_identification:_identify(install) by extension 'ignore'
[0.199s] Level 1:colcon.colcon_core.package_identification:_identify(install) ignored
[0.199s] Level 1:colcon.colcon_core.package_identification:_identify(log) by extensions ['ignore', 'ignore_ament_install']
[0.199s] Level 1:colcon.colcon_core.package_identification:_identify(log) by extension 'ignore'
[0.199s] Level 1:colcon.colcon_core.package_identification:_identify(log) ignored
[0.199s] Level 1:colcon.colcon_core.package_identification:_identify(ros2_actions) by extensions ['ignore', 'ignore_ament_install']
[0.199s] Level 1:colcon.colcon_core.package_identification:_identify(ros2_actions) by extension 'ignore'
[0.199s] Level 1:colcon.colcon_core.package_identification:_identify(ros2_actions) by extension 'ignore_ament_install'
[0.200s] Level 1:colcon.colcon_core.package_identification:_identify(ros2_actions) by extensions ['colcon_pkg']
[0.200s] Level 1:colcon.colcon_core.package_identification:_identify(ros2_actions) by extension 'colcon_pkg'
[0.200s] Level 1:colcon.colcon_core.package_identification:_identify(ros2_actions) by extensions ['colcon_meta']
[0.200s] Level 1:colcon.colcon_core.package_identification:_identify(ros2_actions) by extension 'colcon_meta'
[0.200s] Level 1:colcon.colcon_core.package_identification:_identify(ros2_actions) by extensions ['ros']
[0.200s] Level 1:colcon.colcon_core.package_identification:_identify(ros2_actions) by extension 'ros'
[0.200s] DEBUG:colcon.colcon_core.package_identification:Package 'ros2_actions' with type 'ros.ament_cmake' and name 'ros2_actions'
[0.200s] Level 1:colcon.colcon_core.package_identification:_identify(ros2_data) by extensions ['ignore', 'ignore_ament_install']
[0.200s] Level 1:colcon.colcon_core.package_identification:_identify(ros2_data) by extension 'ignore'
[0.200s] Level 1:colcon.colcon_core.package_identification:_identify(ros2_data) by extension 'ignore_ament_install'
[0.200s] Level 1:colcon.colcon_core.package_identification:_identify(ros2_data) by extensions ['colcon_pkg']
[0.200s] Level 1:colcon.colcon_core.package_identification:_identify(ros2_data) by extension 'colcon_pkg'
[0.200s] Level 1:colcon.colcon_core.package_identification:_identify(ros2_data) by extensions ['colcon_meta']
[0.200s] Level 1:colcon.colcon_core.package_identification:_identify(ros2_data) by extension 'colcon_meta'
[0.200s] Level 1:colcon.colcon_core.package_identification:_identify(ros2_data) by extensions ['ros']
[0.200s] Level 1:colcon.colcon_core.package_identification:_identify(ros2_data) by extension 'ros'
[0.201s] DEBUG:colcon.colcon_core.package_identification:Package 'ros2_data' with type 'ros.ament_cmake' and name 'ros2_data'
[0.201s] Level 1:colcon.colcon_core.package_identification:_identify(teleop_keyboard_pkg) by extensions ['ignore', 'ignore_ament_install']
[0.201s] Level 1:colcon.colcon_core.package_identification:_identify(teleop_keyboard_pkg) by extension 'ignore'
[0.201s] Level 1:colcon.colcon_core.package_identification:_identify(teleop_keyboard_pkg) by extension 'ignore_ament_install'
[0.201s] Level 1:colcon.colcon_core.package_identification:_identify(teleop_keyboard_pkg) by extensions ['colcon_pkg']
[0.201s] Level 1:colcon.colcon_core.package_identification:_identify(teleop_keyboard_pkg) by extension 'colcon_pkg'
[0.201s] Level 1:colcon.colcon_core.package_identification:_identify(teleop_keyboard_pkg) by extensions ['colcon_meta']
[0.201s] Level 1:colcon.colcon_core.package_identification:_identify(teleop_keyboard_pkg) by extension 'colcon_meta'
[0.201s] Level 1:colcon.colcon_core.package_identification:_identify(teleop_keyboard_pkg) by extensions ['ros']
[0.201s] Level 1:colcon.colcon_core.package_identification:_identify(teleop_keyboard_pkg) by extension 'ros'
[0.201s] DEBUG:colcon.colcon_core.package_identification:Package 'teleop_keyboard_pkg' with type 'ros.ament_python' and name 'teleop_keyboard_pkg'
[0.201s] Level 1:colcon.colcon_core.package_discovery:discover_packages(recursive) using defaults
[0.201s] Level 1:colcon.colcon_core.package_discovery:discover_packages(ignore) discover
[0.201s] Level 1:colcon.colcon_core.package_discovery:discover_packages(ignore) using defaults
[0.201s] Level 1:colcon.colcon_core.package_discovery:discover_packages(path) discover
[0.201s] Level 1:colcon.colcon_core.package_discovery:discover_packages(path) using defaults
[0.226s] Level 1:colcon.colcon_core.package_discovery:discover_packages(prefix_path) check parameters
[0.226s] Level 1:colcon.colcon_core.package_discovery:discover_packages(prefix_path) discover
[0.229s] DEBUG:colcon.colcon_installed_package_information.package_discovery:Found 7 installed packages in /home/manideep/FrankaSimulator_Ws/install
[0.230s] DEBUG:colcon.colcon_installed_package_information.package_discovery:Found 56 installed packages in /home/manideep/ws_moveit2/install
[0.232s] DEBUG:colcon.colcon_installed_package_information.package_discovery:Found 382 installed packages in /opt/ros/humble
[0.235s] Level 1:colcon.colcon_core.package_discovery:discover_packages(prefix_path) using defaults
[0.268s] Level 5:colcon.colcon_core.verb:set package 'gazebo_ros2_control' build argument 'cmake_args' from command line to 'None'
[0.268s] Level 5:colcon.colcon_core.verb:set package 'gazebo_ros2_control' build argument 'cmake_target' from command line to 'None'
[0.268s] Level 5:colcon.colcon_core.verb:set package 'gazebo_ros2_control' build argument 'cmake_target_skip_unavailable' from command line to 'False'
[0.268s] Level 5:colcon.colcon_core.verb:set package 'gazebo_ros2_control' build argument 'cmake_clean_cache' from command line to 'False'
[0.268s] Level 5:colcon.colcon_core.verb:set package 'gazebo_ros2_control' build argument 'cmake_clean_first' from command line to 'False'
[0.268s] Level 5:colcon.colcon_core.verb:set package 'gazebo_ros2_control' build argument 'cmake_force_configure' from command line to 'False'
[0.268s] Level 5:colcon.colcon_core.verb:set package 'gazebo_ros2_control' build argument 'ament_cmake_args' from command line to 'None'
[0.268s] Level 5:colcon.colcon_core.verb:set package 'gazebo_ros2_control' build argument 'catkin_cmake_args' from command line to 'None'
[0.268s] Level 5:colcon.colcon_core.verb:set package 'gazebo_ros2_control' build argument 'catkin_skip_building_tests' from command line to 'False'
[0.268s] DEBUG:colcon.colcon_core.verb:Building package 'gazebo_ros2_control' with the following arguments: {'ament_cmake_args': None, 'build_base': '/home/manideep/FrankaSimulator_Ws/src/build/gazebo_ros2_control', 'catkin_cmake_args': None, 'catkin_skip_building_tests': False, 'cmake_args': None, 'cmake_clean_cache': False, 'cmake_clean_first': False, 'cmake_force_configure': False, 'cmake_target': None, 'cmake_target_skip_unavailable': False, 'install_base': '/home/manideep/FrankaSimulator_Ws/src/install/gazebo_ros2_control', 'merge_install': False, 'path': '/home/manideep/FrankaSimulator_Ws/src/gazebo_ros2_control/gazebo_ros2_control', 'symlink_install': False, 'test_result_base': None}
[0.268s] Level 5:colcon.colcon_core.verb:set package 'panda_ros2_gazebo' build argument 'cmake_args' from command line to 'None'
[0.268s] Level 5:colcon.colcon_core.verb:set package 'panda_ros2_gazebo' build argument 'cmake_target' from command line to 'None'
[0.268s] Level 5:colcon.colcon_core.verb:set package 'panda_ros2_gazebo' build argument 'cmake_target_skip_unavailable' from command line to 'False'
[0.268s] Level 5:colcon.colcon_core.verb:set package 'panda_ros2_gazebo' build argument 'cmake_clean_cache' from command line to 'False'
[0.268s] Level 5:colcon.colcon_core.verb:set package 'panda_ros2_gazebo' build argument 'cmake_clean_first' from command line to 'False'
[0.268s] Level 5:colcon.colcon_core.verb:set package 'panda_ros2_gazebo' build argument 'cmake_force_configure' from command line to 'False'
[0.268s] Level 5:colcon.colcon_core.verb:set package 'panda_ros2_gazebo' build argument 'ament_cmake_args' from command line to 'None'
[0.268s] Level 5:colcon.colcon_core.verb:set package 'panda_ros2_gazebo' build argument 'catkin_cmake_args' from command line to 'None'
[0.268s] Level 5:colcon.colcon_core.verb:set package 'panda_ros2_gazebo' build argument 'catkin_skip_building_tests' from command line to 'False'
[0.268s] DEBUG:colcon.colcon_core.verb:Building package 'panda_ros2_gazebo' with the following arguments: {'ament_cmake_args': None, 'build_base': '/home/manideep/FrankaSimulator_Ws/src/build/panda_ros2_gazebo', 'catkin_cmake_args': None, 'catkin_skip_building_tests': False, 'cmake_args': None, 'cmake_clean_cache': False, 'cmake_clean_first': False, 'cmake_force_configure': False, 'cmake_target': None, 'cmake_target_skip_unavailable': False, 'install_base': '/home/manideep/FrankaSimulator_Ws/src/install/panda_ros2_gazebo', 'merge_install': False, 'path': '/home/manideep/FrankaSimulator_Ws/src/PandaRobot/panda_ros2_gazebo', 'symlink_install': False, 'test_result_base': None}
[0.269s] Level 5:colcon.colcon_core.verb:set package 'ros2_data' build argument 'cmake_args' from command line to 'None'
[0.269s] Level 5:colcon.colcon_core.verb:set package 'ros2_data' build argument 'cmake_target' from command line to 'None'
[0.269s] Level 5:colcon.colcon_core.verb:set package 'ros2_data' build argument 'cmake_target_skip_unavailable' from command line to 'False'
[0.269s] Level 5:colcon.colcon_core.verb:set package 'ros2_data' build argument 'cmake_clean_cache' from command line to 'False'
[0.269s] Level 5:colcon.colcon_core.verb:set package 'ros2_data' build argument 'cmake_clean_first' from command line to 'False'
[0.269s] Level 5:colcon.colcon_core.verb:set package 'ros2_data' build argument 'cmake_force_configure' from command line to 'False'
[0.269s] Level 5:colcon.colcon_core.verb:set package 'ros2_data' build argument 'ament_cmake_args' from command line to 'None'
[0.269s] Level 5:colcon.colcon_core.verb:set package 'ros2_data' build argument 'catkin_cmake_args' from command line to 'None'
[0.269s] Level 5:colcon.colcon_core.verb:set package 'ros2_data' build argument 'catkin_skip_building_tests' from command line to 'False'
[0.269s] DEBUG:colcon.colcon_core.verb:Building package 'ros2_data' with the following arguments: {'ament_cmake_args': None, 'build_base': '/home/manideep/FrankaSimulator_Ws/src/build/ros2_data', 'catkin_cmake_args': None, 'catkin_skip_building_tests': False, 'cmake_args': None, 'cmake_clean_cache': False, 'cmake_clean_first': False, 'cmake_force_configure': False, 'cmake_target': None, 'cmake_target_skip_unavailable': False, 'install_base': '/home/manideep/FrankaSimulator_Ws/src/install/ros2_data', 'merge_install': False, 'path': '/home/manideep/FrankaSimulator_Ws/src/ros2_data', 'symlink_install': False, 'test_result_base': None}
[0.269s] Level 5:colcon.colcon_core.verb:set package 'teleop_keyboard_pkg' build argument 'cmake_args' from command line to 'None'
[0.269s] Level 5:colcon.colcon_core.verb:set package 'teleop_keyboard_pkg' build argument 'cmake_target' from command line to 'None'
[0.269s] Level 5:colcon.colcon_core.verb:set package 'teleop_keyboard_pkg' build argument 'cmake_target_skip_unavailable' from command line to 'False'
[0.269s] Level 5:colcon.colcon_core.verb:set package 'teleop_keyboard_pkg' build argument 'cmake_clean_cache' from command line to 'False'
[0.269s] Level 5:colcon.colcon_core.verb:set package 'teleop_keyboard_pkg' build argument 'cmake_clean_first' from command line to 'False'
[0.269s] Level 5:colcon.colcon_core.verb:set package 'teleop_keyboard_pkg' build argument 'cmake_force_configure' from command line to 'False'
[0.269s] Level 5:colcon.colcon_core.verb:set package 'teleop_keyboard_pkg' build argument 'ament_cmake_args' from command line to 'None'
[0.269s] Level 5:colcon.colcon_core.verb:set package 'teleop_keyboard_pkg' build argument 'catkin_cmake_args' from command line to 'None'
[0.269s] Level 5:colcon.colcon_core.verb:set package 'teleop_keyboard_pkg' build argument 'catkin_skip_building_tests' from command line to 'False'
[0.269s] DEBUG:colcon.colcon_core.verb:Building package 'teleop_keyboard_pkg' with the following arguments: {'ament_cmake_args': None, 'build_base': '/home/manideep/FrankaSimulator_Ws/src/build/teleop_keyboard_pkg', 'catkin_cmake_args': None, 'catkin_skip_building_tests': False, 'cmake_args': None, 'cmake_clean_cache': False, 'cmake_clean_first': False, 'cmake_force_configure': False, 'cmake_target': None, 'cmake_target_skip_unavailable': False, 'install_base': '/home/manideep/FrankaSimulator_Ws/src/install/teleop_keyboard_pkg', 'merge_install': False, 'path': '/home/manideep/FrankaSimulator_Ws/src/teleop_keyboard_pkg', 'symlink_install': False, 'test_result_base': None}
[0.269s] Level 5:colcon.colcon_core.verb:set package 'gazebo_ros2_control_demos' build argument 'cmake_args' from command line to 'None'
[0.269s] Level 5:colcon.colcon_core.verb:set package 'gazebo_ros2_control_demos' build argument 'cmake_target' from command line to 'None'
[0.269s] Level 5:colcon.colcon_core.verb:set package 'gazebo_ros2_control_demos' build argument 'cmake_target_skip_unavailable' from command line to 'False'
[0.269s] Level 5:colcon.colcon_core.verb:set package 'gazebo_ros2_control_demos' build argument 'cmake_clean_cache' from command line to 'False'
[0.269s] Level 5:colcon.colcon_core.verb:set package 'gazebo_ros2_control_demos' build argument 'cmake_clean_first' from command line to 'False'
[0.269s] Level 5:colcon.colcon_core.verb:set package 'gazebo_ros2_control_demos' build argument 'cmake_force_configure' from command line to 'False'
[0.269s] Level 5:colcon.colcon_core.verb:set package 'gazebo_ros2_control_demos' build argument 'ament_cmake_args' from command line to 'None'
[0.269s] Level 5:colcon.colcon_core.verb:set package 'gazebo_ros2_control_demos' build argument 'catkin_cmake_args' from command line to 'None'
[0.269s] Level 5:colcon.colcon_core.verb:set package 'gazebo_ros2_control_demos' build argument 'catkin_skip_building_tests' from command line to 'False'
[0.269s] DEBUG:colcon.colcon_core.verb:Building package 'gazebo_ros2_control_demos' with the following arguments: {'ament_cmake_args': None, 'build_base': '/home/manideep/FrankaSimulator_Ws/src/build/gazebo_ros2_control_demos', 'catkin_cmake_args': None, 'catkin_skip_building_tests': False, 'cmake_args': None, 'cmake_clean_cache': False, 'cmake_clean_first': False, 'cmake_force_configure': False, 'cmake_target': None, 'cmake_target_skip_unavailable': False, 'install_base': '/home/manideep/FrankaSimulator_Ws/src/install/gazebo_ros2_control_demos', 'merge_install': False, 'path': '/home/manideep/FrankaSimulator_Ws/src/gazebo_ros2_control/gazebo_ros2_control_demos', 'symlink_install': False, 'test_result_base': None}
[0.270s] Level 5:colcon.colcon_core.verb:set package 'panda_ros2_moveit2' build argument 'cmake_args' from command line to 'None'
[0.270s] Level 5:colcon.colcon_core.verb:set package 'panda_ros2_moveit2' build argument 'cmake_target' from command line to 'None'
[0.270s] Level 5:colcon.colcon_core.verb:set package 'panda_ros2_moveit2' build argument 'cmake_target_skip_unavailable' from command line to 'False'
[0.270s] Level 5:colcon.colcon_core.verb:set package 'panda_ros2_moveit2' build argument 'cmake_clean_cache' from command line to 'False'
[0.270s] Level 5:colcon.colcon_core.verb:set package 'panda_ros2_moveit2' build argument 'cmake_clean_first' from command line to 'False'
[0.270s] Level 5:colcon.colcon_core.verb:set package 'panda_ros2_moveit2' build argument 'cmake_force_configure' from command line to 'False'
[0.270s] Level 5:colcon.colcon_core.verb:set package 'panda_ros2_moveit2' build argument 'ament_cmake_args' from command line to 'None'
[0.270s] Level 5:colcon.colcon_core.verb:set package 'panda_ros2_moveit2' build argument 'catkin_cmake_args' from command line to 'None'
[0.270s] Level 5:colcon.colcon_core.verb:set package 'panda_ros2_moveit2' build argument 'catkin_skip_building_tests' from command line to 'False'
[0.270s] DEBUG:colcon.colcon_core.verb:Building package 'panda_ros2_moveit2' with the following arguments: {'ament_cmake_args': None, 'build_base': '/home/manideep/FrankaSimulator_Ws/src/build/panda_ros2_moveit2', 'catkin_cmake_args': None, 'catkin_skip_building_tests': False, 'cmake_args': None, 'cmake_clean_cache': False, 'cmake_clean_first': False, 'cmake_force_configure': False, 'cmake_target': None, 'cmake_target_skip_unavailable': False, 'install_base': '/home/manideep/FrankaSimulator_Ws/src/install/panda_ros2_moveit2', 'merge_install': False, 'path': '/home/manideep/FrankaSimulator_Ws/src/PandaRobot/panda_ros2_moveit2', 'symlink_install': False, 'test_result_base': None}
[0.270s] Level 5:colcon.colcon_core.verb:set package 'ros2_actions' build argument 'cmake_args' from command line to 'None'
[0.270s] Level 5:colcon.colcon_core.verb:set package 'ros2_actions' build argument 'cmake_target' from command line to 'None'
[0.270s] Level 5:colcon.colcon_core.verb:set package 'ros2_actions' build argument 'cmake_target_skip_unavailable' from command line to 'False'
[0.270s] Level 5:colcon.colcon_core.verb:set package 'ros2_actions' build argument 'cmake_clean_cache' from command line to 'False'
[0.270s] Level 5:colcon.colcon_core.verb:set package 'ros2_actions' build argument 'cmake_clean_first' from command line to 'False'
[0.270s] Level 5:colcon.colcon_core.verb:set package 'ros2_actions' build argument 'cmake_force_configure' from command line to 'False'
[0.270s] Level 5:colcon.colcon_core.verb:set package 'ros2_actions' build argument 'ament_cmake_args' from command line to 'None'
[0.270s] Level 5:colcon.colcon_core.verb:set package 'ros2_actions' build argument 'catkin_cmake_args' from command line to 'None'
[0.270s] Level 5:colcon.colcon_core.verb:set package 'ros2_actions' build argument 'catkin_skip_building_tests' from command line to 'False'
[0.270s] DEBUG:colcon.colcon_core.verb:Building package 'ros2_actions' with the following arguments: {'ament_cmake_args': None, 'build_base': '/home/manideep/FrankaSimulator_Ws/src/build/ros2_actions', 'catkin_cmake_args': None, 'catkin_skip_building_tests': False, 'cmake_args': None, 'cmake_clean_cache': False, 'cmake_clean_first': False, 'cmake_force_configure': False, 'cmake_target': None, 'cmake_target_skip_unavailable': False, 'install_base': '/home/manideep/FrankaSimulator_Ws/src/install/ros2_actions', 'merge_install': False, 'path': '/home/manideep/FrankaSimulator_Ws/src/ros2_actions', 'symlink_install': False, 'test_result_base': None}
[0.270s] INFO:colcon.colcon_core.executor:Executing jobs using 'parallel' executor
[0.271s] DEBUG:colcon.colcon_parallel_executor.executor.parallel:run_until_complete
[0.272s] INFO:colcon.colcon_ros.task.ament_cmake.build:Building ROS package in '/home/manideep/FrankaSimulator_Ws/src/ros2_data' with build type 'ament_cmake'
[0.272s] INFO:colcon.colcon_cmake.task.cmake.build:Building CMake package in '/home/manideep/FrankaSimulator_Ws/src/ros2_data'
[0.273s] INFO:colcon.colcon_core.plugin_system:Skipping extension 'colcon_core.shell.bat': Not used on non-Windows systems
[0.274s] INFO:colcon.colcon_core.shell:Skip shell extension 'powershell' for command environment: Not usable outside of PowerShell
[0.274s] DEBUG:colcon.colcon_core.shell:Skip shell extension 'dsv' for command environment
[0.278s] INFO:colcon.colcon_ros.task.ament_cmake.build:Building ROS package in '/home/manideep/FrankaSimulator_Ws/src/gazebo_ros2_control/gazebo_ros2_control' with build type 'ament_cmake'
[0.279s] INFO:colcon.colcon_cmake.task.cmake.build:Building CMake package in '/home/manideep/FrankaSimulator_Ws/src/gazebo_ros2_control/gazebo_ros2_control'
[0.279s] INFO:colcon.colcon_core.shell:Skip shell extension 'powershell' for command environment: Not usable outside of PowerShell
[0.279s] DEBUG:colcon.colcon_core.shell:Skip shell extension 'dsv' for command environment
[0.283s] INFO:colcon.colcon_ros.task.ament_cmake.build:Building ROS package in '/home/manideep/FrankaSimulator_Ws/src/PandaRobot/panda_ros2_gazebo' with build type 'ament_cmake'
[0.283s] INFO:colcon.colcon_cmake.task.cmake.build:Building CMake package in '/home/manideep/FrankaSimulator_Ws/src/PandaRobot/panda_ros2_gazebo'
[0.283s] INFO:colcon.colcon_core.shell:Skip shell extension 'powershell' for command environment: Not usable outside of PowerShell
[0.283s] DEBUG:colcon.colcon_core.shell:Skip shell extension 'dsv' for command environment
[0.288s] INFO:colcon.colcon_ros.task.ament_python.build:Building ROS package in '/home/manideep/FrankaSimulator_Ws/src/teleop_keyboard_pkg' with build type 'ament_python'
[0.288s] Level 1:colcon.colcon_core.shell:create_environment_hook('teleop_keyboard_pkg', 'ament_prefix_path')
[0.288s] INFO:colcon.colcon_core.shell:Creating environment hook '/home/manideep/FrankaSimulator_Ws/src/install/teleop_keyboard_pkg/share/teleop_keyboard_pkg/hook/ament_prefix_path.ps1'
[0.289s] INFO:colcon.colcon_core.shell:Creating environment descriptor '/home/manideep/FrankaSimulator_Ws/src/install/teleop_keyboard_pkg/share/teleop_keyboard_pkg/hook/ament_prefix_path.dsv'
[0.289s] INFO:colcon.colcon_core.shell:Creating environment hook '/home/manideep/FrankaSimulator_Ws/src/install/teleop_keyboard_pkg/share/teleop_keyboard_pkg/hook/ament_prefix_path.sh'
[0.290s] INFO:colcon.colcon_core.shell:Skip shell extension 'powershell' for command environment: Not usable outside of PowerShell
[0.290s] DEBUG:colcon.colcon_core.shell:Skip shell extension 'dsv' for command environment
[0.299s] DEBUG:colcon.colcon_core.event_handler.log_command:Invoking command in '/home/manideep/FrankaSimulator_Ws/src/build/ros2_data': CMAKE_PREFIX_PATH=${CMAKE_PREFIX_PATH}:/home/manideep/FrankaSimulator_Ws/install/teleop_keyboard_pkg:/home/manideep/ws_moveit2/install/moveit_configs_utils:/home/manideep/ws_moveit2/install/launch_param_builder:/opt/ros/humble /usr/bin/cmake /home/manideep/FrankaSimulator_Ws/src/ros2_data -DCMAKE_INSTALL_PREFIX=/home/manideep/FrankaSimulator_Ws/src/install/ros2_data
[0.301s] DEBUG:colcon.colcon_core.event_handler.log_command:Invoking command in '/home/manideep/FrankaSimulator_Ws/src/build/gazebo_ros2_control': CMAKE_PREFIX_PATH=${CMAKE_PREFIX_PATH}:/home/manideep/FrankaSimulator_Ws/install/teleop_keyboard_pkg:/home/manideep/ws_moveit2/install/moveit_configs_utils:/home/manideep/ws_moveit2/install/launch_param_builder:/opt/ros/humble /usr/bin/cmake /home/manideep/FrankaSimulator_Ws/src/gazebo_ros2_control/gazebo_ros2_control -DCMAKE_INSTALL_PREFIX=/home/manideep/FrankaSimulator_Ws/src/install/gazebo_ros2_control
[0.305s] DEBUG:colcon.colcon_core.event_handler.log_command:Invoking command in '/home/manideep/FrankaSimulator_Ws/src/build/panda_ros2_gazebo': CMAKE_PREFIX_PATH=${CMAKE_PREFIX_PATH}:/home/manideep/FrankaSimulator_Ws/install/teleop_keyboard_pkg:/home/manideep/ws_moveit2/install/moveit_configs_utils:/home/manideep/ws_moveit2/install/launch_param_builder:/opt/ros/humble /usr/bin/cmake /home/manideep/FrankaSimulator_Ws/src/PandaRobot/panda_ros2_gazebo -DCMAKE_INSTALL_PREFIX=/home/manideep/FrankaSimulator_Ws/src/install/panda_ros2_gazebo
[0.525s] WARNING:colcon.colcon_ros.task.ament_python.build:Package 'teleop_keyboard_pkg' doesn't explicitly install a marker in the package index (colcon-ros currently does it implicitly but that fallback will be removed in the future)
[0.526s] WARNING:colcon.colcon_ros.task.ament_python.build:Package 'teleop_keyboard_pkg' doesn't explicitly install the 'package.xml' file (colcon-ros currently does it implicitly but that fallback will be removed in the future)
[0.527s] INFO:colcon.colcon_core.task.python.build:Building Python package in '/home/manideep/FrankaSimulator_Ws/src/teleop_keyboard_pkg'
[0.527s] INFO:colcon.colcon_core.shell:Skip shell extension 'powershell' for command environment: Not usable outside of PowerShell
[0.527s] DEBUG:colcon.colcon_core.shell:Skip shell extension 'dsv' for command environment
[0.823s] DEBUG:colcon.colcon_core.event_handler.log_command:Invoking command in '/home/manideep/FrankaSimulator_Ws/src/teleop_keyboard_pkg': PYTHONPATH=/home/manideep/FrankaSimulator_Ws/src/build/teleop_keyboard_pkg/prefix_override:/usr/lib/python3/dist-packages/colcon_core/task/python/colcon_distutils_commands:/home/manideep/FrankaSimulator_Ws/src/install/teleop_keyboard_pkg/lib/python3.10/site-packages:${PYTHONPATH} /usr/bin/python3 -W ignore:setup.py install is deprecated -W ignore:easy_install command is deprecated setup.py egg_info --egg-base ../build/teleop_keyboard_pkg build --build-base /home/manideep/FrankaSimulator_Ws/src/build/teleop_keyboard_pkg/build install --record /home/manideep/FrankaSimulator_Ws/src/build/teleop_keyboard_pkg/install.log --single-version-externally-managed
[1.027s] DEBUG:colcon.colcon_core.event_handler.log_command:Invoked command in '/home/manideep/FrankaSimulator_Ws/src/teleop_keyboard_pkg' returned '0': PYTHONPATH=/home/manideep/FrankaSimulator_Ws/src/build/teleop_keyboard_pkg/prefix_override:/usr/lib/python3/dist-packages/colcon_core/task/python/colcon_distutils_commands:/home/manideep/FrankaSimulator_Ws/src/install/teleop_keyboard_pkg/lib/python3.10/site-packages:${PYTHONPATH} /usr/bin/python3 -W ignore:setup.py install is deprecated -W ignore:easy_install command is deprecated setup.py egg_info --egg-base ../build/teleop_keyboard_pkg build --build-base /home/manideep/FrankaSimulator_Ws/src/build/teleop_keyboard_pkg/build install --record /home/manideep/FrankaSimulator_Ws/src/build/teleop_keyboard_pkg/install.log --single-version-externally-managed
[1.029s] Level 1:colcon.colcon_core.environment:checking '/home/manideep/FrankaSimulator_Ws/src/install/teleop_keyboard_pkg' for CMake module files
[1.030s] Level 1:colcon.colcon_core.environment:checking '/home/manideep/FrankaSimulator_Ws/src/install/teleop_keyboard_pkg' for CMake config files
[1.030s] Level 1:colcon.colcon_core.environment:checking '/home/manideep/FrankaSimulator_Ws/src/install/teleop_keyboard_pkg/lib'
[1.031s] Level 1:colcon.colcon_core.environment:checking '/home/manideep/FrankaSimulator_Ws/src/install/teleop_keyboard_pkg/bin'
[1.031s] Level 1:colcon.colcon_core.environment:checking '/home/manideep/FrankaSimulator_Ws/src/install/teleop_keyboard_pkg/lib/pkgconfig/teleop_keyboard_pkg.pc'
[1.031s] Level 1:colcon.colcon_core.environment:checking '/home/manideep/FrankaSimulator_Ws/src/install/teleop_keyboard_pkg/lib/python3.10/site-packages'
[1.031s] Level 1:colcon.colcon_core.shell:create_environment_hook('teleop_keyboard_pkg', 'pythonpath')
[1.031s] INFO:colcon.colcon_core.shell:Creating environment hook '/home/manideep/FrankaSimulator_Ws/src/install/teleop_keyboard_pkg/share/teleop_keyboard_pkg/hook/pythonpath.ps1'
[1.031s] INFO:colcon.colcon_core.shell:Creating environment descriptor '/home/manideep/FrankaSimulator_Ws/src/install/teleop_keyboard_pkg/share/teleop_keyboard_pkg/hook/pythonpath.dsv'
[1.032s] INFO:colcon.colcon_core.shell:Creating environment hook '/home/manideep/FrankaSimulator_Ws/src/install/teleop_keyboard_pkg/share/teleop_keyboard_pkg/hook/pythonpath.sh'
[1.032s] Level 1:colcon.colcon_core.environment:checking '/home/manideep/FrankaSimulator_Ws/src/install/teleop_keyboard_pkg/bin'
[1.032s] Level 1:colcon.colcon_core.environment:create_environment_scripts_only(teleop_keyboard_pkg)
[1.032s] INFO:colcon.colcon_core.shell:Creating package script '/home/manideep/FrankaSimulator_Ws/src/install/teleop_keyboard_pkg/share/teleop_keyboard_pkg/package.ps1'
[1.033s] INFO:colcon.colcon_core.shell:Creating package descriptor '/home/manideep/FrankaSimulator_Ws/src/install/teleop_keyboard_pkg/share/teleop_keyboard_pkg/package.dsv'
[1.033s] INFO:colcon.colcon_core.shell:Creating package script '/home/manideep/FrankaSimulator_Ws/src/install/teleop_keyboard_pkg/share/teleop_keyboard_pkg/package.sh'
[1.034s] INFO:colcon.colcon_core.shell:Creating package script '/home/manideep/FrankaSimulator_Ws/src/install/teleop_keyboard_pkg/share/teleop_keyboard_pkg/package.bash'
[1.034s] INFO:colcon.colcon_core.shell:Creating package script '/home/manideep/FrankaSimulator_Ws/src/install/teleop_keyboard_pkg/share/teleop_keyboard_pkg/package.zsh'
[1.035s] Level 1:colcon.colcon_core.environment:create_file_with_runtime_dependencies(/home/manideep/FrankaSimulator_Ws/src/install/teleop_keyboard_pkg/share/colcon-core/packages/teleop_keyboard_pkg)
[1.041s] DEBUG:colcon.colcon_core.event_handler.log_command:Invoked command in '/home/manideep/FrankaSimulator_Ws/src/build/panda_ros2_gazebo' returned '0': CMAKE_PREFIX_PATH=${CMAKE_PREFIX_PATH}:/home/manideep/FrankaSimulator_Ws/install/teleop_keyboard_pkg:/home/manideep/ws_moveit2/install/moveit_configs_utils:/home/manideep/ws_moveit2/install/launch_param_builder:/opt/ros/humble /usr/bin/cmake /home/manideep/FrankaSimulator_Ws/src/PandaRobot/panda_ros2_gazebo -DCMAKE_INSTALL_PREFIX=/home/manideep/FrankaSimulator_Ws/src/install/panda_ros2_gazebo
[1.043s] DEBUG:colcon.colcon_core.event_handler.log_command:Invoking command in '/home/manideep/FrankaSimulator_Ws/src/build/panda_ros2_gazebo': CMAKE_PREFIX_PATH=${CMAKE_PREFIX_PATH}:/home/manideep/FrankaSimulator_Ws/install/teleop_keyboard_pkg:/home/manideep/ws_moveit2/install/moveit_configs_utils:/home/manideep/ws_moveit2/install/launch_param_builder:/opt/ros/humble /usr/bin/cmake --build /home/manideep/FrankaSimulator_Ws/src/build/panda_ros2_gazebo -- -j16 -l16
[1.083s] DEBUG:colcon.colcon_core.event_handler.log_command:Invoked command in '/home/manideep/FrankaSimulator_Ws/src/build/panda_ros2_gazebo' returned '0': CMAKE_PREFIX_PATH=${CMAKE_PREFIX_PATH}:/home/manideep/FrankaSimulator_Ws/install/teleop_keyboard_pkg:/home/manideep/ws_moveit2/install/moveit_configs_utils:/home/manideep/ws_moveit2/install/launch_param_builder:/opt/ros/humble /usr/bin/cmake --build /home/manideep/FrankaSimulator_Ws/src/build/panda_ros2_gazebo -- -j16 -l16
[1.098s] DEBUG:colcon.colcon_core.event_handler.log_command:Invoking command in '/home/manideep/FrankaSimulator_Ws/src/build/panda_ros2_gazebo': CMAKE_PREFIX_PATH=${CMAKE_PREFIX_PATH}:/home/manideep/FrankaSimulator_Ws/install/teleop_keyboard_pkg:/home/manideep/ws_moveit2/install/moveit_configs_utils:/home/manideep/ws_moveit2/install/launch_param_builder:/opt/ros/humble /usr/bin/cmake --install /home/manideep/FrankaSimulator_Ws/src/build/panda_ros2_gazebo
[1.135s] Level 1:colcon.colcon_core.environment:create_environment_scripts_only(panda_ros2_gazebo)
[1.136s] Level 1:colcon.colcon_core.environment:checking '/home/manideep/FrankaSimulator_Ws/src/install/panda_ros2_gazebo' for CMake module files
[1.138s] DEBUG:colcon.colcon_core.event_handler.log_command:Invoked command in '/home/manideep/FrankaSimulator_Ws/src/build/panda_ros2_gazebo' returned '0': CMAKE_PREFIX_PATH=${CMAKE_PREFIX_PATH}:/home/manideep/FrankaSimulator_Ws/install/teleop_keyboard_pkg:/home/manideep/ws_moveit2/install/moveit_configs_utils:/home/manideep/ws_moveit2/install/launch_param_builder:/opt/ros/humble /usr/bin/cmake --install /home/manideep/FrankaSimulator_Ws/src/build/panda_ros2_gazebo
[1.138s] Level 1:colcon.colcon_core.environment:checking '/home/manideep/FrankaSimulator_Ws/src/install/panda_ros2_gazebo' for CMake config files
[1.139s] Level 1:colcon.colcon_core.shell:create_environment_hook('panda_ros2_gazebo', 'cmake_prefix_path')
[1.140s] INFO:colcon.colcon_core.shell:Creating environment hook '/home/manideep/FrankaSimulator_Ws/src/install/panda_ros2_gazebo/share/panda_ros2_gazebo/hook/cmake_prefix_path.ps1'
[1.141s] INFO:colcon.colcon_core.shell:Creating environment descriptor '/home/manideep/FrankaSimulator_Ws/src/install/panda_ros2_gazebo/share/panda_ros2_gazebo/hook/cmake_prefix_path.dsv'
[1.141s] INFO:colcon.colcon_core.shell:Creating environment hook '/home/manideep/FrankaSimulator_Ws/src/install/panda_ros2_gazebo/share/panda_ros2_gazebo/hook/cmake_prefix_path.sh'
[1.143s] Level 1:colcon.colcon_core.environment:checking '/home/manideep/FrankaSimulator_Ws/src/install/panda_ros2_gazebo/bin'
[1.143s] Level 1:colcon.colcon_core.environment:checking '/home/manideep/FrankaSimulator_Ws/src/install/panda_ros2_gazebo/lib/pkgconfig/panda_ros2_gazebo.pc'
[1.144s] Level 1:colcon.colcon_core.environment:checking '/home/manideep/FrankaSimulator_Ws/src/install/panda_ros2_gazebo/lib/python3.10/site-packages'
[1.144s] Level 1:colcon.colcon_core.environment:checking '/home/manideep/FrankaSimulator_Ws/src/install/panda_ros2_gazebo/bin'
[1.144s] INFO:colcon.colcon_core.shell:Creating package script '/home/manideep/FrankaSimulator_Ws/src/install/panda_ros2_gazebo/share/panda_ros2_gazebo/package.ps1'
[1.145s] INFO:colcon.colcon_core.shell:Creating package descriptor '/home/manideep/FrankaSimulator_Ws/src/install/panda_ros2_gazebo/share/panda_ros2_gazebo/package.dsv'
[1.146s] INFO:colcon.colcon_core.shell:Creating package script '/home/manideep/FrankaSimulator_Ws/src/install/panda_ros2_gazebo/share/panda_ros2_gazebo/package.sh'
[1.147s] INFO:colcon.colcon_core.shell:Creating package script '/home/manideep/FrankaSimulator_Ws/src/install/panda_ros2_gazebo/share/panda_ros2_gazebo/package.bash'
[1.147s] INFO:colcon.colcon_core.shell:Creating package script '/home/manideep/FrankaSimulator_Ws/src/install/panda_ros2_gazebo/share/panda_ros2_gazebo/package.zsh'
[1.148s] Level 1:colcon.colcon_core.environment:create_file_with_runtime_dependencies(/home/manideep/FrankaSimulator_Ws/src/install/panda_ros2_gazebo/share/colcon-core/packages/panda_ros2_gazebo)
[1.149s] Level 1:colcon.colcon_core.environment:create_environment_scripts_only(panda_ros2_gazebo)
[1.150s] Level 1:colcon.colcon_core.environment:checking '/home/manideep/FrankaSimulator_Ws/src/install/panda_ros2_gazebo' for CMake module files
[1.150s] Level 1:colcon.colcon_core.environment:checking '/home/manideep/FrankaSimulator_Ws/src/install/panda_ros2_gazebo' for CMake config files
[1.151s] Level 1:colcon.colcon_core.shell:create_environment_hook('panda_ros2_gazebo', 'cmake_prefix_path')
[1.151s] INFO:colcon.colcon_core.shell:Creating environment hook '/home/manideep/FrankaSimulator_Ws/src/install/panda_ros2_gazebo/share/panda_ros2_gazebo/hook/cmake_prefix_path.ps1'
[1.152s] INFO:colcon.colcon_core.shell:Creating environment descriptor '/home/manideep/FrankaSimulator_Ws/src/install/panda_ros2_gazebo/share/panda_ros2_gazebo/hook/cmake_prefix_path.dsv'
[1.153s] INFO:colcon.colcon_core.shell:Creating environment hook '/home/manideep/FrankaSimulator_Ws/src/install/panda_ros2_gazebo/share/panda_ros2_gazebo/hook/cmake_prefix_path.sh'
[1.155s] Level 1:colcon.colcon_core.environment:checking '/home/manideep/FrankaSimulator_Ws/src/install/panda_ros2_gazebo/bin'
[1.155s] Level 1:colcon.colcon_core.environment:checking '/home/manideep/FrankaSimulator_Ws/src/install/panda_ros2_gazebo/lib/pkgconfig/panda_ros2_gazebo.pc'
[1.156s] Level 1:colcon.colcon_core.environment:checking '/home/manideep/FrankaSimulator_Ws/src/install/panda_ros2_gazebo/lib/python3.10/site-packages'
[1.156s] Level 1:colcon.colcon_core.environment:checking '/home/manideep/FrankaSimulator_Ws/src/install/panda_ros2_gazebo/bin'
[1.157s] INFO:colcon.colcon_core.shell:Creating package script '/home/manideep/FrankaSimulator_Ws/src/install/panda_ros2_gazebo/share/panda_ros2_gazebo/package.ps1'
[1.159s] INFO:colcon.colcon_core.shell:Creating package descriptor '/home/manideep/FrankaSimulator_Ws/src/install/panda_ros2_gazebo/share/panda_ros2_gazebo/package.dsv'
[1.160s] INFO:colcon.colcon_core.shell:Creating package script '/home/manideep/FrankaSimulator_Ws/src/install/panda_ros2_gazebo/share/panda_ros2_gazebo/package.sh'
[1.161s] INFO:colcon.colcon_core.shell:Creating package script '/home/manideep/FrankaSimulator_Ws/src/install/panda_ros2_gazebo/share/panda_ros2_gazebo/package.bash'
[1.162s] INFO:colcon.colcon_core.shell:Creating package script '/home/manideep/FrankaSimulator_Ws/src/install/panda_ros2_gazebo/share/panda_ros2_gazebo/package.zsh'
[1.163s] Level 1:colcon.colcon_core.environment:create_file_with_runtime_dependencies(/home/manideep/FrankaSimulator_Ws/src/install/panda_ros2_gazebo/share/colcon-core/packages/panda_ros2_gazebo)
[2.043s] DEBUG:colcon.colcon_core.event_handler.log_command:Invoked command in '/home/manideep/FrankaSimulator_Ws/src/build/ros2_data' returned '0': CMAKE_PREFIX_PATH=${CMAKE_PREFIX_PATH}:/home/manideep/FrankaSimulator_Ws/install/teleop_keyboard_pkg:/home/manideep/ws_moveit2/install/moveit_configs_utils:/home/manideep/ws_moveit2/install/launch_param_builder:/opt/ros/humble /usr/bin/cmake /home/manideep/FrankaSimulator_Ws/src/ros2_data -DCMAKE_INSTALL_PREFIX=/home/manideep/FrankaSimulator_Ws/src/install/ros2_data
[2.045s] DEBUG:colcon.colcon_core.event_handler.log_command:Invoking command in '/home/manideep/FrankaSimulator_Ws/src/build/ros2_data': CMAKE_PREFIX_PATH=${CMAKE_PREFIX_PATH}:/home/manideep/FrankaSimulator_Ws/install/teleop_keyboard_pkg:/home/manideep/ws_moveit2/install/moveit_configs_utils:/home/manideep/ws_moveit2/install/launch_param_builder:/opt/ros/humble /usr/bin/cmake --build /home/manideep/FrankaSimulator_Ws/src/build/ros2_data -- -j16 -l16
[3.316s] DEBUG:colcon.colcon_core.event_handler.log_command:Invoked command in '/home/manideep/FrankaSimulator_Ws/src/build/gazebo_ros2_control' returned '0': CMAKE_PREFIX_PATH=${CMAKE_PREFIX_PATH}:/home/manideep/FrankaSimulator_Ws/install/teleop_keyboard_pkg:/home/manideep/ws_moveit2/install/moveit_configs_utils:/home/manideep/ws_moveit2/install/launch_param_builder:/opt/ros/humble /usr/bin/cmake /home/manideep/FrankaSimulator_Ws/src/gazebo_ros2_control/gazebo_ros2_control -DCMAKE_INSTALL_PREFIX=/home/manideep/FrankaSimulator_Ws/src/install/gazebo_ros2_control
[3.318s] DEBUG:colcon.colcon_core.event_handler.log_command:Invoking command in '/home/manideep/FrankaSimulator_Ws/src/build/gazebo_ros2_control': CMAKE_PREFIX_PATH=${CMAKE_PREFIX_PATH}:/home/manideep/FrankaSimulator_Ws/install/teleop_keyboard_pkg:/home/manideep/ws_moveit2/install/moveit_configs_utils:/home/manideep/ws_moveit2/install/launch_param_builder:/opt/ros/humble /usr/bin/cmake --build /home/manideep/FrankaSimulator_Ws/src/build/gazebo_ros2_control -- -j16 -l16
[13.525s] DEBUG:colcon.colcon_core.event_handler.log_command:Invoked command in '/home/manideep/FrankaSimulator_Ws/src/build/ros2_data' returned '0': CMAKE_PREFIX_PATH=${CMAKE_PREFIX_PATH}:/home/manideep/FrankaSimulator_Ws/install/teleop_keyboard_pkg:/home/manideep/ws_moveit2/install/moveit_configs_utils:/home/manideep/ws_moveit2/install/launch_param_builder:/opt/ros/humble /usr/bin/cmake --build /home/manideep/FrankaSimulator_Ws/src/build/ros2_data -- -j16 -l16
[13.527s] DEBUG:colcon.colcon_core.event_handler.log_command:Invoking command in '/home/manideep/FrankaSimulator_Ws/src/build/ros2_data': CMAKE_PREFIX_PATH=${CMAKE_PREFIX_PATH}:/home/manideep/FrankaSimulator_Ws/install/teleop_keyboard_pkg:/home/manideep/ws_moveit2/install/moveit_configs_utils:/home/manideep/ws_moveit2/install/launch_param_builder:/opt/ros/humble /usr/bin/cmake --install /home/manideep/FrankaSimulator_Ws/src/build/ros2_data
[13.646s] Level 1:colcon.colcon_core.environment:create_environment_scripts_only(ros2_data)
[13.647s] Level 1:colcon.colcon_core.environment:checking '/home/manideep/FrankaSimulator_Ws/src/install/ros2_data' for CMake module files
[13.647s] DEBUG:colcon.colcon_core.event_handler.log_command:Invoked command in '/home/manideep/FrankaSimulator_Ws/src/build/ros2_data' returned '0': CMAKE_PREFIX_PATH=${CMAKE_PREFIX_PATH}:/home/manideep/FrankaSimulator_Ws/install/teleop_keyboard_pkg:/home/manideep/ws_moveit2/install/moveit_configs_utils:/home/manideep/ws_moveit2/install/launch_param_builder:/opt/ros/humble /usr/bin/cmake --install /home/manideep/FrankaSimulator_Ws/src/build/ros2_data
[13.648s] Level 1:colcon.colcon_core.environment:checking '/home/manideep/FrankaSimulator_Ws/src/install/ros2_data' for CMake config files
[13.648s] Level 1:colcon.colcon_core.shell:create_environment_hook('ros2_data', 'cmake_prefix_path')
[13.648s] INFO:colcon.colcon_core.shell:Creating environment hook '/home/manideep/FrankaSimulator_Ws/src/install/ros2_data/share/ros2_data/hook/cmake_prefix_path.ps1'
[13.649s] INFO:colcon.colcon_core.shell:Creating environment descriptor '/home/manideep/FrankaSimulator_Ws/src/install/ros2_data/share/ros2_data/hook/cmake_prefix_path.dsv'
[13.649s] INFO:colcon.colcon_core.shell:Creating environment hook '/home/manideep/FrankaSimulator_Ws/src/install/ros2_data/share/ros2_data/hook/cmake_prefix_path.sh'
[13.649s] Level 1:colcon.colcon_core.environment:checking '/home/manideep/FrankaSimulator_Ws/src/install/ros2_data/lib'
[13.649s] Level 1:colcon.colcon_core.shell:create_environment_hook('ros2_data', 'ld_library_path_lib')
[13.650s] INFO:colcon.colcon_core.shell:Creating environment hook '/home/manideep/FrankaSimulator_Ws/src/install/ros2_data/share/ros2_data/hook/ld_library_path_lib.ps1'
[13.650s] INFO:colcon.colcon_core.shell:Creating environment descriptor '/home/manideep/FrankaSimulator_Ws/src/install/ros2_data/share/ros2_data/hook/ld_library_path_lib.dsv'
[13.650s] INFO:colcon.colcon_core.shell:Creating environment hook '/home/manideep/FrankaSimulator_Ws/src/install/ros2_data/share/ros2_data/hook/ld_library_path_lib.sh'
[13.650s] Level 1:colcon.colcon_core.environment:checking '/home/manideep/FrankaSimulator_Ws/src/install/ros2_data/bin'
[13.650s] Level 1:colcon.colcon_core.environment:checking '/home/manideep/FrankaSimulator_Ws/src/install/ros2_data/lib/pkgconfig/ros2_data.pc'
[13.650s] Level 1:colcon.colcon_core.environment:checking '/home/manideep/FrankaSimulator_Ws/src/install/ros2_data/lib/python3.10/site-packages'
[13.651s] Level 1:colcon.colcon_core.shell:create_environment_hook('ros2_data', 'pythonpath')
[13.651s] INFO:colcon.colcon_core.shell:Creating environment hook '/home/manideep/FrankaSimulator_Ws/src/install/ros2_data/share/ros2_data/hook/pythonpath.ps1'
[13.651s] INFO:colcon.colcon_core.shell:Creating environment descriptor '/home/manideep/FrankaSimulator_Ws/src/install/ros2_data/share/ros2_data/hook/pythonpath.dsv'
[13.651s] INFO:colcon.colcon_core.shell:Creating environment hook '/home/manideep/FrankaSimulator_Ws/src/install/ros2_data/share/ros2_data/hook/pythonpath.sh'
[13.651s] Level 1:colcon.colcon_core.environment:checking '/home/manideep/FrankaSimulator_Ws/src/install/ros2_data/bin'
[13.652s] INFO:colcon.colcon_core.shell:Creating package script '/home/manideep/FrankaSimulator_Ws/src/install/ros2_data/share/ros2_data/package.ps1'
[13.652s] INFO:colcon.colcon_core.shell:Creating package descriptor '/home/manideep/FrankaSimulator_Ws/src/install/ros2_data/share/ros2_data/package.dsv'
[13.652s] INFO:colcon.colcon_core.shell:Creating package script '/home/manideep/FrankaSimulator_Ws/src/install/ros2_data/share/ros2_data/package.sh'
[13.652s] INFO:colcon.colcon_core.shell:Creating package script '/home/manideep/FrankaSimulator_Ws/src/install/ros2_data/share/ros2_data/package.bash'
[13.653s] INFO:colcon.colcon_core.shell:Creating package script '/home/manideep/FrankaSimulator_Ws/src/install/ros2_data/share/ros2_data/package.zsh'
[13.653s] Level 1:colcon.colcon_core.environment:create_file_with_runtime_dependencies(/home/manideep/FrankaSimulator_Ws/src/install/ros2_data/share/colcon-core/packages/ros2_data)
[13.653s] Level 1:colcon.colcon_core.environment:create_environment_scripts_only(ros2_data)
[13.653s] Level 1:colcon.colcon_core.environment:checking '/home/manideep/FrankaSimulator_Ws/src/install/ros2_data' for CMake module files
[13.654s] Level 1:colcon.colcon_core.environment:checking '/home/manideep/FrankaSimulator_Ws/src/install/ros2_data' for CMake config files
[13.654s] Level 1:colcon.colcon_core.shell:create_environment_hook('ros2_data', 'cmake_prefix_path')
[13.654s] INFO:colcon.colcon_core.shell:Creating environment hook '/home/manideep/FrankaSimulator_Ws/src/install/ros2_data/share/ros2_data/hook/cmake_prefix_path.ps1'
[13.655s] INFO:colcon.colcon_core.shell:Creating environment descriptor '/home/manideep/FrankaSimulator_Ws/src/install/ros2_data/share/ros2_data/hook/cmake_prefix_path.dsv'
[13.655s] INFO:colcon.colcon_core.shell:Creating environment hook '/home/manideep/FrankaSimulator_Ws/src/install/ros2_data/share/ros2_data/hook/cmake_prefix_path.sh'
[13.655s] Level 1:colcon.colcon_core.environment:checking '/home/manideep/FrankaSimulator_Ws/src/install/ros2_data/lib'
[13.655s] Level 1:colcon.colcon_core.shell:create_environment_hook('ros2_data', 'ld_library_path_lib')
[13.656s] INFO:colcon.colcon_core.shell:Creating environment hook '/home/manideep/FrankaSimulator_Ws/src/install/ros2_data/share/ros2_data/hook/ld_library_path_lib.ps1'
[13.656s] INFO:colcon.colcon_core.shell:Creating environment descriptor '/home/manideep/FrankaSimulator_Ws/src/install/ros2_data/share/ros2_data/hook/ld_library_path_lib.dsv'
[13.656s] INFO:colcon.colcon_core.shell:Creating environment hook '/home/manideep/FrankaSimulator_Ws/src/install/ros2_data/share/ros2_data/hook/ld_library_path_lib.sh'
[13.656s] Level 1:colcon.colcon_core.environment:checking '/home/manideep/FrankaSimulator_Ws/src/install/ros2_data/bin'
[13.656s] Level 1:colcon.colcon_core.environment:checking '/home/manideep/FrankaSimulator_Ws/src/install/ros2_data/lib/pkgconfig/ros2_data.pc'
[13.656s] Level 1:colcon.colcon_core.environment:checking '/home/manideep/FrankaSimulator_Ws/src/install/ros2_data/lib/python3.10/site-packages'
[13.656s] Level 1:colcon.colcon_core.shell:create_environment_hook('ros2_data', 'pythonpath')
[13.656s] INFO:colcon.colcon_core.shell:Creating environment hook '/home/manideep/FrankaSimulator_Ws/src/install/ros2_data/share/ros2_data/hook/pythonpath.ps1'
[13.657s] INFO:colcon.colcon_core.shell:Creating environment descriptor '/home/manideep/FrankaSimulator_Ws/src/install/ros2_data/share/ros2_data/hook/pythonpath.dsv'
[13.657s] INFO:colcon.colcon_core.shell:Creating environment hook '/home/manideep/FrankaSimulator_Ws/src/install/ros2_data/share/ros2_data/hook/pythonpath.sh'
[13.657s] Level 1:colcon.colcon_core.environment:checking '/home/manideep/FrankaSimulator_Ws/src/install/ros2_data/bin'
[13.657s] INFO:colcon.colcon_core.shell:Creating package script '/home/manideep/FrankaSimulator_Ws/src/install/ros2_data/share/ros2_data/package.ps1'
[13.658s] INFO:colcon.colcon_core.shell:Creating package descriptor '/home/manideep/FrankaSimulator_Ws/src/install/ros2_data/share/ros2_data/package.dsv'
[13.658s] INFO:colcon.colcon_core.shell:Creating package script '/home/manideep/FrankaSimulator_Ws/src/install/ros2_data/share/ros2_data/package.sh'
[13.658s] INFO:colcon.colcon_core.shell:Creating package script '/home/manideep/FrankaSimulator_Ws/src/install/ros2_data/share/ros2_data/package.bash'
[13.659s] INFO:colcon.colcon_core.shell:Creating package script '/home/manideep/FrankaSimulator_Ws/src/install/ros2_data/share/ros2_data/package.zsh'
[13.659s] Level 1:colcon.colcon_core.environment:create_file_with_runtime_dependencies(/home/manideep/FrankaSimulator_Ws/src/install/ros2_data/share/colcon-core/packages/ros2_data)
[13.659s] INFO:colcon.colcon_ros.task.ament_cmake.build:Building ROS package in '/home/manideep/FrankaSimulator_Ws/src/PandaRobot/panda_ros2_moveit2' with build type 'ament_cmake'
[13.659s] INFO:colcon.colcon_cmake.task.cmake.build:Building CMake package in '/home/manideep/FrankaSimulator_Ws/src/PandaRobot/panda_ros2_moveit2'
[13.659s] INFO:colcon.colcon_core.shell:Skip shell extension 'powershell' for command environment: Not usable outside of PowerShell
[13.659s] DEBUG:colcon.colcon_core.shell:Skip shell extension 'dsv' for command environment
[13.665s] INFO:colcon.colcon_ros.task.ament_cmake.build:Building ROS package in '/home/manideep/FrankaSimulator_Ws/src/ros2_actions' with build type 'ament_cmake'
[13.665s] INFO:colcon.colcon_cmake.task.cmake.build:Building CMake package in '/home/manideep/FrankaSimulator_Ws/src/ros2_actions'
[13.665s] INFO:colcon.colcon_core.shell:Skip shell extension 'powershell' for command environment: Not usable outside of PowerShell
[13.665s] DEBUG:colcon.colcon_core.shell:Skip shell extension 'dsv' for command environment
[13.677s] DEBUG:colcon.colcon_core.event_handler.log_command:Invoking command in '/home/manideep/FrankaSimulator_Ws/src/build/panda_ros2_moveit2': AMENT_PREFIX_PATH=/home/manideep/FrankaSimulator_Ws/src/install/ros2_data:${AMENT_PREFIX_PATH} CMAKE_PREFIX_PATH=/home/manideep/FrankaSimulator_Ws/src/install/ros2_data:/home/manideep/FrankaSimulator_Ws/install/ros2_actions:/home/manideep/FrankaSimulator_Ws/install/panda_ros2_moveit2:/home/manideep/FrankaSimulator_Ws/install/ros2_data:/home/manideep/FrankaSimulator_Ws/install/panda_ros2_gazebo:/home/manideep/FrankaSimulator_Ws/install/gazebo_ros2_control_demos:/home/manideep/FrankaSimulator_Ws/install/gazebo_ros2_control:/home/manideep/ws_moveit2/install/pilz_industrial_motion_planner_testutils:/home/manideep/ws_moveit2/install/moveit_runtime:/home/manideep/ws_moveit2/install/moveit2_tutorials:/home/manideep/ws_moveit2/install/moveit:/home/manideep/ws_moveit2/install/moveit_planners:/home/manideep/ws_moveit2/install/pilz_industrial_motion_planner:/home/manideep/ws_moveit2/install/moveit_visual_tools:/home/manideep/ws_moveit2/install/moveit_task_constructor_visualization:/home/manideep/ws_moveit2/install/moveit_task_constructor_demo:/home/manideep/ws_moveit2/install/moveit_task_constructor_capabilities:/home/manideep/ws_moveit2/install/moveit_task_constructor_core:/home/manideep/ws_moveit2/install/moveit_ros_control_interface:/home/manideep/ws_moveit2/install/moveit_plugins:/home/manideep/ws_moveit2/install/moveit_simple_controller_manager:/home/manideep/ws_moveit2/install/moveit_setup_assistant:/home/manideep/ws_moveit2/install/moveit_setup_srdf_plugins:/home/manideep/ws_moveit2/install/moveit_setup_core_plugins:/home/manideep/ws_moveit2/install/moveit_setup_controllers:/home/manideep/ws_moveit2/install/moveit_setup_app_plugins:/home/manideep/ws_moveit2/install/moveit_setup_framework:/home/manideep/ws_moveit2/install/moveit_servo:/home/manideep/ws_moveit2/install/moveit_ros:/home/manideep/ws_moveit2/install/moveit_ros_visualization:/home/manideep/ws_moveit2/install/moveit_hybrid_planning:/home/manideep/ws_moveit2/install/moveit_ros_planning_interface:/home/manideep/ws_moveit2/install/moveit_ros_benchmarks:/home/manideep/ws_moveit2/install/moveit_ros_warehouse:/home/manideep/ws_moveit2/install/moveit_ros_robot_interaction:/home/manideep/ws_moveit2/install/moveit_ros_perception:/home/manideep/ws_moveit2/install/moveit_resources_prbt_pg70_support:/home/manideep/ws_moveit2/install/moveit_resources_prbt_moveit_config:/home/manideep/ws_moveit2/install/moveit_ros_move_group:/home/manideep/ws_moveit2/install/moveit_planners_ompl:/home/manideep/ws_moveit2/install/moveit_ros_planning:/home/manideep/ws_moveit2/install/moveit_ros_occupancy_map_monitor:/home/manideep/ws_moveit2/install/moveit_resources_prbt_ikfast_manipulator_plugin:/home/manideep/ws_moveit2/install/moveit_planners_chomp:/home/manideep/ws_moveit2/install/moveit_kinematics:/home/manideep/ws_moveit2/install/moveit_chomp_optimizer_adapter:/home/manideep/ws_moveit2/install/chomp_motion_planner:/home/manideep/ws_moveit2/install/moveit_core:/home/manideep/ws_moveit2/install/srdfdom:/home/manideep/ws_moveit2/install/rviz_marker_tools:/home/manideep/ws_moveit2/install/rosparam_shortcuts:/home/manideep/ws_moveit2/install/my_environment_package:/home/manideep/ws_moveit2/install/moveit_task_constructor_msgs:/home/manideep/ws_moveit2/install/moveit_resources_prbt_support:/home/manideep/ws_moveit2/install/moveit_resources:/home/manideep/ws_moveit2/install/moveit_resources_pr2_description:/home/manideep/ws_moveit2/install/moveit_resources_panda_moveit_config:/home/manideep/ws_moveit2/install/moveit_resources_panda_description:/home/manideep/ws_moveit2/install/moveit_resources_fanuc_moveit_config:/home/manideep/ws_moveit2/install/moveit_resources_fanuc_description:/home/manideep/ws_moveit2/install/moveit_common:/home/manideep/FrankaSimulator_Ws/install/teleop_keyboard_pkg:/home/manideep/ws_moveit2/install/moveit_configs_utils:/home/manideep/ws_moveit2/install/launch_param_builder:/opt/ros/humble LD_LIBRARY_PATH=/home/manideep/FrankaSimulator_Ws/src/install/ros2_data/lib:${LD_LIBRARY_PATH} PYTHONPATH=/home/manideep/FrankaSimulator_Ws/src/install/ros2_data/lib/python3.10/site-packages:${PYTHONPATH} /usr/bin/cmake /home/manideep/FrankaSimulator_Ws/src/PandaRobot/panda_ros2_moveit2 -DCMAKE_INSTALL_PREFIX=/home/manideep/FrankaSimulator_Ws/src/install/panda_ros2_moveit2
[13.684s] DEBUG:colcon.colcon_core.event_handler.log_command:Invoking command in '/home/manideep/FrankaSimulator_Ws/src/build/ros2_actions': AMENT_PREFIX_PATH=/home/manideep/FrankaSimulator_Ws/src/install/ros2_data:${AMENT_PREFIX_PATH} CMAKE_PREFIX_PATH=/home/manideep/FrankaSimulator_Ws/src/install/ros2_data:/home/manideep/FrankaSimulator_Ws/install/ros2_actions:/home/manideep/FrankaSimulator_Ws/install/panda_ros2_moveit2:/home/manideep/FrankaSimulator_Ws/install/ros2_data:/home/manideep/FrankaSimulator_Ws/install/panda_ros2_gazebo:/home/manideep/FrankaSimulator_Ws/install/gazebo_ros2_control_demos:/home/manideep/FrankaSimulator_Ws/install/gazebo_ros2_control:/home/manideep/ws_moveit2/install/pilz_industrial_motion_planner_testutils:/home/manideep/ws_moveit2/install/moveit_runtime:/home/manideep/ws_moveit2/install/moveit2_tutorials:/home/manideep/ws_moveit2/install/moveit:/home/manideep/ws_moveit2/install/moveit_planners:/home/manideep/ws_moveit2/install/pilz_industrial_motion_planner:/home/manideep/ws_moveit2/install/moveit_visual_tools:/home/manideep/ws_moveit2/install/moveit_task_constructor_visualization:/home/manideep/ws_moveit2/install/moveit_task_constructor_demo:/home/manideep/ws_moveit2/install/moveit_task_constructor_capabilities:/home/manideep/ws_moveit2/install/moveit_task_constructor_core:/home/manideep/ws_moveit2/install/moveit_ros_control_interface:/home/manideep/ws_moveit2/install/moveit_plugins:/home/manideep/ws_moveit2/install/moveit_simple_controller_manager:/home/manideep/ws_moveit2/install/moveit_setup_assistant:/home/manideep/ws_moveit2/install/moveit_setup_srdf_plugins:/home/manideep/ws_moveit2/install/moveit_setup_core_plugins:/home/manideep/ws_moveit2/install/moveit_setup_controllers:/home/manideep/ws_moveit2/install/moveit_setup_app_plugins:/home/manideep/ws_moveit2/install/moveit_setup_framework:/home/manideep/ws_moveit2/install/moveit_servo:/home/manideep/ws_moveit2/install/moveit_ros:/home/manideep/ws_moveit2/install/moveit_ros_visualization:/home/manideep/ws_moveit2/install/moveit_hybrid_planning:/home/manideep/ws_moveit2/install/moveit_ros_planning_interface:/home/manideep/ws_moveit2/install/moveit_ros_benchmarks:/home/manideep/ws_moveit2/install/moveit_ros_warehouse:/home/manideep/ws_moveit2/install/moveit_ros_robot_interaction:/home/manideep/ws_moveit2/install/moveit_ros_perception:/home/manideep/ws_moveit2/install/moveit_resources_prbt_pg70_support:/home/manideep/ws_moveit2/install/moveit_resources_prbt_moveit_config:/home/manideep/ws_moveit2/install/moveit_ros_move_group:/home/manideep/ws_moveit2/install/moveit_planners_ompl:/home/manideep/ws_moveit2/install/moveit_ros_planning:/home/manideep/ws_moveit2/install/moveit_ros_occupancy_map_monitor:/home/manideep/ws_moveit2/install/moveit_resources_prbt_ikfast_manipulator_plugin:/home/manideep/ws_moveit2/install/moveit_planners_chomp:/home/manideep/ws_moveit2/install/moveit_kinematics:/home/manideep/ws_moveit2/install/moveit_chomp_optimizer_adapter:/home/manideep/ws_moveit2/install/chomp_motion_planner:/home/manideep/ws_moveit2/install/moveit_core:/home/manideep/ws_moveit2/install/srdfdom:/home/manideep/ws_moveit2/install/rviz_marker_tools:/home/manideep/ws_moveit2/install/rosparam_shortcuts:/home/manideep/ws_moveit2/install/my_environment_package:/home/manideep/ws_moveit2/install/moveit_task_constructor_msgs:/home/manideep/ws_moveit2/install/moveit_resources_prbt_support:/home/manideep/ws_moveit2/install/moveit_resources:/home/manideep/ws_moveit2/install/moveit_resources_pr2_description:/home/manideep/ws_moveit2/install/moveit_resources_panda_moveit_config:/home/manideep/ws_moveit2/install/moveit_resources_panda_description:/home/manideep/ws_moveit2/install/moveit_resources_fanuc_moveit_config:/home/manideep/ws_moveit2/install/moveit_resources_fanuc_description:/home/manideep/ws_moveit2/install/moveit_common:/home/manideep/FrankaSimulator_Ws/install/teleop_keyboard_pkg:/home/manideep/ws_moveit2/install/moveit_configs_utils:/home/manideep/ws_moveit2/install/launch_param_builder:/opt/ros/humble LD_LIBRARY_PATH=/home/manideep/FrankaSimulator_Ws/src/install/ros2_data/lib:${LD_LIBRARY_PATH} PYTHONPATH=/home/manideep/FrankaSimulator_Ws/src/install/ros2_data/lib/python3.10/site-packages:${PYTHONPATH} /usr/bin/cmake /home/manideep/FrankaSimulator_Ws/src/ros2_actions -DCMAKE_INSTALL_PREFIX=/home/manideep/FrankaSimulator_Ws/src/install/ros2_actions
[14.406s] DEBUG:colcon.colcon_core.event_handler.log_command:Invoked command in '/home/manideep/FrankaSimulator_Ws/src/build/panda_ros2_moveit2' returned '0': AMENT_PREFIX_PATH=/home/manideep/FrankaSimulator_Ws/src/install/ros2_data:${AMENT_PREFIX_PATH} CMAKE_PREFIX_PATH=/home/manideep/FrankaSimulator_Ws/src/install/ros2_data:/home/manideep/FrankaSimulator_Ws/install/ros2_actions:/home/manideep/FrankaSimulator_Ws/install/panda_ros2_moveit2:/home/manideep/FrankaSimulator_Ws/install/ros2_data:/home/manideep/FrankaSimulator_Ws/install/panda_ros2_gazebo:/home/manideep/FrankaSimulator_Ws/install/gazebo_ros2_control_demos:/home/manideep/FrankaSimulator_Ws/install/gazebo_ros2_control:/home/manideep/ws_moveit2/install/pilz_industrial_motion_planner_testutils:/home/manideep/ws_moveit2/install/moveit_runtime:/home/manideep/ws_moveit2/install/moveit2_tutorials:/home/manideep/ws_moveit2/install/moveit:/home/manideep/ws_moveit2/install/moveit_planners:/home/manideep/ws_moveit2/install/pilz_industrial_motion_planner:/home/manideep/ws_moveit2/install/moveit_visual_tools:/home/manideep/ws_moveit2/install/moveit_task_constructor_visualization:/home/manideep/ws_moveit2/install/moveit_task_constructor_demo:/home/manideep/ws_moveit2/install/moveit_task_constructor_capabilities:/home/manideep/ws_moveit2/install/moveit_task_constructor_core:/home/manideep/ws_moveit2/install/moveit_ros_control_interface:/home/manideep/ws_moveit2/install/moveit_plugins:/home/manideep/ws_moveit2/install/moveit_simple_controller_manager:/home/manideep/ws_moveit2/install/moveit_setup_assistant:/home/manideep/ws_moveit2/install/moveit_setup_srdf_plugins:/home/manideep/ws_moveit2/install/moveit_setup_core_plugins:/home/manideep/ws_moveit2/install/moveit_setup_controllers:/home/manideep/ws_moveit2/install/moveit_setup_app_plugins:/home/manideep/ws_moveit2/install/moveit_setup_framework:/home/manideep/ws_moveit2/install/moveit_servo:/home/manideep/ws_moveit2/install/moveit_ros:/home/manideep/ws_moveit2/install/moveit_ros_visualization:/home/manideep/ws_moveit2/install/moveit_hybrid_planning:/home/manideep/ws_moveit2/install/moveit_ros_planning_interface:/home/manideep/ws_moveit2/install/moveit_ros_benchmarks:/home/manideep/ws_moveit2/install/moveit_ros_warehouse:/home/manideep/ws_moveit2/install/moveit_ros_robot_interaction:/home/manideep/ws_moveit2/install/moveit_ros_perception:/home/manideep/ws_moveit2/install/moveit_resources_prbt_pg70_support:/home/manideep/ws_moveit2/install/moveit_resources_prbt_moveit_config:/home/manideep/ws_moveit2/install/moveit_ros_move_group:/home/manideep/ws_moveit2/install/moveit_planners_ompl:/home/manideep/ws_moveit2/install/moveit_ros_planning:/home/manideep/ws_moveit2/install/moveit_ros_occupancy_map_monitor:/home/manideep/ws_moveit2/install/moveit_resources_prbt_ikfast_manipulator_plugin:/home/manideep/ws_moveit2/install/moveit_planners_chomp:/home/manideep/ws_moveit2/install/moveit_kinematics:/home/manideep/ws_moveit2/install/moveit_chomp_optimizer_adapter:/home/manideep/ws_moveit2/install/chomp_motion_planner:/home/manideep/ws_moveit2/install/moveit_core:/home/manideep/ws_moveit2/install/srdfdom:/home/manideep/ws_moveit2/install/rviz_marker_tools:/home/manideep/ws_moveit2/install/rosparam_shortcuts:/home/manideep/ws_moveit2/install/my_environment_package:/home/manideep/ws_moveit2/install/moveit_task_constructor_msgs:/home/manideep/ws_moveit2/install/moveit_resources_prbt_support:/home/manideep/ws_moveit2/install/moveit_resources:/home/manideep/ws_moveit2/install/moveit_resources_pr2_description:/home/manideep/ws_moveit2/install/moveit_resources_panda_moveit_config:/home/manideep/ws_moveit2/install/moveit_resources_panda_description:/home/manideep/ws_moveit2/install/moveit_resources_fanuc_moveit_config:/home/manideep/ws_moveit2/install/moveit_resources_fanuc_description:/home/manideep/ws_moveit2/install/moveit_common:/home/manideep/FrankaSimulator_Ws/install/teleop_keyboard_pkg:/home/manideep/ws_moveit2/install/moveit_configs_utils:/home/manideep/ws_moveit2/install/launch_param_builder:/opt/ros/humble LD_LIBRARY_PATH=/home/manideep/FrankaSimulator_Ws/src/install/ros2_data/lib:${LD_LIBRARY_PATH} PYTHONPATH=/home/manideep/FrankaSimulator_Ws/src/install/ros2_data/lib/python3.10/site-packages:${PYTHONPATH} /usr/bin/cmake /home/manideep/FrankaSimulator_Ws/src/PandaRobot/panda_ros2_moveit2 -DCMAKE_INSTALL_PREFIX=/home/manideep/FrankaSimulator_Ws/src/install/panda_ros2_moveit2
[14.407s] DEBUG:colcon.colcon_core.event_handler.log_command:Invoking command in '/home/manideep/FrankaSimulator_Ws/src/build/panda_ros2_moveit2': AMENT_PREFIX_PATH=/home/manideep/FrankaSimulator_Ws/src/install/ros2_data:${AMENT_PREFIX_PATH} CMAKE_PREFIX_PATH=/home/manideep/FrankaSimulator_Ws/src/install/ros2_data:/home/manideep/FrankaSimulator_Ws/install/ros2_actions:/home/manideep/FrankaSimulator_Ws/install/panda_ros2_moveit2:/home/manideep/FrankaSimulator_Ws/install/ros2_data:/home/manideep/FrankaSimulator_Ws/install/panda_ros2_gazebo:/home/manideep/FrankaSimulator_Ws/install/gazebo_ros2_control_demos:/home/manideep/FrankaSimulator_Ws/install/gazebo_ros2_control:/home/manideep/ws_moveit2/install/pilz_industrial_motion_planner_testutils:/home/manideep/ws_moveit2/install/moveit_runtime:/home/manideep/ws_moveit2/install/moveit2_tutorials:/home/manideep/ws_moveit2/install/moveit:/home/manideep/ws_moveit2/install/moveit_planners:/home/manideep/ws_moveit2/install/pilz_industrial_motion_planner:/home/manideep/ws_moveit2/install/moveit_visual_tools:/home/manideep/ws_moveit2/install/moveit_task_constructor_visualization:/home/manideep/ws_moveit2/install/moveit_task_constructor_demo:/home/manideep/ws_moveit2/install/moveit_task_constructor_capabilities:/home/manideep/ws_moveit2/install/moveit_task_constructor_core:/home/manideep/ws_moveit2/install/moveit_ros_control_interface:/home/manideep/ws_moveit2/install/moveit_plugins:/home/manideep/ws_moveit2/install/moveit_simple_controller_manager:/home/manideep/ws_moveit2/install/moveit_setup_assistant:/home/manideep/ws_moveit2/install/moveit_setup_srdf_plugins:/home/manideep/ws_moveit2/install/moveit_setup_core_plugins:/home/manideep/ws_moveit2/install/moveit_setup_controllers:/home/manideep/ws_moveit2/install/moveit_setup_app_plugins:/home/manideep/ws_moveit2/install/moveit_setup_framework:/home/manideep/ws_moveit2/install/moveit_servo:/home/manideep/ws_moveit2/install/moveit_ros:/home/manideep/ws_moveit2/install/moveit_ros_visualization:/home/manideep/ws_moveit2/install/moveit_hybrid_planning:/home/manideep/ws_moveit2/install/moveit_ros_planning_interface:/home/manideep/ws_moveit2/install/moveit_ros_benchmarks:/home/manideep/ws_moveit2/install/moveit_ros_warehouse:/home/manideep/ws_moveit2/install/moveit_ros_robot_interaction:/home/manideep/ws_moveit2/install/moveit_ros_perception:/home/manideep/ws_moveit2/install/moveit_resources_prbt_pg70_support:/home/manideep/ws_moveit2/install/moveit_resources_prbt_moveit_config:/home/manideep/ws_moveit2/install/moveit_ros_move_group:/home/manideep/ws_moveit2/install/moveit_planners_ompl:/home/manideep/ws_moveit2/install/moveit_ros_planning:/home/manideep/ws_moveit2/install/moveit_ros_occupancy_map_monitor:/home/manideep/ws_moveit2/install/moveit_resources_prbt_ikfast_manipulator_plugin:/home/manideep/ws_moveit2/install/moveit_planners_chomp:/home/manideep/ws_moveit2/install/moveit_kinematics:/home/manideep/ws_moveit2/install/moveit_chomp_optimizer_adapter:/home/manideep/ws_moveit2/install/chomp_motion_planner:/home/manideep/ws_moveit2/install/moveit_core:/home/manideep/ws_moveit2/install/srdfdom:/home/manideep/ws_moveit2/install/rviz_marker_tools:/home/manideep/ws_moveit2/install/rosparam_shortcuts:/home/manideep/ws_moveit2/install/my_environment_package:/home/manideep/ws_moveit2/install/moveit_task_constructor_msgs:/home/manideep/ws_moveit2/install/moveit_resources_prbt_support:/home/manideep/ws_moveit2/install/moveit_resources:/home/manideep/ws_moveit2/install/moveit_resources_pr2_description:/home/manideep/ws_moveit2/install/moveit_resources_panda_moveit_config:/home/manideep/ws_moveit2/install/moveit_resources_panda_description:/home/manideep/ws_moveit2/install/moveit_resources_fanuc_moveit_config:/home/manideep/ws_moveit2/install/moveit_resources_fanuc_description:/home/manideep/ws_moveit2/install/moveit_common:/home/manideep/FrankaSimulator_Ws/install/teleop_keyboard_pkg:/home/manideep/ws_moveit2/install/moveit_configs_utils:/home/manideep/ws_moveit2/install/launch_param_builder:/opt/ros/humble LD_LIBRARY_PATH=/home/manideep/FrankaSimulator_Ws/src/install/ros2_data/lib:${LD_LIBRARY_PATH} PYTHONPATH=/home/manideep/FrankaSimulator_Ws/src/install/ros2_data/lib/python3.10/site-packages:${PYTHONPATH} /usr/bin/cmake --build /home/manideep/FrankaSimulator_Ws/src/build/panda_ros2_moveit2 -- -j16 -l16
[14.454s] DEBUG:colcon.colcon_core.event_handler.log_command:Invoked command in '/home/manideep/FrankaSimulator_Ws/src/build/panda_ros2_moveit2' returned '0': AMENT_PREFIX_PATH=/home/manideep/FrankaSimulator_Ws/src/install/ros2_data:${AMENT_PREFIX_PATH} CMAKE_PREFIX_PATH=/home/manideep/FrankaSimulator_Ws/src/install/ros2_data:/home/manideep/FrankaSimulator_Ws/install/ros2_actions:/home/manideep/FrankaSimulator_Ws/install/panda_ros2_moveit2:/home/manideep/FrankaSimulator_Ws/install/ros2_data:/home/manideep/FrankaSimulator_Ws/install/panda_ros2_gazebo:/home/manideep/FrankaSimulator_Ws/install/gazebo_ros2_control_demos:/home/manideep/FrankaSimulator_Ws/install/gazebo_ros2_control:/home/manideep/ws_moveit2/install/pilz_industrial_motion_planner_testutils:/home/manideep/ws_moveit2/install/moveit_runtime:/home/manideep/ws_moveit2/install/moveit2_tutorials:/home/manideep/ws_moveit2/install/moveit:/home/manideep/ws_moveit2/install/moveit_planners:/home/manideep/ws_moveit2/install/pilz_industrial_motion_planner:/home/manideep/ws_moveit2/install/moveit_visual_tools:/home/manideep/ws_moveit2/install/moveit_task_constructor_visualization:/home/manideep/ws_moveit2/install/moveit_task_constructor_demo:/home/manideep/ws_moveit2/install/moveit_task_constructor_capabilities:/home/manideep/ws_moveit2/install/moveit_task_constructor_core:/home/manideep/ws_moveit2/install/moveit_ros_control_interface:/home/manideep/ws_moveit2/install/moveit_plugins:/home/manideep/ws_moveit2/install/moveit_simple_controller_manager:/home/manideep/ws_moveit2/install/moveit_setup_assistant:/home/manideep/ws_moveit2/install/moveit_setup_srdf_plugins:/home/manideep/ws_moveit2/install/moveit_setup_core_plugins:/home/manideep/ws_moveit2/install/moveit_setup_controllers:/home/manideep/ws_moveit2/install/moveit_setup_app_plugins:/home/manideep/ws_moveit2/install/moveit_setup_framework:/home/manideep/ws_moveit2/install/moveit_servo:/home/manideep/ws_moveit2/install/moveit_ros:/home/manideep/ws_moveit2/install/moveit_ros_visualization:/home/manideep/ws_moveit2/install/moveit_hybrid_planning:/home/manideep/ws_moveit2/install/moveit_ros_planning_interface:/home/manideep/ws_moveit2/install/moveit_ros_benchmarks:/home/manideep/ws_moveit2/install/moveit_ros_warehouse:/home/manideep/ws_moveit2/install/moveit_ros_robot_interaction:/home/manideep/ws_moveit2/install/moveit_ros_perception:/home/manideep/ws_moveit2/install/moveit_resources_prbt_pg70_support:/home/manideep/ws_moveit2/install/moveit_resources_prbt_moveit_config:/home/manideep/ws_moveit2/install/moveit_ros_move_group:/home/manideep/ws_moveit2/install/moveit_planners_ompl:/home/manideep/ws_moveit2/install/moveit_ros_planning:/home/manideep/ws_moveit2/install/moveit_ros_occupancy_map_monitor:/home/manideep/ws_moveit2/install/moveit_resources_prbt_ikfast_manipulator_plugin:/home/manideep/ws_moveit2/install/moveit_planners_chomp:/home/manideep/ws_moveit2/install/moveit_kinematics:/home/manideep/ws_moveit2/install/moveit_chomp_optimizer_adapter:/home/manideep/ws_moveit2/install/chomp_motion_planner:/home/manideep/ws_moveit2/install/moveit_core:/home/manideep/ws_moveit2/install/srdfdom:/home/manideep/ws_moveit2/install/rviz_marker_tools:/home/manideep/ws_moveit2/install/rosparam_shortcuts:/home/manideep/ws_moveit2/install/my_environment_package:/home/manideep/ws_moveit2/install/moveit_task_constructor_msgs:/home/manideep/ws_moveit2/install/moveit_resources_prbt_support:/home/manideep/ws_moveit2/install/moveit_resources:/home/manideep/ws_moveit2/install/moveit_resources_pr2_description:/home/manideep/ws_moveit2/install/moveit_resources_panda_moveit_config:/home/manideep/ws_moveit2/install/moveit_resources_panda_description:/home/manideep/ws_moveit2/install/moveit_resources_fanuc_moveit_config:/home/manideep/ws_moveit2/install/moveit_resources_fanuc_description:/home/manideep/ws_moveit2/install/moveit_common:/home/manideep/FrankaSimulator_Ws/install/teleop_keyboard_pkg:/home/manideep/ws_moveit2/install/moveit_configs_utils:/home/manideep/ws_moveit2/install/launch_param_builder:/opt/ros/humble LD_LIBRARY_PATH=/home/manideep/FrankaSimulator_Ws/src/install/ros2_data/lib:${LD_LIBRARY_PATH} PYTHONPATH=/home/manideep/FrankaSimulator_Ws/src/install/ros2_data/lib/python3.10/site-packages:${PYTHONPATH} /usr/bin/cmake --build /home/manideep/FrankaSimulator_Ws/src/build/panda_ros2_moveit2 -- -j16 -l16
[14.455s] DEBUG:colcon.colcon_core.event_handler.log_command:Invoking command in '/home/manideep/FrankaSimulator_Ws/src/build/panda_ros2_moveit2': AMENT_PREFIX_PATH=/home/manideep/FrankaSimulator_Ws/src/install/ros2_data:${AMENT_PREFIX_PATH} CMAKE_PREFIX_PATH=/home/manideep/FrankaSimulator_Ws/src/install/ros2_data:/home/manideep/FrankaSimulator_Ws/install/ros2_actions:/home/manideep/FrankaSimulator_Ws/install/panda_ros2_moveit2:/home/manideep/FrankaSimulator_Ws/install/ros2_data:/home/manideep/FrankaSimulator_Ws/install/panda_ros2_gazebo:/home/manideep/FrankaSimulator_Ws/install/gazebo_ros2_control_demos:/home/manideep/FrankaSimulator_Ws/install/gazebo_ros2_control:/home/manideep/ws_moveit2/install/pilz_industrial_motion_planner_testutils:/home/manideep/ws_moveit2/install/moveit_runtime:/home/manideep/ws_moveit2/install/moveit2_tutorials:/home/manideep/ws_moveit2/install/moveit:/home/manideep/ws_moveit2/install/moveit_planners:/home/manideep/ws_moveit2/install/pilz_industrial_motion_planner:/home/manideep/ws_moveit2/install/moveit_visual_tools:/home/manideep/ws_moveit2/install/moveit_task_constructor_visualization:/home/manideep/ws_moveit2/install/moveit_task_constructor_demo:/home/manideep/ws_moveit2/install/moveit_task_constructor_capabilities:/home/manideep/ws_moveit2/install/moveit_task_constructor_core:/home/manideep/ws_moveit2/install/moveit_ros_control_interface:/home/manideep/ws_moveit2/install/moveit_plugins:/home/manideep/ws_moveit2/install/moveit_simple_controller_manager:/home/manideep/ws_moveit2/install/moveit_setup_assistant:/home/manideep/ws_moveit2/install/moveit_setup_srdf_plugins:/home/manideep/ws_moveit2/install/moveit_setup_core_plugins:/home/manideep/ws_moveit2/install/moveit_setup_controllers:/home/manideep/ws_moveit2/install/moveit_setup_app_plugins:/home/manideep/ws_moveit2/install/moveit_setup_framework:/home/manideep/ws_moveit2/install/moveit_servo:/home/manideep/ws_moveit2/install/moveit_ros:/home/manideep/ws_moveit2/install/moveit_ros_visualization:/home/manideep/ws_moveit2/install/moveit_hybrid_planning:/home/manideep/ws_moveit2/install/moveit_ros_planning_interface:/home/manideep/ws_moveit2/install/moveit_ros_benchmarks:/home/manideep/ws_moveit2/install/moveit_ros_warehouse:/home/manideep/ws_moveit2/install/moveit_ros_robot_interaction:/home/manideep/ws_moveit2/install/moveit_ros_perception:/home/manideep/ws_moveit2/install/moveit_resources_prbt_pg70_support:/home/manideep/ws_moveit2/install/moveit_resources_prbt_moveit_config:/home/manideep/ws_moveit2/install/moveit_ros_move_group:/home/manideep/ws_moveit2/install/moveit_planners_ompl:/home/manideep/ws_moveit2/install/moveit_ros_planning:/home/manideep/ws_moveit2/install/moveit_ros_occupancy_map_monitor:/home/manideep/ws_moveit2/install/moveit_resources_prbt_ikfast_manipulator_plugin:/home/manideep/ws_moveit2/install/moveit_planners_chomp:/home/manideep/ws_moveit2/install/moveit_kinematics:/home/manideep/ws_moveit2/install/moveit_chomp_optimizer_adapter:/home/manideep/ws_moveit2/install/chomp_motion_planner:/home/manideep/ws_moveit2/install/moveit_core:/home/manideep/ws_moveit2/install/srdfdom:/home/manideep/ws_moveit2/install/rviz_marker_tools:/home/manideep/ws_moveit2/install/rosparam_shortcuts:/home/manideep/ws_moveit2/install/my_environment_package:/home/manideep/ws_moveit2/install/moveit_task_constructor_msgs:/home/manideep/ws_moveit2/install/moveit_resources_prbt_support:/home/manideep/ws_moveit2/install/moveit_resources:/home/manideep/ws_moveit2/install/moveit_resources_pr2_description:/home/manideep/ws_moveit2/install/moveit_resources_panda_moveit_config:/home/manideep/ws_moveit2/install/moveit_resources_panda_description:/home/manideep/ws_moveit2/install/moveit_resources_fanuc_moveit_config:/home/manideep/ws_moveit2/install/moveit_resources_fanuc_description:/home/manideep/ws_moveit2/install/moveit_common:/home/manideep/FrankaSimulator_Ws/install/teleop_keyboard_pkg:/home/manideep/ws_moveit2/install/moveit_configs_utils:/home/manideep/ws_moveit2/install/launch_param_builder:/opt/ros/humble LD_LIBRARY_PATH=/home/manideep/FrankaSimulator_Ws/src/install/ros2_data/lib:${LD_LIBRARY_PATH} PYTHONPATH=/home/manideep/FrankaSimulator_Ws/src/install/ros2_data/lib/python3.10/site-packages:${PYTHONPATH} /usr/bin/cmake --install /home/manideep/FrankaSimulator_Ws/src/build/panda_ros2_moveit2
[14.467s] Level 1:colcon.colcon_core.environment:create_environment_scripts_only(panda_ros2_moveit2)
[14.468s] Level 1:colcon.colcon_core.environment:checking '/home/manideep/FrankaSimulator_Ws/src/install/panda_ros2_moveit2' for CMake module files
[14.468s] DEBUG:colcon.colcon_core.event_handler.log_command:Invoked command in '/home/manideep/FrankaSimulator_Ws/src/build/panda_ros2_moveit2' returned '0': AMENT_PREFIX_PATH=/home/manideep/FrankaSimulator_Ws/src/install/ros2_data:${AMENT_PREFIX_PATH} CMAKE_PREFIX_PATH=/home/manideep/FrankaSimulator_Ws/src/install/ros2_data:/home/manideep/FrankaSimulator_Ws/install/ros2_actions:/home/manideep/FrankaSimulator_Ws/install/panda_ros2_moveit2:/home/manideep/FrankaSimulator_Ws/install/ros2_data:/home/manideep/FrankaSimulator_Ws/install/panda_ros2_gazebo:/home/manideep/FrankaSimulator_Ws/install/gazebo_ros2_control_demos:/home/manideep/FrankaSimulator_Ws/install/gazebo_ros2_control:/home/manideep/ws_moveit2/install/pilz_industrial_motion_planner_testutils:/home/manideep/ws_moveit2/install/moveit_runtime:/home/manideep/ws_moveit2/install/moveit2_tutorials:/home/manideep/ws_moveit2/install/moveit:/home/manideep/ws_moveit2/install/moveit_planners:/home/manideep/ws_moveit2/install/pilz_industrial_motion_planner:/home/manideep/ws_moveit2/install/moveit_visual_tools:/home/manideep/ws_moveit2/install/moveit_task_constructor_visualization:/home/manideep/ws_moveit2/install/moveit_task_constructor_demo:/home/manideep/ws_moveit2/install/moveit_task_constructor_capabilities:/home/manideep/ws_moveit2/install/moveit_task_constructor_core:/home/manideep/ws_moveit2/install/moveit_ros_control_interface:/home/manideep/ws_moveit2/install/moveit_plugins:/home/manideep/ws_moveit2/install/moveit_simple_controller_manager:/home/manideep/ws_moveit2/install/moveit_setup_assistant:/home/manideep/ws_moveit2/install/moveit_setup_srdf_plugins:/home/manideep/ws_moveit2/install/moveit_setup_core_plugins:/home/manideep/ws_moveit2/install/moveit_setup_controllers:/home/manideep/ws_moveit2/install/moveit_setup_app_plugins:/home/manideep/ws_moveit2/install/moveit_setup_framework:/home/manideep/ws_moveit2/install/moveit_servo:/home/manideep/ws_moveit2/install/moveit_ros:/home/manideep/ws_moveit2/install/moveit_ros_visualization:/home/manideep/ws_moveit2/install/moveit_hybrid_planning:/home/manideep/ws_moveit2/install/moveit_ros_planning_interface:/home/manideep/ws_moveit2/install/moveit_ros_benchmarks:/home/manideep/ws_moveit2/install/moveit_ros_warehouse:/home/manideep/ws_moveit2/install/moveit_ros_robot_interaction:/home/manideep/ws_moveit2/install/moveit_ros_perception:/home/manideep/ws_moveit2/install/moveit_resources_prbt_pg70_support:/home/manideep/ws_moveit2/install/moveit_resources_prbt_moveit_config:/home/manideep/ws_moveit2/install/moveit_ros_move_group:/home/manideep/ws_moveit2/install/moveit_planners_ompl:/home/manideep/ws_moveit2/install/moveit_ros_planning:/home/manideep/ws_moveit2/install/moveit_ros_occupancy_map_monitor:/home/manideep/ws_moveit2/install/moveit_resources_prbt_ikfast_manipulator_plugin:/home/manideep/ws_moveit2/install/moveit_planners_chomp:/home/manideep/ws_moveit2/install/moveit_kinematics:/home/manideep/ws_moveit2/install/moveit_chomp_optimizer_adapter:/home/manideep/ws_moveit2/install/chomp_motion_planner:/home/manideep/ws_moveit2/install/moveit_core:/home/manideep/ws_moveit2/install/srdfdom:/home/manideep/ws_moveit2/install/rviz_marker_tools:/home/manideep/ws_moveit2/install/rosparam_shortcuts:/home/manideep/ws_moveit2/install/my_environment_package:/home/manideep/ws_moveit2/install/moveit_task_constructor_msgs:/home/manideep/ws_moveit2/install/moveit_resources_prbt_support:/home/manideep/ws_moveit2/install/moveit_resources:/home/manideep/ws_moveit2/install/moveit_resources_pr2_description:/home/manideep/ws_moveit2/install/moveit_resources_panda_moveit_config:/home/manideep/ws_moveit2/install/moveit_resources_panda_description:/home/manideep/ws_moveit2/install/moveit_resources_fanuc_moveit_config:/home/manideep/ws_moveit2/install/moveit_resources_fanuc_description:/home/manideep/ws_moveit2/install/moveit_common:/home/manideep/FrankaSimulator_Ws/install/teleop_keyboard_pkg:/home/manideep/ws_moveit2/install/moveit_configs_utils:/home/manideep/ws_moveit2/install/launch_param_builder:/opt/ros/humble LD_LIBRARY_PATH=/home/manideep/FrankaSimulator_Ws/src/install/ros2_data/lib:${LD_LIBRARY_PATH} PYTHONPATH=/home/manideep/FrankaSimulator_Ws/src/install/ros2_data/lib/python3.10/site-packages:${PYTHONPATH} /usr/bin/cmake --install /home/manideep/FrankaSimulator_Ws/src/build/panda_ros2_moveit2
[14.468s] Level 1:colcon.colcon_core.environment:checking '/home/manideep/FrankaSimulator_Ws/src/install/panda_ros2_moveit2' for CMake config files
[14.468s] Level 1:colcon.colcon_core.shell:create_environment_hook('panda_ros2_moveit2', 'cmake_prefix_path')
[14.469s] INFO:colcon.colcon_core.shell:Creating environment hook '/home/manideep/FrankaSimulator_Ws/src/install/panda_ros2_moveit2/share/panda_ros2_moveit2/hook/cmake_prefix_path.ps1'
[14.469s] INFO:colcon.colcon_core.shell:Creating environment descriptor '/home/manideep/FrankaSimulator_Ws/src/install/panda_ros2_moveit2/share/panda_ros2_moveit2/hook/cmake_prefix_path.dsv'
[14.469s] INFO:colcon.colcon_core.shell:Creating environment hook '/home/manideep/FrankaSimulator_Ws/src/install/panda_ros2_moveit2/share/panda_ros2_moveit2/hook/cmake_prefix_path.sh'
[14.470s] Level 1:colcon.colcon_core.environment:checking '/home/manideep/FrankaSimulator_Ws/src/install/panda_ros2_moveit2/bin'
[14.470s] Level 1:colcon.colcon_core.environment:checking '/home/manideep/FrankaSimulator_Ws/src/install/panda_ros2_moveit2/lib/pkgconfig/panda_ros2_moveit2.pc'
[14.470s] Level 1:colcon.colcon_core.environment:checking '/home/manideep/FrankaSimulator_Ws/src/install/panda_ros2_moveit2/lib/python3.10/site-packages'
[14.470s] Level 1:colcon.colcon_core.environment:checking '/home/manideep/FrankaSimulator_Ws/src/install/panda_ros2_moveit2/bin'
[14.470s] INFO:colcon.colcon_core.shell:Creating package script '/home/manideep/FrankaSimulator_Ws/src/install/panda_ros2_moveit2/share/panda_ros2_moveit2/package.ps1'
[14.470s] INFO:colcon.colcon_core.shell:Creating package descriptor '/home/manideep/FrankaSimulator_Ws/src/install/panda_ros2_moveit2/share/panda_ros2_moveit2/package.dsv'
[14.471s] INFO:colcon.colcon_core.shell:Creating package script '/home/manideep/FrankaSimulator_Ws/src/install/panda_ros2_moveit2/share/panda_ros2_moveit2/package.sh'
[14.471s] INFO:colcon.colcon_core.shell:Creating package script '/home/manideep/FrankaSimulator_Ws/src/install/panda_ros2_moveit2/share/panda_ros2_moveit2/package.bash'
[14.471s] INFO:colcon.colcon_core.shell:Creating package script '/home/manideep/FrankaSimulator_Ws/src/install/panda_ros2_moveit2/share/panda_ros2_moveit2/package.zsh'
[14.471s] Level 1:colcon.colcon_core.environment:create_file_with_runtime_dependencies(/home/manideep/FrankaSimulator_Ws/src/install/panda_ros2_moveit2/share/colcon-core/packages/panda_ros2_moveit2)
[14.472s] Level 1:colcon.colcon_core.environment:create_environment_scripts_only(panda_ros2_moveit2)
[14.472s] Level 1:colcon.colcon_core.environment:checking '/home/manideep/FrankaSimulator_Ws/src/install/panda_ros2_moveit2' for CMake module files
[14.472s] Level 1:colcon.colcon_core.environment:checking '/home/manideep/FrankaSimulator_Ws/src/install/panda_ros2_moveit2' for CMake config files
[14.472s] Level 1:colcon.colcon_core.shell:create_environment_hook('panda_ros2_moveit2', 'cmake_prefix_path')
[14.472s] INFO:colcon.colcon_core.shell:Creating environment hook '/home/manideep/FrankaSimulator_Ws/src/install/panda_ros2_moveit2/share/panda_ros2_moveit2/hook/cmake_prefix_path.ps1'
[14.473s] INFO:colcon.colcon_core.shell:Creating environment descriptor '/home/manideep/FrankaSimulator_Ws/src/install/panda_ros2_moveit2/share/panda_ros2_moveit2/hook/cmake_prefix_path.dsv'
[14.473s] INFO:colcon.colcon_core.shell:Creating environment hook '/home/manideep/FrankaSimulator_Ws/src/install/panda_ros2_moveit2/share/panda_ros2_moveit2/hook/cmake_prefix_path.sh'
[14.473s] Level 1:colcon.colcon_core.environment:checking '/home/manideep/FrankaSimulator_Ws/src/install/panda_ros2_moveit2/bin'
[14.473s] Level 1:colcon.colcon_core.environment:checking '/home/manideep/FrankaSimulator_Ws/src/install/panda_ros2_moveit2/lib/pkgconfig/panda_ros2_moveit2.pc'
[14.474s] Level 1:colcon.colcon_core.environment:checking '/home/manideep/FrankaSimulator_Ws/src/install/panda_ros2_moveit2/lib/python3.10/site-packages'
[14.474s] Level 1:colcon.colcon_core.environment:checking '/home/manideep/FrankaSimulator_Ws/src/install/panda_ros2_moveit2/bin'
[14.474s] INFO:colcon.colcon_core.shell:Creating package script '/home/manideep/FrankaSimulator_Ws/src/install/panda_ros2_moveit2/share/panda_ros2_moveit2/package.ps1'
[14.474s] INFO:colcon.colcon_core.shell:Creating package descriptor '/home/manideep/FrankaSimulator_Ws/src/install/panda_ros2_moveit2/share/panda_ros2_moveit2/package.dsv'
[14.474s] INFO:colcon.colcon_core.shell:Creating package script '/home/manideep/FrankaSimulator_Ws/src/install/panda_ros2_moveit2/share/panda_ros2_moveit2/package.sh'
[14.475s] INFO:colcon.colcon_core.shell:Creating package script '/home/manideep/FrankaSimulator_Ws/src/install/panda_ros2_moveit2/share/panda_ros2_moveit2/package.bash'
[14.475s] INFO:colcon.colcon_core.shell:Creating package script '/home/manideep/FrankaSimulator_Ws/src/install/panda_ros2_moveit2/share/panda_ros2_moveit2/package.zsh'
[14.475s] Level 1:colcon.colcon_core.environment:create_file_with_runtime_dependencies(/home/manideep/FrankaSimulator_Ws/src/install/panda_ros2_moveit2/share/colcon-core/packages/panda_ros2_moveit2)
[16.354s] DEBUG:colcon.colcon_core.event_handler.log_command:Invoked command in '/home/manideep/FrankaSimulator_Ws/src/build/ros2_actions' returned '0': AMENT_PREFIX_PATH=/home/manideep/FrankaSimulator_Ws/src/install/ros2_data:${AMENT_PREFIX_PATH} CMAKE_PREFIX_PATH=/home/manideep/FrankaSimulator_Ws/src/install/ros2_data:/home/manideep/FrankaSimulator_Ws/install/ros2_actions:/home/manideep/FrankaSimulator_Ws/install/panda_ros2_moveit2:/home/manideep/FrankaSimulator_Ws/install/ros2_data:/home/manideep/FrankaSimulator_Ws/install/panda_ros2_gazebo:/home/manideep/FrankaSimulator_Ws/install/gazebo_ros2_control_demos:/home/manideep/FrankaSimulator_Ws/install/gazebo_ros2_control:/home/manideep/ws_moveit2/install/pilz_industrial_motion_planner_testutils:/home/manideep/ws_moveit2/install/moveit_runtime:/home/manideep/ws_moveit2/install/moveit2_tutorials:/home/manideep/ws_moveit2/install/moveit:/home/manideep/ws_moveit2/install/moveit_planners:/home/manideep/ws_moveit2/install/pilz_industrial_motion_planner:/home/manideep/ws_moveit2/install/moveit_visual_tools:/home/manideep/ws_moveit2/install/moveit_task_constructor_visualization:/home/manideep/ws_moveit2/install/moveit_task_constructor_demo:/home/manideep/ws_moveit2/install/moveit_task_constructor_capabilities:/home/manideep/ws_moveit2/install/moveit_task_constructor_core:/home/manideep/ws_moveit2/install/moveit_ros_control_interface:/home/manideep/ws_moveit2/install/moveit_plugins:/home/manideep/ws_moveit2/install/moveit_simple_controller_manager:/home/manideep/ws_moveit2/install/moveit_setup_assistant:/home/manideep/ws_moveit2/install/moveit_setup_srdf_plugins:/home/manideep/ws_moveit2/install/moveit_setup_core_plugins:/home/manideep/ws_moveit2/install/moveit_setup_controllers:/home/manideep/ws_moveit2/install/moveit_setup_app_plugins:/home/manideep/ws_moveit2/install/moveit_setup_framework:/home/manideep/ws_moveit2/install/moveit_servo:/home/manideep/ws_moveit2/install/moveit_ros:/home/manideep/ws_moveit2/install/moveit_ros_visualization:/home/manideep/ws_moveit2/install/moveit_hybrid_planning:/home/manideep/ws_moveit2/install/moveit_ros_planning_interface:/home/manideep/ws_moveit2/install/moveit_ros_benchmarks:/home/manideep/ws_moveit2/install/moveit_ros_warehouse:/home/manideep/ws_moveit2/install/moveit_ros_robot_interaction:/home/manideep/ws_moveit2/install/moveit_ros_perception:/home/manideep/ws_moveit2/install/moveit_resources_prbt_pg70_support:/home/manideep/ws_moveit2/install/moveit_resources_prbt_moveit_config:/home/manideep/ws_moveit2/install/moveit_ros_move_group:/home/manideep/ws_moveit2/install/moveit_planners_ompl:/home/manideep/ws_moveit2/install/moveit_ros_planning:/home/manideep/ws_moveit2/install/moveit_ros_occupancy_map_monitor:/home/manideep/ws_moveit2/install/moveit_resources_prbt_ikfast_manipulator_plugin:/home/manideep/ws_moveit2/install/moveit_planners_chomp:/home/manideep/ws_moveit2/install/moveit_kinematics:/home/manideep/ws_moveit2/install/moveit_chomp_optimizer_adapter:/home/manideep/ws_moveit2/install/chomp_motion_planner:/home/manideep/ws_moveit2/install/moveit_core:/home/manideep/ws_moveit2/install/srdfdom:/home/manideep/ws_moveit2/install/rviz_marker_tools:/home/manideep/ws_moveit2/install/rosparam_shortcuts:/home/manideep/ws_moveit2/install/my_environment_package:/home/manideep/ws_moveit2/install/moveit_task_constructor_msgs:/home/manideep/ws_moveit2/install/moveit_resources_prbt_support:/home/manideep/ws_moveit2/install/moveit_resources:/home/manideep/ws_moveit2/install/moveit_resources_pr2_description:/home/manideep/ws_moveit2/install/moveit_resources_panda_moveit_config:/home/manideep/ws_moveit2/install/moveit_resources_panda_description:/home/manideep/ws_moveit2/install/moveit_resources_fanuc_moveit_config:/home/manideep/ws_moveit2/install/moveit_resources_fanuc_description:/home/manideep/ws_moveit2/install/moveit_common:/home/manideep/FrankaSimulator_Ws/install/teleop_keyboard_pkg:/home/manideep/ws_moveit2/install/moveit_configs_utils:/home/manideep/ws_moveit2/install/launch_param_builder:/opt/ros/humble LD_LIBRARY_PATH=/home/manideep/FrankaSimulator_Ws/src/install/ros2_data/lib:${LD_LIBRARY_PATH} PYTHONPATH=/home/manideep/FrankaSimulator_Ws/src/install/ros2_data/lib/python3.10/site-packages:${PYTHONPATH} /usr/bin/cmake /home/manideep/FrankaSimulator_Ws/src/ros2_actions -DCMAKE_INSTALL_PREFIX=/home/manideep/FrankaSimulator_Ws/src/install/ros2_actions
[16.356s] DEBUG:colcon.colcon_core.event_handler.log_command:Invoking command in '/home/manideep/FrankaSimulator_Ws/src/build/ros2_actions': AMENT_PREFIX_PATH=/home/manideep/FrankaSimulator_Ws/src/install/ros2_data:${AMENT_PREFIX_PATH} CMAKE_PREFIX_PATH=/home/manideep/FrankaSimulator_Ws/src/install/ros2_data:/home/manideep/FrankaSimulator_Ws/install/ros2_actions:/home/manideep/FrankaSimulator_Ws/install/panda_ros2_moveit2:/home/manideep/FrankaSimulator_Ws/install/ros2_data:/home/manideep/FrankaSimulator_Ws/install/panda_ros2_gazebo:/home/manideep/FrankaSimulator_Ws/install/gazebo_ros2_control_demos:/home/manideep/FrankaSimulator_Ws/install/gazebo_ros2_control:/home/manideep/ws_moveit2/install/pilz_industrial_motion_planner_testutils:/home/manideep/ws_moveit2/install/moveit_runtime:/home/manideep/ws_moveit2/install/moveit2_tutorials:/home/manideep/ws_moveit2/install/moveit:/home/manideep/ws_moveit2/install/moveit_planners:/home/manideep/ws_moveit2/install/pilz_industrial_motion_planner:/home/manideep/ws_moveit2/install/moveit_visual_tools:/home/manideep/ws_moveit2/install/moveit_task_constructor_visualization:/home/manideep/ws_moveit2/install/moveit_task_constructor_demo:/home/manideep/ws_moveit2/install/moveit_task_constructor_capabilities:/home/manideep/ws_moveit2/install/moveit_task_constructor_core:/home/manideep/ws_moveit2/install/moveit_ros_control_interface:/home/manideep/ws_moveit2/install/moveit_plugins:/home/manideep/ws_moveit2/install/moveit_simple_controller_manager:/home/manideep/ws_moveit2/install/moveit_setup_assistant:/home/manideep/ws_moveit2/install/moveit_setup_srdf_plugins:/home/manideep/ws_moveit2/install/moveit_setup_core_plugins:/home/manideep/ws_moveit2/install/moveit_setup_controllers:/home/manideep/ws_moveit2/install/moveit_setup_app_plugins:/home/manideep/ws_moveit2/install/moveit_setup_framework:/home/manideep/ws_moveit2/install/moveit_servo:/home/manideep/ws_moveit2/install/moveit_ros:/home/manideep/ws_moveit2/install/moveit_ros_visualization:/home/manideep/ws_moveit2/install/moveit_hybrid_planning:/home/manideep/ws_moveit2/install/moveit_ros_planning_interface:/home/manideep/ws_moveit2/install/moveit_ros_benchmarks:/home/manideep/ws_moveit2/install/moveit_ros_warehouse:/home/manideep/ws_moveit2/install/moveit_ros_robot_interaction:/home/manideep/ws_moveit2/install/moveit_ros_perception:/home/manideep/ws_moveit2/install/moveit_resources_prbt_pg70_support:/home/manideep/ws_moveit2/install/moveit_resources_prbt_moveit_config:/home/manideep/ws_moveit2/install/moveit_ros_move_group:/home/manideep/ws_moveit2/install/moveit_planners_ompl:/home/manideep/ws_moveit2/install/moveit_ros_planning:/home/manideep/ws_moveit2/install/moveit_ros_occupancy_map_monitor:/home/manideep/ws_moveit2/install/moveit_resources_prbt_ikfast_manipulator_plugin:/home/manideep/ws_moveit2/install/moveit_planners_chomp:/home/manideep/ws_moveit2/install/moveit_kinematics:/home/manideep/ws_moveit2/install/moveit_chomp_optimizer_adapter:/home/manideep/ws_moveit2/install/chomp_motion_planner:/home/manideep/ws_moveit2/install/moveit_core:/home/manideep/ws_moveit2/install/srdfdom:/home/manideep/ws_moveit2/install/rviz_marker_tools:/home/manideep/ws_moveit2/install/rosparam_shortcuts:/home/manideep/ws_moveit2/install/my_environment_package:/home/manideep/ws_moveit2/install/moveit_task_constructor_msgs:/home/manideep/ws_moveit2/install/moveit_resources_prbt_support:/home/manideep/ws_moveit2/install/moveit_resources:/home/manideep/ws_moveit2/install/moveit_resources_pr2_description:/home/manideep/ws_moveit2/install/moveit_resources_panda_moveit_config:/home/manideep/ws_moveit2/install/moveit_resources_panda_description:/home/manideep/ws_moveit2/install/moveit_resources_fanuc_moveit_config:/home/manideep/ws_moveit2/install/moveit_resources_fanuc_description:/home/manideep/ws_moveit2/install/moveit_common:/home/manideep/FrankaSimulator_Ws/install/teleop_keyboard_pkg:/home/manideep/ws_moveit2/install/moveit_configs_utils:/home/manideep/ws_moveit2/install/launch_param_builder:/opt/ros/humble LD_LIBRARY_PATH=/home/manideep/FrankaSimulator_Ws/src/install/ros2_data/lib:${LD_LIBRARY_PATH} PYTHONPATH=/home/manideep/FrankaSimulator_Ws/src/install/ros2_data/lib/python3.10/site-packages:${PYTHONPATH} /usr/bin/cmake --build /home/manideep/FrankaSimulator_Ws/src/build/ros2_actions -- -j16 -l16
[21.208s] DEBUG:colcon.colcon_core.event_handler.log_command:Invoked command in '/home/manideep/FrankaSimulator_Ws/src/build/gazebo_ros2_control' returned '0': CMAKE_PREFIX_PATH=${CMAKE_PREFIX_PATH}:/home/manideep/FrankaSimulator_Ws/install/teleop_keyboard_pkg:/home/manideep/ws_moveit2/install/moveit_configs_utils:/home/manideep/ws_moveit2/install/launch_param_builder:/opt/ros/humble /usr/bin/cmake --build /home/manideep/FrankaSimulator_Ws/src/build/gazebo_ros2_control -- -j16 -l16
[21.211s] DEBUG:colcon.colcon_core.event_handler.log_command:Invoking command in '/home/manideep/FrankaSimulator_Ws/src/build/gazebo_ros2_control': CMAKE_PREFIX_PATH=${CMAKE_PREFIX_PATH}:/home/manideep/FrankaSimulator_Ws/install/teleop_keyboard_pkg:/home/manideep/ws_moveit2/install/moveit_configs_utils:/home/manideep/ws_moveit2/install/launch_param_builder:/opt/ros/humble /usr/bin/cmake --install /home/manideep/FrankaSimulator_Ws/src/build/gazebo_ros2_control
[21.253s] Level 1:colcon.colcon_core.environment:create_environment_scripts_only(gazebo_ros2_control)
[21.254s] Level 1:colcon.colcon_core.environment:checking '/home/manideep/FrankaSimulator_Ws/src/install/gazebo_ros2_control' for CMake module files
[21.254s] DEBUG:colcon.colcon_core.event_handler.log_command:Invoked command in '/home/manideep/FrankaSimulator_Ws/src/build/gazebo_ros2_control' returned '0': CMAKE_PREFIX_PATH=${CMAKE_PREFIX_PATH}:/home/manideep/FrankaSimulator_Ws/install/teleop_keyboard_pkg:/home/manideep/ws_moveit2/install/moveit_configs_utils:/home/manideep/ws_moveit2/install/launch_param_builder:/opt/ros/humble /usr/bin/cmake --install /home/manideep/FrankaSimulator_Ws/src/build/gazebo_ros2_control
[21.255s] Level 1:colcon.colcon_core.environment:checking '/home/manideep/FrankaSimulator_Ws/src/install/gazebo_ros2_control' for CMake config files
[21.255s] Level 1:colcon.colcon_core.shell:create_environment_hook('gazebo_ros2_control', 'cmake_prefix_path')
[21.256s] INFO:colcon.colcon_core.shell:Creating environment hook '/home/manideep/FrankaSimulator_Ws/src/install/gazebo_ros2_control/share/gazebo_ros2_control/hook/cmake_prefix_path.ps1'
[21.257s] INFO:colcon.colcon_core.shell:Creating environment descriptor '/home/manideep/FrankaSimulator_Ws/src/install/gazebo_ros2_control/share/gazebo_ros2_control/hook/cmake_prefix_path.dsv'
[21.258s] INFO:colcon.colcon_core.shell:Creating environment hook '/home/manideep/FrankaSimulator_Ws/src/install/gazebo_ros2_control/share/gazebo_ros2_control/hook/cmake_prefix_path.sh'
[21.258s] Level 1:colcon.colcon_core.environment:checking '/home/manideep/FrankaSimulator_Ws/src/install/gazebo_ros2_control/lib'
[21.258s] Level 1:colcon.colcon_core.shell:create_environment_hook('gazebo_ros2_control', 'ld_library_path_lib')
[21.259s] INFO:colcon.colcon_core.shell:Creating environment hook '/home/manideep/FrankaSimulator_Ws/src/install/gazebo_ros2_control/share/gazebo_ros2_control/hook/ld_library_path_lib.ps1'
[21.259s] INFO:colcon.colcon_core.shell:Creating environment descriptor '/home/manideep/FrankaSimulator_Ws/src/install/gazebo_ros2_control/share/gazebo_ros2_control/hook/ld_library_path_lib.dsv'
[21.260s] INFO:colcon.colcon_core.shell:Creating environment hook '/home/manideep/FrankaSimulator_Ws/src/install/gazebo_ros2_control/share/gazebo_ros2_control/hook/ld_library_path_lib.sh'
[21.260s] Level 1:colcon.colcon_core.environment:checking '/home/manideep/FrankaSimulator_Ws/src/install/gazebo_ros2_control/bin'
[21.260s] Level 1:colcon.colcon_core.environment:checking '/home/manideep/FrankaSimulator_Ws/src/install/gazebo_ros2_control/lib/pkgconfig/gazebo_ros2_control.pc'
[21.261s] Level 1:colcon.colcon_core.environment:checking '/home/manideep/FrankaSimulator_Ws/src/install/gazebo_ros2_control/lib/python3.10/site-packages'
[21.261s] Level 1:colcon.colcon_core.environment:checking '/home/manideep/FrankaSimulator_Ws/src/install/gazebo_ros2_control/bin'
[21.261s] INFO:colcon.colcon_core.shell:Creating package script '/home/manideep/FrankaSimulator_Ws/src/install/gazebo_ros2_control/share/gazebo_ros2_control/package.ps1'
[21.262s] INFO:colcon.colcon_core.shell:Creating package descriptor '/home/manideep/FrankaSimulator_Ws/src/install/gazebo_ros2_control/share/gazebo_ros2_control/package.dsv'
[21.263s] INFO:colcon.colcon_core.shell:Creating package script '/home/manideep/FrankaSimulator_Ws/src/install/gazebo_ros2_control/share/gazebo_ros2_control/package.sh'
[21.264s] INFO:colcon.colcon_core.shell:Creating package script '/home/manideep/FrankaSimulator_Ws/src/install/gazebo_ros2_control/share/gazebo_ros2_control/package.bash'
[21.264s] INFO:colcon.colcon_core.shell:Creating package script '/home/manideep/FrankaSimulator_Ws/src/install/gazebo_ros2_control/share/gazebo_ros2_control/package.zsh'
[21.264s] Level 1:colcon.colcon_core.environment:create_file_with_runtime_dependencies(/home/manideep/FrankaSimulator_Ws/src/install/gazebo_ros2_control/share/colcon-core/packages/gazebo_ros2_control)
[21.265s] Level 1:colcon.colcon_core.environment:create_environment_scripts_only(gazebo_ros2_control)
[21.266s] Level 1:colcon.colcon_core.environment:checking '/home/manideep/FrankaSimulator_Ws/src/install/gazebo_ros2_control' for CMake module files
[21.267s] Level 1:colcon.colcon_core.environment:checking '/home/manideep/FrankaSimulator_Ws/src/install/gazebo_ros2_control' for CMake config files
[21.267s] Level 1:colcon.colcon_core.shell:create_environment_hook('gazebo_ros2_control', 'cmake_prefix_path')
[21.268s] INFO:colcon.colcon_core.shell:Creating environment hook '/home/manideep/FrankaSimulator_Ws/src/install/gazebo_ros2_control/share/gazebo_ros2_control/hook/cmake_prefix_path.ps1'
[21.269s] INFO:colcon.colcon_core.shell:Creating environment descriptor '/home/manideep/FrankaSimulator_Ws/src/install/gazebo_ros2_control/share/gazebo_ros2_control/hook/cmake_prefix_path.dsv'
[21.269s] INFO:colcon.colcon_core.shell:Creating environment hook '/home/manideep/FrankaSimulator_Ws/src/install/gazebo_ros2_control/share/gazebo_ros2_control/hook/cmake_prefix_path.sh'
[21.270s] Level 1:colcon.colcon_core.environment:checking '/home/manideep/FrankaSimulator_Ws/src/install/gazebo_ros2_control/lib'
[21.270s] Level 1:colcon.colcon_core.shell:create_environment_hook('gazebo_ros2_control', 'ld_library_path_lib')
[21.271s] INFO:colcon.colcon_core.shell:Creating environment hook '/home/manideep/FrankaSimulator_Ws/src/install/gazebo_ros2_control/share/gazebo_ros2_control/hook/ld_library_path_lib.ps1'
[21.271s] INFO:colcon.colcon_core.shell:Creating environment descriptor '/home/manideep/FrankaSimulator_Ws/src/install/gazebo_ros2_control/share/gazebo_ros2_control/hook/ld_library_path_lib.dsv'
[21.272s] INFO:colcon.colcon_core.shell:Creating environment hook '/home/manideep/FrankaSimulator_Ws/src/install/gazebo_ros2_control/share/gazebo_ros2_control/hook/ld_library_path_lib.sh'
[21.272s] Level 1:colcon.colcon_core.environment:checking '/home/manideep/FrankaSimulator_Ws/src/install/gazebo_ros2_control/bin'
[21.272s] Level 1:colcon.colcon_core.environment:checking '/home/manideep/FrankaSimulator_Ws/src/install/gazebo_ros2_control/lib/pkgconfig/gazebo_ros2_control.pc'
[21.272s] Level 1:colcon.colcon_core.environment:checking '/home/manideep/FrankaSimulator_Ws/src/install/gazebo_ros2_control/lib/python3.10/site-packages'
[21.273s] Level 1:colcon.colcon_core.environment:checking '/home/manideep/FrankaSimulator_Ws/src/install/gazebo_ros2_control/bin'
[21.273s] INFO:colcon.colcon_core.shell:Creating package script '/home/manideep/FrankaSimulator_Ws/src/install/gazebo_ros2_control/share/gazebo_ros2_control/package.ps1'
[21.274s] INFO:colcon.colcon_core.shell:Creating package descriptor '/home/manideep/FrankaSimulator_Ws/src/install/gazebo_ros2_control/share/gazebo_ros2_control/package.dsv'
[21.275s] INFO:colcon.colcon_core.shell:Creating package script '/home/manideep/FrankaSimulator_Ws/src/install/gazebo_ros2_control/share/gazebo_ros2_control/package.sh'
[21.275s] INFO:colcon.colcon_core.shell:Creating package script '/home/manideep/FrankaSimulator_Ws/src/install/gazebo_ros2_control/share/gazebo_ros2_control/package.bash'
[21.276s] INFO:colcon.colcon_core.shell:Creating package script '/home/manideep/FrankaSimulator_Ws/src/install/gazebo_ros2_control/share/gazebo_ros2_control/package.zsh'
[21.276s] Level 1:colcon.colcon_core.environment:create_file_with_runtime_dependencies(/home/manideep/FrankaSimulator_Ws/src/install/gazebo_ros2_control/share/colcon-core/packages/gazebo_ros2_control)
[21.277s] INFO:colcon.colcon_ros.task.ament_cmake.build:Building ROS package in '/home/manideep/FrankaSimulator_Ws/src/gazebo_ros2_control/gazebo_ros2_control_demos' with build type 'ament_cmake'
[21.277s] INFO:colcon.colcon_cmake.task.cmake.build:Building CMake package in '/home/manideep/FrankaSimulator_Ws/src/gazebo_ros2_control/gazebo_ros2_control_demos'
[21.278s] INFO:colcon.colcon_core.shell:Skip shell extension 'powershell' for command environment: Not usable outside of PowerShell
[21.278s] DEBUG:colcon.colcon_core.shell:Skip shell extension 'dsv' for command environment
[21.310s] DEBUG:colcon.colcon_core.event_handler.log_command:Invoking command in '/home/manideep/FrankaSimulator_Ws/src/build/gazebo_ros2_control_demos': AMENT_PREFIX_PATH=/home/manideep/FrankaSimulator_Ws/src/install/gazebo_ros2_control:${AMENT_PREFIX_PATH} CMAKE_PREFIX_PATH=/home/manideep/FrankaSimulator_Ws/src/install/gazebo_ros2_control:/home/manideep/FrankaSimulator_Ws/install/ros2_actions:/home/manideep/FrankaSimulator_Ws/install/panda_ros2_moveit2:/home/manideep/FrankaSimulator_Ws/install/ros2_data:/home/manideep/FrankaSimulator_Ws/install/panda_ros2_gazebo:/home/manideep/FrankaSimulator_Ws/install/gazebo_ros2_control_demos:/home/manideep/FrankaSimulator_Ws/install/gazebo_ros2_control:/home/manideep/ws_moveit2/install/pilz_industrial_motion_planner_testutils:/home/manideep/ws_moveit2/install/moveit_runtime:/home/manideep/ws_moveit2/install/moveit2_tutorials:/home/manideep/ws_moveit2/install/moveit:/home/manideep/ws_moveit2/install/moveit_planners:/home/manideep/ws_moveit2/install/pilz_industrial_motion_planner:/home/manideep/ws_moveit2/install/moveit_visual_tools:/home/manideep/ws_moveit2/install/moveit_task_constructor_visualization:/home/manideep/ws_moveit2/install/moveit_task_constructor_demo:/home/manideep/ws_moveit2/install/moveit_task_constructor_capabilities:/home/manideep/ws_moveit2/install/moveit_task_constructor_core:/home/manideep/ws_moveit2/install/moveit_ros_control_interface:/home/manideep/ws_moveit2/install/moveit_plugins:/home/manideep/ws_moveit2/install/moveit_simple_controller_manager:/home/manideep/ws_moveit2/install/moveit_setup_assistant:/home/manideep/ws_moveit2/install/moveit_setup_srdf_plugins:/home/manideep/ws_moveit2/install/moveit_setup_core_plugins:/home/manideep/ws_moveit2/install/moveit_setup_controllers:/home/manideep/ws_moveit2/install/moveit_setup_app_plugins:/home/manideep/ws_moveit2/install/moveit_setup_framework:/home/manideep/ws_moveit2/install/moveit_servo:/home/manideep/ws_moveit2/install/moveit_ros:/home/manideep/ws_moveit2/install/moveit_ros_visualization:/home/manideep/ws_moveit2/install/moveit_hybrid_planning:/home/manideep/ws_moveit2/install/moveit_ros_planning_interface:/home/manideep/ws_moveit2/install/moveit_ros_benchmarks:/home/manideep/ws_moveit2/install/moveit_ros_warehouse:/home/manideep/ws_moveit2/install/moveit_ros_robot_interaction:/home/manideep/ws_moveit2/install/moveit_ros_perception:/home/manideep/ws_moveit2/install/moveit_resources_prbt_pg70_support:/home/manideep/ws_moveit2/install/moveit_resources_prbt_moveit_config:/home/manideep/ws_moveit2/install/moveit_ros_move_group:/home/manideep/ws_moveit2/install/moveit_planners_ompl:/home/manideep/ws_moveit2/install/moveit_ros_planning:/home/manideep/ws_moveit2/install/moveit_ros_occupancy_map_monitor:/home/manideep/ws_moveit2/install/moveit_resources_prbt_ikfast_manipulator_plugin:/home/manideep/ws_moveit2/install/moveit_planners_chomp:/home/manideep/ws_moveit2/install/moveit_kinematics:/home/manideep/ws_moveit2/install/moveit_chomp_optimizer_adapter:/home/manideep/ws_moveit2/install/chomp_motion_planner:/home/manideep/ws_moveit2/install/moveit_core:/home/manideep/ws_moveit2/install/srdfdom:/home/manideep/ws_moveit2/install/rviz_marker_tools:/home/manideep/ws_moveit2/install/rosparam_shortcuts:/home/manideep/ws_moveit2/install/my_environment_package:/home/manideep/ws_moveit2/install/moveit_task_constructor_msgs:/home/manideep/ws_moveit2/install/moveit_resources_prbt_support:/home/manideep/ws_moveit2/install/moveit_resources:/home/manideep/ws_moveit2/install/moveit_resources_pr2_description:/home/manideep/ws_moveit2/install/moveit_resources_panda_moveit_config:/home/manideep/ws_moveit2/install/moveit_resources_panda_description:/home/manideep/ws_moveit2/install/moveit_resources_fanuc_moveit_config:/home/manideep/ws_moveit2/install/moveit_resources_fanuc_description:/home/manideep/ws_moveit2/install/moveit_common:/home/manideep/FrankaSimulator_Ws/install/teleop_keyboard_pkg:/home/manideep/ws_moveit2/install/moveit_configs_utils:/home/manideep/ws_moveit2/install/launch_param_builder:/opt/ros/humble LD_LIBRARY_PATH=/home/manideep/FrankaSimulator_Ws/src/install/gazebo_ros2_control/lib:${LD_LIBRARY_PATH} /usr/bin/cmake /home/manideep/FrankaSimulator_Ws/src/gazebo_ros2_control/gazebo_ros2_control_demos -DCMAKE_INSTALL_PREFIX=/home/manideep/FrankaSimulator_Ws/src/install/gazebo_ros2_control_demos
[23.729s] DEBUG:colcon.colcon_core.event_handler.log_command:Invoked command in '/home/manideep/FrankaSimulator_Ws/src/build/gazebo_ros2_control_demos' returned '0': AMENT_PREFIX_PATH=/home/manideep/FrankaSimulator_Ws/src/install/gazebo_ros2_control:${AMENT_PREFIX_PATH} CMAKE_PREFIX_PATH=/home/manideep/FrankaSimulator_Ws/src/install/gazebo_ros2_control:/home/manideep/FrankaSimulator_Ws/install/ros2_actions:/home/manideep/FrankaSimulator_Ws/install/panda_ros2_moveit2:/home/manideep/FrankaSimulator_Ws/install/ros2_data:/home/manideep/FrankaSimulator_Ws/install/panda_ros2_gazebo:/home/manideep/FrankaSimulator_Ws/install/gazebo_ros2_control_demos:/home/manideep/FrankaSimulator_Ws/install/gazebo_ros2_control:/home/manideep/ws_moveit2/install/pilz_industrial_motion_planner_testutils:/home/manideep/ws_moveit2/install/moveit_runtime:/home/manideep/ws_moveit2/install/moveit2_tutorials:/home/manideep/ws_moveit2/install/moveit:/home/manideep/ws_moveit2/install/moveit_planners:/home/manideep/ws_moveit2/install/pilz_industrial_motion_planner:/home/manideep/ws_moveit2/install/moveit_visual_tools:/home/manideep/ws_moveit2/install/moveit_task_constructor_visualization:/home/manideep/ws_moveit2/install/moveit_task_constructor_demo:/home/manideep/ws_moveit2/install/moveit_task_constructor_capabilities:/home/manideep/ws_moveit2/install/moveit_task_constructor_core:/home/manideep/ws_moveit2/install/moveit_ros_control_interface:/home/manideep/ws_moveit2/install/moveit_plugins:/home/manideep/ws_moveit2/install/moveit_simple_controller_manager:/home/manideep/ws_moveit2/install/moveit_setup_assistant:/home/manideep/ws_moveit2/install/moveit_setup_srdf_plugins:/home/manideep/ws_moveit2/install/moveit_setup_core_plugins:/home/manideep/ws_moveit2/install/moveit_setup_controllers:/home/manideep/ws_moveit2/install/moveit_setup_app_plugins:/home/manideep/ws_moveit2/install/moveit_setup_framework:/home/manideep/ws_moveit2/install/moveit_servo:/home/manideep/ws_moveit2/install/moveit_ros:/home/manideep/ws_moveit2/install/moveit_ros_visualization:/home/manideep/ws_moveit2/install/moveit_hybrid_planning:/home/manideep/ws_moveit2/install/moveit_ros_planning_interface:/home/manideep/ws_moveit2/install/moveit_ros_benchmarks:/home/manideep/ws_moveit2/install/moveit_ros_warehouse:/home/manideep/ws_moveit2/install/moveit_ros_robot_interaction:/home/manideep/ws_moveit2/install/moveit_ros_perception:/home/manideep/ws_moveit2/install/moveit_resources_prbt_pg70_support:/home/manideep/ws_moveit2/install/moveit_resources_prbt_moveit_config:/home/manideep/ws_moveit2/install/moveit_ros_move_group:/home/manideep/ws_moveit2/install/moveit_planners_ompl:/home/manideep/ws_moveit2/install/moveit_ros_planning:/home/manideep/ws_moveit2/install/moveit_ros_occupancy_map_monitor:/home/manideep/ws_moveit2/install/moveit_resources_prbt_ikfast_manipulator_plugin:/home/manideep/ws_moveit2/install/moveit_planners_chomp:/home/manideep/ws_moveit2/install/moveit_kinematics:/home/manideep/ws_moveit2/install/moveit_chomp_optimizer_adapter:/home/manideep/ws_moveit2/install/chomp_motion_planner:/home/manideep/ws_moveit2/install/moveit_core:/home/manideep/ws_moveit2/install/srdfdom:/home/manideep/ws_moveit2/install/rviz_marker_tools:/home/manideep/ws_moveit2/install/rosparam_shortcuts:/home/manideep/ws_moveit2/install/my_environment_package:/home/manideep/ws_moveit2/install/moveit_task_constructor_msgs:/home/manideep/ws_moveit2/install/moveit_resources_prbt_support:/home/manideep/ws_moveit2/install/moveit_resources:/home/manideep/ws_moveit2/install/moveit_resources_pr2_description:/home/manideep/ws_moveit2/install/moveit_resources_panda_moveit_config:/home/manideep/ws_moveit2/install/moveit_resources_panda_description:/home/manideep/ws_moveit2/install/moveit_resources_fanuc_moveit_config:/home/manideep/ws_moveit2/install/moveit_resources_fanuc_description:/home/manideep/ws_moveit2/install/moveit_common:/home/manideep/FrankaSimulator_Ws/install/teleop_keyboard_pkg:/home/manideep/ws_moveit2/install/moveit_configs_utils:/home/manideep/ws_moveit2/install/launch_param_builder:/opt/ros/humble LD_LIBRARY_PATH=/home/manideep/FrankaSimulator_Ws/src/install/gazebo_ros2_control/lib:${LD_LIBRARY_PATH} /usr/bin/cmake /home/manideep/FrankaSimulator_Ws/src/gazebo_ros2_control/gazebo_ros2_control_demos -DCMAKE_INSTALL_PREFIX=/home/manideep/FrankaSimulator_Ws/src/install/gazebo_ros2_control_demos
[23.735s] DEBUG:colcon.colcon_core.event_handler.log_command:Invoking command in '/home/manideep/FrankaSimulator_Ws/src/build/gazebo_ros2_control_demos': AMENT_PREFIX_PATH=/home/manideep/FrankaSimulator_Ws/src/install/gazebo_ros2_control:${AMENT_PREFIX_PATH} CMAKE_PREFIX_PATH=/home/manideep/FrankaSimulator_Ws/src/install/gazebo_ros2_control:/home/manideep/FrankaSimulator_Ws/install/ros2_actions:/home/manideep/FrankaSimulator_Ws/install/panda_ros2_moveit2:/home/manideep/FrankaSimulator_Ws/install/ros2_data:/home/manideep/FrankaSimulator_Ws/install/panda_ros2_gazebo:/home/manideep/FrankaSimulator_Ws/install/gazebo_ros2_control_demos:/home/manideep/FrankaSimulator_Ws/install/gazebo_ros2_control:/home/manideep/ws_moveit2/install/pilz_industrial_motion_planner_testutils:/home/manideep/ws_moveit2/install/moveit_runtime:/home/manideep/ws_moveit2/install/moveit2_tutorials:/home/manideep/ws_moveit2/install/moveit:/home/manideep/ws_moveit2/install/moveit_planners:/home/manideep/ws_moveit2/install/pilz_industrial_motion_planner:/home/manideep/ws_moveit2/install/moveit_visual_tools:/home/manideep/ws_moveit2/install/moveit_task_constructor_visualization:/home/manideep/ws_moveit2/install/moveit_task_constructor_demo:/home/manideep/ws_moveit2/install/moveit_task_constructor_capabilities:/home/manideep/ws_moveit2/install/moveit_task_constructor_core:/home/manideep/ws_moveit2/install/moveit_ros_control_interface:/home/manideep/ws_moveit2/install/moveit_plugins:/home/manideep/ws_moveit2/install/moveit_simple_controller_manager:/home/manideep/ws_moveit2/install/moveit_setup_assistant:/home/manideep/ws_moveit2/install/moveit_setup_srdf_plugins:/home/manideep/ws_moveit2/install/moveit_setup_core_plugins:/home/manideep/ws_moveit2/install/moveit_setup_controllers:/home/manideep/ws_moveit2/install/moveit_setup_app_plugins:/home/manideep/ws_moveit2/install/moveit_setup_framework:/home/manideep/ws_moveit2/install/moveit_servo:/home/manideep/ws_moveit2/install/moveit_ros:/home/manideep/ws_moveit2/install/moveit_ros_visualization:/home/manideep/ws_moveit2/install/moveit_hybrid_planning:/home/manideep/ws_moveit2/install/moveit_ros_planning_interface:/home/manideep/ws_moveit2/install/moveit_ros_benchmarks:/home/manideep/ws_moveit2/install/moveit_ros_warehouse:/home/manideep/ws_moveit2/install/moveit_ros_robot_interaction:/home/manideep/ws_moveit2/install/moveit_ros_perception:/home/manideep/ws_moveit2/install/moveit_resources_prbt_pg70_support:/home/manideep/ws_moveit2/install/moveit_resources_prbt_moveit_config:/home/manideep/ws_moveit2/install/moveit_ros_move_group:/home/manideep/ws_moveit2/install/moveit_planners_ompl:/home/manideep/ws_moveit2/install/moveit_ros_planning:/home/manideep/ws_moveit2/install/moveit_ros_occupancy_map_monitor:/home/manideep/ws_moveit2/install/moveit_resources_prbt_ikfast_manipulator_plugin:/home/manideep/ws_moveit2/install/moveit_planners_chomp:/home/manideep/ws_moveit2/install/moveit_kinematics:/home/manideep/ws_moveit2/install/moveit_chomp_optimizer_adapter:/home/manideep/ws_moveit2/install/chomp_motion_planner:/home/manideep/ws_moveit2/install/moveit_core:/home/manideep/ws_moveit2/install/srdfdom:/home/manideep/ws_moveit2/install/rviz_marker_tools:/home/manideep/ws_moveit2/install/rosparam_shortcuts:/home/manideep/ws_moveit2/install/my_environment_package:/home/manideep/ws_moveit2/install/moveit_task_constructor_msgs:/home/manideep/ws_moveit2/install/moveit_resources_prbt_support:/home/manideep/ws_moveit2/install/moveit_resources:/home/manideep/ws_moveit2/install/moveit_resources_pr2_description:/home/manideep/ws_moveit2/install/moveit_resources_panda_moveit_config:/home/manideep/ws_moveit2/install/moveit_resources_panda_description:/home/manideep/ws_moveit2/install/moveit_resources_fanuc_moveit_config:/home/manideep/ws_moveit2/install/moveit_resources_fanuc_description:/home/manideep/ws_moveit2/install/moveit_common:/home/manideep/FrankaSimulator_Ws/install/teleop_keyboard_pkg:/home/manideep/ws_moveit2/install/moveit_configs_utils:/home/manideep/ws_moveit2/install/launch_param_builder:/opt/ros/humble LD_LIBRARY_PATH=/home/manideep/FrankaSimulator_Ws/src/install/gazebo_ros2_control/lib:${LD_LIBRARY_PATH} /usr/bin/cmake --build /home/manideep/FrankaSimulator_Ws/src/build/gazebo_ros2_control_demos -- -j16 -l16
[33.807s] DEBUG:colcon.colcon_core.event_handler.log_command:Invoked command in '/home/manideep/FrankaSimulator_Ws/src/build/gazebo_ros2_control_demos' returned '0': AMENT_PREFIX_PATH=/home/manideep/FrankaSimulator_Ws/src/install/gazebo_ros2_control:${AMENT_PREFIX_PATH} CMAKE_PREFIX_PATH=/home/manideep/FrankaSimulator_Ws/src/install/gazebo_ros2_control:/home/manideep/FrankaSimulator_Ws/install/ros2_actions:/home/manideep/FrankaSimulator_Ws/install/panda_ros2_moveit2:/home/manideep/FrankaSimulator_Ws/install/ros2_data:/home/manideep/FrankaSimulator_Ws/install/panda_ros2_gazebo:/home/manideep/FrankaSimulator_Ws/install/gazebo_ros2_control_demos:/home/manideep/FrankaSimulator_Ws/install/gazebo_ros2_control:/home/manideep/ws_moveit2/install/pilz_industrial_motion_planner_testutils:/home/manideep/ws_moveit2/install/moveit_runtime:/home/manideep/ws_moveit2/install/moveit2_tutorials:/home/manideep/ws_moveit2/install/moveit:/home/manideep/ws_moveit2/install/moveit_planners:/home/manideep/ws_moveit2/install/pilz_industrial_motion_planner:/home/manideep/ws_moveit2/install/moveit_visual_tools:/home/manideep/ws_moveit2/install/moveit_task_constructor_visualization:/home/manideep/ws_moveit2/install/moveit_task_constructor_demo:/home/manideep/ws_moveit2/install/moveit_task_constructor_capabilities:/home/manideep/ws_moveit2/install/moveit_task_constructor_core:/home/manideep/ws_moveit2/install/moveit_ros_control_interface:/home/manideep/ws_moveit2/install/moveit_plugins:/home/manideep/ws_moveit2/install/moveit_simple_controller_manager:/home/manideep/ws_moveit2/install/moveit_setup_assistant:/home/manideep/ws_moveit2/install/moveit_setup_srdf_plugins:/home/manideep/ws_moveit2/install/moveit_setup_core_plugins:/home/manideep/ws_moveit2/install/moveit_setup_controllers:/home/manideep/ws_moveit2/install/moveit_setup_app_plugins:/home/manideep/ws_moveit2/install/moveit_setup_framework:/home/manideep/ws_moveit2/install/moveit_servo:/home/manideep/ws_moveit2/install/moveit_ros:/home/manideep/ws_moveit2/install/moveit_ros_visualization:/home/manideep/ws_moveit2/install/moveit_hybrid_planning:/home/manideep/ws_moveit2/install/moveit_ros_planning_interface:/home/manideep/ws_moveit2/install/moveit_ros_benchmarks:/home/manideep/ws_moveit2/install/moveit_ros_warehouse:/home/manideep/ws_moveit2/install/moveit_ros_robot_interaction:/home/manideep/ws_moveit2/install/moveit_ros_perception:/home/manideep/ws_moveit2/install/moveit_resources_prbt_pg70_support:/home/manideep/ws_moveit2/install/moveit_resources_prbt_moveit_config:/home/manideep/ws_moveit2/install/moveit_ros_move_group:/home/manideep/ws_moveit2/install/moveit_planners_ompl:/home/manideep/ws_moveit2/install/moveit_ros_planning:/home/manideep/ws_moveit2/install/moveit_ros_occupancy_map_monitor:/home/manideep/ws_moveit2/install/moveit_resources_prbt_ikfast_manipulator_plugin:/home/manideep/ws_moveit2/install/moveit_planners_chomp:/home/manideep/ws_moveit2/install/moveit_kinematics:/home/manideep/ws_moveit2/install/moveit_chomp_optimizer_adapter:/home/manideep/ws_moveit2/install/chomp_motion_planner:/home/manideep/ws_moveit2/install/moveit_core:/home/manideep/ws_moveit2/install/srdfdom:/home/manideep/ws_moveit2/install/rviz_marker_tools:/home/manideep/ws_moveit2/install/rosparam_shortcuts:/home/manideep/ws_moveit2/install/my_environment_package:/home/manideep/ws_moveit2/install/moveit_task_constructor_msgs:/home/manideep/ws_moveit2/install/moveit_resources_prbt_support:/home/manideep/ws_moveit2/install/moveit_resources:/home/manideep/ws_moveit2/install/moveit_resources_pr2_description:/home/manideep/ws_moveit2/install/moveit_resources_panda_moveit_config:/home/manideep/ws_moveit2/install/moveit_resources_panda_description:/home/manideep/ws_moveit2/install/moveit_resources_fanuc_moveit_config:/home/manideep/ws_moveit2/install/moveit_resources_fanuc_description:/home/manideep/ws_moveit2/install/moveit_common:/home/manideep/FrankaSimulator_Ws/install/teleop_keyboard_pkg:/home/manideep/ws_moveit2/install/moveit_configs_utils:/home/manideep/ws_moveit2/install/launch_param_builder:/opt/ros/humble LD_LIBRARY_PATH=/home/manideep/FrankaSimulator_Ws/src/install/gazebo_ros2_control/lib:${LD_LIBRARY_PATH} /usr/bin/cmake --build /home/manideep/FrankaSimulator_Ws/src/build/gazebo_ros2_control_demos -- -j16 -l16
[33.829s] DEBUG:colcon.colcon_core.event_handler.log_command:Invoking command in '/home/manideep/FrankaSimulator_Ws/src/build/gazebo_ros2_control_demos': AMENT_PREFIX_PATH=/home/manideep/FrankaSimulator_Ws/src/install/gazebo_ros2_control:${AMENT_PREFIX_PATH} CMAKE_PREFIX_PATH=/home/manideep/FrankaSimulator_Ws/src/install/gazebo_ros2_control:/home/manideep/FrankaSimulator_Ws/install/ros2_actions:/home/manideep/FrankaSimulator_Ws/install/panda_ros2_moveit2:/home/manideep/FrankaSimulator_Ws/install/ros2_data:/home/manideep/FrankaSimulator_Ws/install/panda_ros2_gazebo:/home/manideep/FrankaSimulator_Ws/install/gazebo_ros2_control_demos:/home/manideep/FrankaSimulator_Ws/install/gazebo_ros2_control:/home/manideep/ws_moveit2/install/pilz_industrial_motion_planner_testutils:/home/manideep/ws_moveit2/install/moveit_runtime:/home/manideep/ws_moveit2/install/moveit2_tutorials:/home/manideep/ws_moveit2/install/moveit:/home/manideep/ws_moveit2/install/moveit_planners:/home/manideep/ws_moveit2/install/pilz_industrial_motion_planner:/home/manideep/ws_moveit2/install/moveit_visual_tools:/home/manideep/ws_moveit2/install/moveit_task_constructor_visualization:/home/manideep/ws_moveit2/install/moveit_task_constructor_demo:/home/manideep/ws_moveit2/install/moveit_task_constructor_capabilities:/home/manideep/ws_moveit2/install/moveit_task_constructor_core:/home/manideep/ws_moveit2/install/moveit_ros_control_interface:/home/manideep/ws_moveit2/install/moveit_plugins:/home/manideep/ws_moveit2/install/moveit_simple_controller_manager:/home/manideep/ws_moveit2/install/moveit_setup_assistant:/home/manideep/ws_moveit2/install/moveit_setup_srdf_plugins:/home/manideep/ws_moveit2/install/moveit_setup_core_plugins:/home/manideep/ws_moveit2/install/moveit_setup_controllers:/home/manideep/ws_moveit2/install/moveit_setup_app_plugins:/home/manideep/ws_moveit2/install/moveit_setup_framework:/home/manideep/ws_moveit2/install/moveit_servo:/home/manideep/ws_moveit2/install/moveit_ros:/home/manideep/ws_moveit2/install/moveit_ros_visualization:/home/manideep/ws_moveit2/install/moveit_hybrid_planning:/home/manideep/ws_moveit2/install/moveit_ros_planning_interface:/home/manideep/ws_moveit2/install/moveit_ros_benchmarks:/home/manideep/ws_moveit2/install/moveit_ros_warehouse:/home/manideep/ws_moveit2/install/moveit_ros_robot_interaction:/home/manideep/ws_moveit2/install/moveit_ros_perception:/home/manideep/ws_moveit2/install/moveit_resources_prbt_pg70_support:/home/manideep/ws_moveit2/install/moveit_resources_prbt_moveit_config:/home/manideep/ws_moveit2/install/moveit_ros_move_group:/home/manideep/ws_moveit2/install/moveit_planners_ompl:/home/manideep/ws_moveit2/install/moveit_ros_planning:/home/manideep/ws_moveit2/install/moveit_ros_occupancy_map_monitor:/home/manideep/ws_moveit2/install/moveit_resources_prbt_ikfast_manipulator_plugin:/home/manideep/ws_moveit2/install/moveit_planners_chomp:/home/manideep/ws_moveit2/install/moveit_kinematics:/home/manideep/ws_moveit2/install/moveit_chomp_optimizer_adapter:/home/manideep/ws_moveit2/install/chomp_motion_planner:/home/manideep/ws_moveit2/install/moveit_core:/home/manideep/ws_moveit2/install/srdfdom:/home/manideep/ws_moveit2/install/rviz_marker_tools:/home/manideep/ws_moveit2/install/rosparam_shortcuts:/home/manideep/ws_moveit2/install/my_environment_package:/home/manideep/ws_moveit2/install/moveit_task_constructor_msgs:/home/manideep/ws_moveit2/install/moveit_resources_prbt_support:/home/manideep/ws_moveit2/install/moveit_resources:/home/manideep/ws_moveit2/install/moveit_resources_pr2_description:/home/manideep/ws_moveit2/install/moveit_resources_panda_moveit_config:/home/manideep/ws_moveit2/install/moveit_resources_panda_description:/home/manideep/ws_moveit2/install/moveit_resources_fanuc_moveit_config:/home/manideep/ws_moveit2/install/moveit_resources_fanuc_description:/home/manideep/ws_moveit2/install/moveit_common:/home/manideep/FrankaSimulator_Ws/install/teleop_keyboard_pkg:/home/manideep/ws_moveit2/install/moveit_configs_utils:/home/manideep/ws_moveit2/install/launch_param_builder:/opt/ros/humble LD_LIBRARY_PATH=/home/manideep/FrankaSimulator_Ws/src/install/gazebo_ros2_control/lib:${LD_LIBRARY_PATH} /usr/bin/cmake --install /home/manideep/FrankaSimulator_Ws/src/build/gazebo_ros2_control_demos
[33.883s] Level 1:colcon.colcon_core.environment:create_environment_scripts_only(gazebo_ros2_control_demos)
[33.893s] Level 1:colcon.colcon_core.environment:checking '/home/manideep/FrankaSimulator_Ws/src/install/gazebo_ros2_control_demos' for CMake module files
[33.894s] DEBUG:colcon.colcon_core.event_handler.log_command:Invoked command in '/home/manideep/FrankaSimulator_Ws/src/build/gazebo_ros2_control_demos' returned '0': AMENT_PREFIX_PATH=/home/manideep/FrankaSimulator_Ws/src/install/gazebo_ros2_control:${AMENT_PREFIX_PATH} CMAKE_PREFIX_PATH=/home/manideep/FrankaSimulator_Ws/src/install/gazebo_ros2_control:/home/manideep/FrankaSimulator_Ws/install/ros2_actions:/home/manideep/FrankaSimulator_Ws/install/panda_ros2_moveit2:/home/manideep/FrankaSimulator_Ws/install/ros2_data:/home/manideep/FrankaSimulator_Ws/install/panda_ros2_gazebo:/home/manideep/FrankaSimulator_Ws/install/gazebo_ros2_control_demos:/home/manideep/FrankaSimulator_Ws/install/gazebo_ros2_control:/home/manideep/ws_moveit2/install/pilz_industrial_motion_planner_testutils:/home/manideep/ws_moveit2/install/moveit_runtime:/home/manideep/ws_moveit2/install/moveit2_tutorials:/home/manideep/ws_moveit2/install/moveit:/home/manideep/ws_moveit2/install/moveit_planners:/home/manideep/ws_moveit2/install/pilz_industrial_motion_planner:/home/manideep/ws_moveit2/install/moveit_visual_tools:/home/manideep/ws_moveit2/install/moveit_task_constructor_visualization:/home/manideep/ws_moveit2/install/moveit_task_constructor_demo:/home/manideep/ws_moveit2/install/moveit_task_constructor_capabilities:/home/manideep/ws_moveit2/install/moveit_task_constructor_core:/home/manideep/ws_moveit2/install/moveit_ros_control_interface:/home/manideep/ws_moveit2/install/moveit_plugins:/home/manideep/ws_moveit2/install/moveit_simple_controller_manager:/home/manideep/ws_moveit2/install/moveit_setup_assistant:/home/manideep/ws_moveit2/install/moveit_setup_srdf_plugins:/home/manideep/ws_moveit2/install/moveit_setup_core_plugins:/home/manideep/ws_moveit2/install/moveit_setup_controllers:/home/manideep/ws_moveit2/install/moveit_setup_app_plugins:/home/manideep/ws_moveit2/install/moveit_setup_framework:/home/manideep/ws_moveit2/install/moveit_servo:/home/manideep/ws_moveit2/install/moveit_ros:/home/manideep/ws_moveit2/install/moveit_ros_visualization:/home/manideep/ws_moveit2/install/moveit_hybrid_planning:/home/manideep/ws_moveit2/install/moveit_ros_planning_interface:/home/manideep/ws_moveit2/install/moveit_ros_benchmarks:/home/manideep/ws_moveit2/install/moveit_ros_warehouse:/home/manideep/ws_moveit2/install/moveit_ros_robot_interaction:/home/manideep/ws_moveit2/install/moveit_ros_perception:/home/manideep/ws_moveit2/install/moveit_resources_prbt_pg70_support:/home/manideep/ws_moveit2/install/moveit_resources_prbt_moveit_config:/home/manideep/ws_moveit2/install/moveit_ros_move_group:/home/manideep/ws_moveit2/install/moveit_planners_ompl:/home/manideep/ws_moveit2/install/moveit_ros_planning:/home/manideep/ws_moveit2/install/moveit_ros_occupancy_map_monitor:/home/manideep/ws_moveit2/install/moveit_resources_prbt_ikfast_manipulator_plugin:/home/manideep/ws_moveit2/install/moveit_planners_chomp:/home/manideep/ws_moveit2/install/moveit_kinematics:/home/manideep/ws_moveit2/install/moveit_chomp_optimizer_adapter:/home/manideep/ws_moveit2/install/chomp_motion_planner:/home/manideep/ws_moveit2/install/moveit_core:/home/manideep/ws_moveit2/install/srdfdom:/home/manideep/ws_moveit2/install/rviz_marker_tools:/home/manideep/ws_moveit2/install/rosparam_shortcuts:/home/manideep/ws_moveit2/install/my_environment_package:/home/manideep/ws_moveit2/install/moveit_task_constructor_msgs:/home/manideep/ws_moveit2/install/moveit_resources_prbt_support:/home/manideep/ws_moveit2/install/moveit_resources:/home/manideep/ws_moveit2/install/moveit_resources_pr2_description:/home/manideep/ws_moveit2/install/moveit_resources_panda_moveit_config:/home/manideep/ws_moveit2/install/moveit_resources_panda_description:/home/manideep/ws_moveit2/install/moveit_resources_fanuc_moveit_config:/home/manideep/ws_moveit2/install/moveit_resources_fanuc_description:/home/manideep/ws_moveit2/install/moveit_common:/home/manideep/FrankaSimulator_Ws/install/teleop_keyboard_pkg:/home/manideep/ws_moveit2/install/moveit_configs_utils:/home/manideep/ws_moveit2/install/launch_param_builder:/opt/ros/humble LD_LIBRARY_PATH=/home/manideep/FrankaSimulator_Ws/src/install/gazebo_ros2_control/lib:${LD_LIBRARY_PATH} /usr/bin/cmake --install /home/manideep/FrankaSimulator_Ws/src/build/gazebo_ros2_control_demos
[33.895s] Level 1:colcon.colcon_core.environment:checking '/home/manideep/FrankaSimulator_Ws/src/install/gazebo_ros2_control_demos' for CMake config files
[33.897s] Level 1:colcon.colcon_core.shell:create_environment_hook('gazebo_ros2_control_demos', 'cmake_prefix_path')
[33.898s] INFO:colcon.colcon_core.shell:Creating environment hook '/home/manideep/FrankaSimulator_Ws/src/install/gazebo_ros2_control_demos/share/gazebo_ros2_control_demos/hook/cmake_prefix_path.ps1'
[33.913s] INFO:colcon.colcon_core.shell:Creating environment descriptor '/home/manideep/FrankaSimulator_Ws/src/install/gazebo_ros2_control_demos/share/gazebo_ros2_control_demos/hook/cmake_prefix_path.dsv'
[33.915s] INFO:colcon.colcon_core.shell:Creating environment hook '/home/manideep/FrankaSimulator_Ws/src/install/gazebo_ros2_control_demos/share/gazebo_ros2_control_demos/hook/cmake_prefix_path.sh'
[33.919s] Level 1:colcon.colcon_core.environment:checking '/home/manideep/FrankaSimulator_Ws/src/install/gazebo_ros2_control_demos/lib'
[33.920s] Level 1:colcon.colcon_core.environment:checking '/home/manideep/FrankaSimulator_Ws/src/install/gazebo_ros2_control_demos/bin'
[33.921s] Level 1:colcon.colcon_core.environment:checking '/home/manideep/FrankaSimulator_Ws/src/install/gazebo_ros2_control_demos/lib/pkgconfig/gazebo_ros2_control_demos.pc'
[33.926s] Level 1:colcon.colcon_core.environment:checking '/home/manideep/FrankaSimulator_Ws/src/install/gazebo_ros2_control_demos/lib/python3.10/site-packages'
[33.927s] Level 1:colcon.colcon_core.environment:checking '/home/manideep/FrankaSimulator_Ws/src/install/gazebo_ros2_control_demos/bin'
[33.927s] INFO:colcon.colcon_core.shell:Creating package script '/home/manideep/FrankaSimulator_Ws/src/install/gazebo_ros2_control_demos/share/gazebo_ros2_control_demos/package.ps1'
[33.930s] INFO:colcon.colcon_core.shell:Creating package descriptor '/home/manideep/FrankaSimulator_Ws/src/install/gazebo_ros2_control_demos/share/gazebo_ros2_control_demos/package.dsv'
[33.931s] INFO:colcon.colcon_core.shell:Creating package script '/home/manideep/FrankaSimulator_Ws/src/install/gazebo_ros2_control_demos/share/gazebo_ros2_control_demos/package.sh'
[33.932s] INFO:colcon.colcon_core.shell:Creating package script '/home/manideep/FrankaSimulator_Ws/src/install/gazebo_ros2_control_demos/share/gazebo_ros2_control_demos/package.bash'
[33.934s] INFO:colcon.colcon_core.shell:Creating package script '/home/manideep/FrankaSimulator_Ws/src/install/gazebo_ros2_control_demos/share/gazebo_ros2_control_demos/package.zsh'
[33.936s] Level 1:colcon.colcon_core.environment:create_file_with_runtime_dependencies(/home/manideep/FrankaSimulator_Ws/src/install/gazebo_ros2_control_demos/share/colcon-core/packages/gazebo_ros2_control_demos)
[33.939s] Level 1:colcon.colcon_core.environment:create_environment_scripts_only(gazebo_ros2_control_demos)
[33.939s] Level 1:colcon.colcon_core.environment:checking '/home/manideep/FrankaSimulator_Ws/src/install/gazebo_ros2_control_demos' for CMake module files
[33.940s] Level 1:colcon.colcon_core.environment:checking '/home/manideep/FrankaSimulator_Ws/src/install/gazebo_ros2_control_demos' for CMake config files
[33.940s] Level 1:colcon.colcon_core.shell:create_environment_hook('gazebo_ros2_control_demos', 'cmake_prefix_path')
[33.941s] INFO:colcon.colcon_core.shell:Creating environment hook '/home/manideep/FrankaSimulator_Ws/src/install/gazebo_ros2_control_demos/share/gazebo_ros2_control_demos/hook/cmake_prefix_path.ps1'
[33.942s] INFO:colcon.colcon_core.shell:Creating environment descriptor '/home/manideep/FrankaSimulator_Ws/src/install/gazebo_ros2_control_demos/share/gazebo_ros2_control_demos/hook/cmake_prefix_path.dsv'
[33.942s] INFO:colcon.colcon_core.shell:Creating environment hook '/home/manideep/FrankaSimulator_Ws/src/install/gazebo_ros2_control_demos/share/gazebo_ros2_control_demos/hook/cmake_prefix_path.sh'
[33.943s] Level 1:colcon.colcon_core.environment:checking '/home/manideep/FrankaSimulator_Ws/src/install/gazebo_ros2_control_demos/lib'
[33.943s] Level 1:colcon.colcon_core.environment:checking '/home/manideep/FrankaSimulator_Ws/src/install/gazebo_ros2_control_demos/bin'
[33.944s] Level 1:colcon.colcon_core.environment:checking '/home/manideep/FrankaSimulator_Ws/src/install/gazebo_ros2_control_demos/lib/pkgconfig/gazebo_ros2_control_demos.pc'
[33.944s] Level 1:colcon.colcon_core.environment:checking '/home/manideep/FrankaSimulator_Ws/src/install/gazebo_ros2_control_demos/lib/python3.10/site-packages'
[33.944s] Level 1:colcon.colcon_core.environment:checking '/home/manideep/FrankaSimulator_Ws/src/install/gazebo_ros2_control_demos/bin'
[33.945s] INFO:colcon.colcon_core.shell:Creating package script '/home/manideep/FrankaSimulator_Ws/src/install/gazebo_ros2_control_demos/share/gazebo_ros2_control_demos/package.ps1'
[33.946s] INFO:colcon.colcon_core.shell:Creating package descriptor '/home/manideep/FrankaSimulator_Ws/src/install/gazebo_ros2_control_demos/share/gazebo_ros2_control_demos/package.dsv'
[33.947s] INFO:colcon.colcon_core.shell:Creating package script '/home/manideep/FrankaSimulator_Ws/src/install/gazebo_ros2_control_demos/share/gazebo_ros2_control_demos/package.sh'
[33.947s] INFO:colcon.colcon_core.shell:Creating package script '/home/manideep/FrankaSimulator_Ws/src/install/gazebo_ros2_control_demos/share/gazebo_ros2_control_demos/package.bash'
[33.948s] INFO:colcon.colcon_core.shell:Creating package script '/home/manideep/FrankaSimulator_Ws/src/install/gazebo_ros2_control_demos/share/gazebo_ros2_control_demos/package.zsh'
[33.948s] Level 1:colcon.colcon_core.environment:create_file_with_runtime_dependencies(/home/manideep/FrankaSimulator_Ws/src/install/gazebo_ros2_control_demos/share/colcon-core/packages/gazebo_ros2_control_demos)
[36.705s] DEBUG:colcon.colcon_core.event_handler.log_command:Invoked command in '/home/manideep/FrankaSimulator_Ws/src/build/ros2_actions' returned '0': AMENT_PREFIX_PATH=/home/manideep/FrankaSimulator_Ws/src/install/ros2_data:${AMENT_PREFIX_PATH} CMAKE_PREFIX_PATH=/home/manideep/FrankaSimulator_Ws/src/install/ros2_data:/home/manideep/FrankaSimulator_Ws/install/ros2_actions:/home/manideep/FrankaSimulator_Ws/install/panda_ros2_moveit2:/home/manideep/FrankaSimulator_Ws/install/ros2_data:/home/manideep/FrankaSimulator_Ws/install/panda_ros2_gazebo:/home/manideep/FrankaSimulator_Ws/install/gazebo_ros2_control_demos:/home/manideep/FrankaSimulator_Ws/install/gazebo_ros2_control:/home/manideep/ws_moveit2/install/pilz_industrial_motion_planner_testutils:/home/manideep/ws_moveit2/install/moveit_runtime:/home/manideep/ws_moveit2/install/moveit2_tutorials:/home/manideep/ws_moveit2/install/moveit:/home/manideep/ws_moveit2/install/moveit_planners:/home/manideep/ws_moveit2/install/pilz_industrial_motion_planner:/home/manideep/ws_moveit2/install/moveit_visual_tools:/home/manideep/ws_moveit2/install/moveit_task_constructor_visualization:/home/manideep/ws_moveit2/install/moveit_task_constructor_demo:/home/manideep/ws_moveit2/install/moveit_task_constructor_capabilities:/home/manideep/ws_moveit2/install/moveit_task_constructor_core:/home/manideep/ws_moveit2/install/moveit_ros_control_interface:/home/manideep/ws_moveit2/install/moveit_plugins:/home/manideep/ws_moveit2/install/moveit_simple_controller_manager:/home/manideep/ws_moveit2/install/moveit_setup_assistant:/home/manideep/ws_moveit2/install/moveit_setup_srdf_plugins:/home/manideep/ws_moveit2/install/moveit_setup_core_plugins:/home/manideep/ws_moveit2/install/moveit_setup_controllers:/home/manideep/ws_moveit2/install/moveit_setup_app_plugins:/home/manideep/ws_moveit2/install/moveit_setup_framework:/home/manideep/ws_moveit2/install/moveit_servo:/home/manideep/ws_moveit2/install/moveit_ros:/home/manideep/ws_moveit2/install/moveit_ros_visualization:/home/manideep/ws_moveit2/install/moveit_hybrid_planning:/home/manideep/ws_moveit2/install/moveit_ros_planning_interface:/home/manideep/ws_moveit2/install/moveit_ros_benchmarks:/home/manideep/ws_moveit2/install/moveit_ros_warehouse:/home/manideep/ws_moveit2/install/moveit_ros_robot_interaction:/home/manideep/ws_moveit2/install/moveit_ros_perception:/home/manideep/ws_moveit2/install/moveit_resources_prbt_pg70_support:/home/manideep/ws_moveit2/install/moveit_resources_prbt_moveit_config:/home/manideep/ws_moveit2/install/moveit_ros_move_group:/home/manideep/ws_moveit2/install/moveit_planners_ompl:/home/manideep/ws_moveit2/install/moveit_ros_planning:/home/manideep/ws_moveit2/install/moveit_ros_occupancy_map_monitor:/home/manideep/ws_moveit2/install/moveit_resources_prbt_ikfast_manipulator_plugin:/home/manideep/ws_moveit2/install/moveit_planners_chomp:/home/manideep/ws_moveit2/install/moveit_kinematics:/home/manideep/ws_moveit2/install/moveit_chomp_optimizer_adapter:/home/manideep/ws_moveit2/install/chomp_motion_planner:/home/manideep/ws_moveit2/install/moveit_core:/home/manideep/ws_moveit2/install/srdfdom:/home/manideep/ws_moveit2/install/rviz_marker_tools:/home/manideep/ws_moveit2/install/rosparam_shortcuts:/home/manideep/ws_moveit2/install/my_environment_package:/home/manideep/ws_moveit2/install/moveit_task_constructor_msgs:/home/manideep/ws_moveit2/install/moveit_resources_prbt_support:/home/manideep/ws_moveit2/install/moveit_resources:/home/manideep/ws_moveit2/install/moveit_resources_pr2_description:/home/manideep/ws_moveit2/install/moveit_resources_panda_moveit_config:/home/manideep/ws_moveit2/install/moveit_resources_panda_description:/home/manideep/ws_moveit2/install/moveit_resources_fanuc_moveit_config:/home/manideep/ws_moveit2/install/moveit_resources_fanuc_description:/home/manideep/ws_moveit2/install/moveit_common:/home/manideep/FrankaSimulator_Ws/install/teleop_keyboard_pkg:/home/manideep/ws_moveit2/install/moveit_configs_utils:/home/manideep/ws_moveit2/install/launch_param_builder:/opt/ros/humble LD_LIBRARY_PATH=/home/manideep/FrankaSimulator_Ws/src/install/ros2_data/lib:${LD_LIBRARY_PATH} PYTHONPATH=/home/manideep/FrankaSimulator_Ws/src/install/ros2_data/lib/python3.10/site-packages:${PYTHONPATH} /usr/bin/cmake --build /home/manideep/FrankaSimulator_Ws/src/build/ros2_actions -- -j16 -l16
[36.710s] DEBUG:colcon.colcon_core.event_handler.log_command:Invoking command in '/home/manideep/FrankaSimulator_Ws/src/build/ros2_actions': AMENT_PREFIX_PATH=/home/manideep/FrankaSimulator_Ws/src/install/ros2_data:${AMENT_PREFIX_PATH} CMAKE_PREFIX_PATH=/home/manideep/FrankaSimulator_Ws/src/install/ros2_data:/home/manideep/FrankaSimulator_Ws/install/ros2_actions:/home/manideep/FrankaSimulator_Ws/install/panda_ros2_moveit2:/home/manideep/FrankaSimulator_Ws/install/ros2_data:/home/manideep/FrankaSimulator_Ws/install/panda_ros2_gazebo:/home/manideep/FrankaSimulator_Ws/install/gazebo_ros2_control_demos:/home/manideep/FrankaSimulator_Ws/install/gazebo_ros2_control:/home/manideep/ws_moveit2/install/pilz_industrial_motion_planner_testutils:/home/manideep/ws_moveit2/install/moveit_runtime:/home/manideep/ws_moveit2/install/moveit2_tutorials:/home/manideep/ws_moveit2/install/moveit:/home/manideep/ws_moveit2/install/moveit_planners:/home/manideep/ws_moveit2/install/pilz_industrial_motion_planner:/home/manideep/ws_moveit2/install/moveit_visual_tools:/home/manideep/ws_moveit2/install/moveit_task_constructor_visualization:/home/manideep/ws_moveit2/install/moveit_task_constructor_demo:/home/manideep/ws_moveit2/install/moveit_task_constructor_capabilities:/home/manideep/ws_moveit2/install/moveit_task_constructor_core:/home/manideep/ws_moveit2/install/moveit_ros_control_interface:/home/manideep/ws_moveit2/install/moveit_plugins:/home/manideep/ws_moveit2/install/moveit_simple_controller_manager:/home/manideep/ws_moveit2/install/moveit_setup_assistant:/home/manideep/ws_moveit2/install/moveit_setup_srdf_plugins:/home/manideep/ws_moveit2/install/moveit_setup_core_plugins:/home/manideep/ws_moveit2/install/moveit_setup_controllers:/home/manideep/ws_moveit2/install/moveit_setup_app_plugins:/home/manideep/ws_moveit2/install/moveit_setup_framework:/home/manideep/ws_moveit2/install/moveit_servo:/home/manideep/ws_moveit2/install/moveit_ros:/home/manideep/ws_moveit2/install/moveit_ros_visualization:/home/manideep/ws_moveit2/install/moveit_hybrid_planning:/home/manideep/ws_moveit2/install/moveit_ros_planning_interface:/home/manideep/ws_moveit2/install/moveit_ros_benchmarks:/home/manideep/ws_moveit2/install/moveit_ros_warehouse:/home/manideep/ws_moveit2/install/moveit_ros_robot_interaction:/home/manideep/ws_moveit2/install/moveit_ros_perception:/home/manideep/ws_moveit2/install/moveit_resources_prbt_pg70_support:/home/manideep/ws_moveit2/install/moveit_resources_prbt_moveit_config:/home/manideep/ws_moveit2/install/moveit_ros_move_group:/home/manideep/ws_moveit2/install/moveit_planners_ompl:/home/manideep/ws_moveit2/install/moveit_ros_planning:/home/manideep/ws_moveit2/install/moveit_ros_occupancy_map_monitor:/home/manideep/ws_moveit2/install/moveit_resources_prbt_ikfast_manipulator_plugin:/home/manideep/ws_moveit2/install/moveit_planners_chomp:/home/manideep/ws_moveit2/install/moveit_kinematics:/home/manideep/ws_moveit2/install/moveit_chomp_optimizer_adapter:/home/manideep/ws_moveit2/install/chomp_motion_planner:/home/manideep/ws_moveit2/install/moveit_core:/home/manideep/ws_moveit2/install/srdfdom:/home/manideep/ws_moveit2/install/rviz_marker_tools:/home/manideep/ws_moveit2/install/rosparam_shortcuts:/home/manideep/ws_moveit2/install/my_environment_package:/home/manideep/ws_moveit2/install/moveit_task_constructor_msgs:/home/manideep/ws_moveit2/install/moveit_resources_prbt_support:/home/manideep/ws_moveit2/install/moveit_resources:/home/manideep/ws_moveit2/install/moveit_resources_pr2_description:/home/manideep/ws_moveit2/install/moveit_resources_panda_moveit_config:/home/manideep/ws_moveit2/install/moveit_resources_panda_description:/home/manideep/ws_moveit2/install/moveit_resources_fanuc_moveit_config:/home/manideep/ws_moveit2/install/moveit_resources_fanuc_description:/home/manideep/ws_moveit2/install/moveit_common:/home/manideep/FrankaSimulator_Ws/install/teleop_keyboard_pkg:/home/manideep/ws_moveit2/install/moveit_configs_utils:/home/manideep/ws_moveit2/install/launch_param_builder:/opt/ros/humble LD_LIBRARY_PATH=/home/manideep/FrankaSimulator_Ws/src/install/ros2_data/lib:${LD_LIBRARY_PATH} PYTHONPATH=/home/manideep/FrankaSimulator_Ws/src/install/ros2_data/lib/python3.10/site-packages:${PYTHONPATH} /usr/bin/cmake --install /home/manideep/FrankaSimulator_Ws/src/build/ros2_actions
[36.739s] Level 1:colcon.colcon_core.environment:create_environment_scripts_only(ros2_actions)
[36.740s] Level 1:colcon.colcon_core.environment:checking '/home/manideep/FrankaSimulator_Ws/src/install/ros2_actions' for CMake module files
[36.740s] DEBUG:colcon.colcon_core.event_handler.log_command:Invoked command in '/home/manideep/FrankaSimulator_Ws/src/build/ros2_actions' returned '0': AMENT_PREFIX_PATH=/home/manideep/FrankaSimulator_Ws/src/install/ros2_data:${AMENT_PREFIX_PATH} CMAKE_PREFIX_PATH=/home/manideep/FrankaSimulator_Ws/src/install/ros2_data:/home/manideep/FrankaSimulator_Ws/install/ros2_actions:/home/manideep/FrankaSimulator_Ws/install/panda_ros2_moveit2:/home/manideep/FrankaSimulator_Ws/install/ros2_data:/home/manideep/FrankaSimulator_Ws/install/panda_ros2_gazebo:/home/manideep/FrankaSimulator_Ws/install/gazebo_ros2_control_demos:/home/manideep/FrankaSimulator_Ws/install/gazebo_ros2_control:/home/manideep/ws_moveit2/install/pilz_industrial_motion_planner_testutils:/home/manideep/ws_moveit2/install/moveit_runtime:/home/manideep/ws_moveit2/install/moveit2_tutorials:/home/manideep/ws_moveit2/install/moveit:/home/manideep/ws_moveit2/install/moveit_planners:/home/manideep/ws_moveit2/install/pilz_industrial_motion_planner:/home/manideep/ws_moveit2/install/moveit_visual_tools:/home/manideep/ws_moveit2/install/moveit_task_constructor_visualization:/home/manideep/ws_moveit2/install/moveit_task_constructor_demo:/home/manideep/ws_moveit2/install/moveit_task_constructor_capabilities:/home/manideep/ws_moveit2/install/moveit_task_constructor_core:/home/manideep/ws_moveit2/install/moveit_ros_control_interface:/home/manideep/ws_moveit2/install/moveit_plugins:/home/manideep/ws_moveit2/install/moveit_simple_controller_manager:/home/manideep/ws_moveit2/install/moveit_setup_assistant:/home/manideep/ws_moveit2/install/moveit_setup_srdf_plugins:/home/manideep/ws_moveit2/install/moveit_setup_core_plugins:/home/manideep/ws_moveit2/install/moveit_setup_controllers:/home/manideep/ws_moveit2/install/moveit_setup_app_plugins:/home/manideep/ws_moveit2/install/moveit_setup_framework:/home/manideep/ws_moveit2/install/moveit_servo:/home/manideep/ws_moveit2/install/moveit_ros:/home/manideep/ws_moveit2/install/moveit_ros_visualization:/home/manideep/ws_moveit2/install/moveit_hybrid_planning:/home/manideep/ws_moveit2/install/moveit_ros_planning_interface:/home/manideep/ws_moveit2/install/moveit_ros_benchmarks:/home/manideep/ws_moveit2/install/moveit_ros_warehouse:/home/manideep/ws_moveit2/install/moveit_ros_robot_interaction:/home/manideep/ws_moveit2/install/moveit_ros_perception:/home/manideep/ws_moveit2/install/moveit_resources_prbt_pg70_support:/home/manideep/ws_moveit2/install/moveit_resources_prbt_moveit_config:/home/manideep/ws_moveit2/install/moveit_ros_move_group:/home/manideep/ws_moveit2/install/moveit_planners_ompl:/home/manideep/ws_moveit2/install/moveit_ros_planning:/home/manideep/ws_moveit2/install/moveit_ros_occupancy_map_monitor:/home/manideep/ws_moveit2/install/moveit_resources_prbt_ikfast_manipulator_plugin:/home/manideep/ws_moveit2/install/moveit_planners_chomp:/home/manideep/ws_moveit2/install/moveit_kinematics:/home/manideep/ws_moveit2/install/moveit_chomp_optimizer_adapter:/home/manideep/ws_moveit2/install/chomp_motion_planner:/home/manideep/ws_moveit2/install/moveit_core:/home/manideep/ws_moveit2/install/srdfdom:/home/manideep/ws_moveit2/install/rviz_marker_tools:/home/manideep/ws_moveit2/install/rosparam_shortcuts:/home/manideep/ws_moveit2/install/my_environment_package:/home/manideep/ws_moveit2/install/moveit_task_constructor_msgs:/home/manideep/ws_moveit2/install/moveit_resources_prbt_support:/home/manideep/ws_moveit2/install/moveit_resources:/home/manideep/ws_moveit2/install/moveit_resources_pr2_description:/home/manideep/ws_moveit2/install/moveit_resources_panda_moveit_config:/home/manideep/ws_moveit2/install/moveit_resources_panda_description:/home/manideep/ws_moveit2/install/moveit_resources_fanuc_moveit_config:/home/manideep/ws_moveit2/install/moveit_resources_fanuc_description:/home/manideep/ws_moveit2/install/moveit_common:/home/manideep/FrankaSimulator_Ws/install/teleop_keyboard_pkg:/home/manideep/ws_moveit2/install/moveit_configs_utils:/home/manideep/ws_moveit2/install/launch_param_builder:/opt/ros/humble LD_LIBRARY_PATH=/home/manideep/FrankaSimulator_Ws/src/install/ros2_data/lib:${LD_LIBRARY_PATH} PYTHONPATH=/home/manideep/FrankaSimulator_Ws/src/install/ros2_data/lib/python3.10/site-packages:${PYTHONPATH} /usr/bin/cmake --install /home/manideep/FrankaSimulator_Ws/src/build/ros2_actions
[36.740s] Level 1:colcon.colcon_core.environment:checking '/home/manideep/FrankaSimulator_Ws/src/install/ros2_actions' for CMake config files
[36.740s] Level 1:colcon.colcon_core.shell:create_environment_hook('ros2_actions', 'cmake_prefix_path')
[36.741s] INFO:colcon.colcon_core.shell:Creating environment hook '/home/manideep/FrankaSimulator_Ws/src/install/ros2_actions/share/ros2_actions/hook/cmake_prefix_path.ps1'
[36.741s] INFO:colcon.colcon_core.shell:Creating environment descriptor '/home/manideep/FrankaSimulator_Ws/src/install/ros2_actions/share/ros2_actions/hook/cmake_prefix_path.dsv'
[36.741s] INFO:colcon.colcon_core.shell:Creating environment hook '/home/manideep/FrankaSimulator_Ws/src/install/ros2_actions/share/ros2_actions/hook/cmake_prefix_path.sh'
[36.742s] Level 1:colcon.colcon_core.environment:checking '/home/manideep/FrankaSimulator_Ws/src/install/ros2_actions/lib'
[36.742s] Level 1:colcon.colcon_core.environment:checking '/home/manideep/FrankaSimulator_Ws/src/install/ros2_actions/bin'
[36.742s] Level 1:colcon.colcon_core.environment:checking '/home/manideep/FrankaSimulator_Ws/src/install/ros2_actions/lib/pkgconfig/ros2_actions.pc'
[36.742s] Level 1:colcon.colcon_core.environment:checking '/home/manideep/FrankaSimulator_Ws/src/install/ros2_actions/lib/python3.10/site-packages'
[36.742s] Level 1:colcon.colcon_core.environment:checking '/home/manideep/FrankaSimulator_Ws/src/install/ros2_actions/bin'
[36.742s] INFO:colcon.colcon_core.shell:Creating package script '/home/manideep/FrankaSimulator_Ws/src/install/ros2_actions/share/ros2_actions/package.ps1'
[36.743s] INFO:colcon.colcon_core.shell:Creating package descriptor '/home/manideep/FrankaSimulator_Ws/src/install/ros2_actions/share/ros2_actions/package.dsv'
[36.743s] INFO:colcon.colcon_core.shell:Creating package script '/home/manideep/FrankaSimulator_Ws/src/install/ros2_actions/share/ros2_actions/package.sh'
[36.743s] INFO:colcon.colcon_core.shell:Creating package script '/home/manideep/FrankaSimulator_Ws/src/install/ros2_actions/share/ros2_actions/package.bash'
[36.743s] INFO:colcon.colcon_core.shell:Creating package script '/home/manideep/FrankaSimulator_Ws/src/install/ros2_actions/share/ros2_actions/package.zsh'
[36.744s] Level 1:colcon.colcon_core.environment:create_file_with_runtime_dependencies(/home/manideep/FrankaSimulator_Ws/src/install/ros2_actions/share/colcon-core/packages/ros2_actions)
[36.744s] Level 1:colcon.colcon_core.environment:create_environment_scripts_only(ros2_actions)
[36.744s] Level 1:colcon.colcon_core.environment:checking '/home/manideep/FrankaSimulator_Ws/src/install/ros2_actions' for CMake module files
[36.744s] Level 1:colcon.colcon_core.environment:checking '/home/manideep/FrankaSimulator_Ws/src/install/ros2_actions' for CMake config files
[36.745s] Level 1:colcon.colcon_core.shell:create_environment_hook('ros2_actions', 'cmake_prefix_path')
[36.745s] INFO:colcon.colcon_core.shell:Creating environment hook '/home/manideep/FrankaSimulator_Ws/src/install/ros2_actions/share/ros2_actions/hook/cmake_prefix_path.ps1'
[36.745s] INFO:colcon.colcon_core.shell:Creating environment descriptor '/home/manideep/FrankaSimulator_Ws/src/install/ros2_actions/share/ros2_actions/hook/cmake_prefix_path.dsv'
[36.745s] INFO:colcon.colcon_core.shell:Creating environment hook '/home/manideep/FrankaSimulator_Ws/src/install/ros2_actions/share/ros2_actions/hook/cmake_prefix_path.sh'
[36.746s] Level 1:colcon.colcon_core.environment:checking '/home/manideep/FrankaSimulator_Ws/src/install/ros2_actions/lib'
[36.746s] Level 1:colcon.colcon_core.environment:checking '/home/manideep/FrankaSimulator_Ws/src/install/ros2_actions/bin'
[36.746s] Level 1:colcon.colcon_core.environment:checking '/home/manideep/FrankaSimulator_Ws/src/install/ros2_actions/lib/pkgconfig/ros2_actions.pc'
[36.746s] Level 1:colcon.colcon_core.environment:checking '/home/manideep/FrankaSimulator_Ws/src/install/ros2_actions/lib/python3.10/site-packages'
[36.747s] Level 1:colcon.colcon_core.environment:checking '/home/manideep/FrankaSimulator_Ws/src/install/ros2_actions/bin'
[36.747s] INFO:colcon.colcon_core.shell:Creating package script '/home/manideep/FrankaSimulator_Ws/src/install/ros2_actions/share/ros2_actions/package.ps1'
[36.750s] INFO:colcon.colcon_core.shell:Creating package descriptor '/home/manideep/FrankaSimulator_Ws/src/install/ros2_actions/share/ros2_actions/package.dsv'
[36.750s] INFO:colcon.colcon_core.shell:Creating package script '/home/manideep/FrankaSimulator_Ws/src/install/ros2_actions/share/ros2_actions/package.sh'
[36.750s] INFO:colcon.colcon_core.shell:Creating package script '/home/manideep/FrankaSimulator_Ws/src/install/ros2_actions/share/ros2_actions/package.bash'
[36.751s] INFO:colcon.colcon_core.shell:Creating package script '/home/manideep/FrankaSimulator_Ws/src/install/ros2_actions/share/ros2_actions/package.zsh'
[36.751s] Level 1:colcon.colcon_core.environment:create_file_with_runtime_dependencies(/home/manideep/FrankaSimulator_Ws/src/install/ros2_actions/share/colcon-core/packages/ros2_actions)
[36.752s] DEBUG:colcon.colcon_parallel_executor.executor.parallel:closing loop
[36.754s] DEBUG:colcon.colcon_parallel_executor.executor.parallel:loop closed
[36.754s] DEBUG:colcon.colcon_parallel_executor.executor.parallel:run_until_complete finished with '0'
[36.754s] DEBUG:colcon.colcon_core.event_reactor:joining thread
[36.787s] INFO:colcon.colcon_core.plugin_system:Skipping extension 'colcon_notification.desktop_notification.terminal_notifier': Not used on non-Darwin systems
[36.787s] INFO:colcon.colcon_core.plugin_system:Skipping extension 'colcon_notification.desktop_notification.win32': Not used on non-Windows systems
[36.787s] INFO:colcon.colcon_notification.desktop_notification:Sending desktop notification using 'notify2'
[36.865s] DEBUG:colcon.colcon_core.event_reactor:joined thread
[36.867s] INFO:colcon.colcon_core.shell:Creating prefix script '/home/manideep/FrankaSimulator_Ws/src/install/local_setup.ps1'
[36.869s] INFO:colcon.colcon_core.shell:Creating prefix util module '/home/manideep/FrankaSimulator_Ws/src/install/_local_setup_util_ps1.py'
[36.871s] INFO:colcon.colcon_core.shell:Creating prefix chain script '/home/manideep/FrankaSimulator_Ws/src/install/setup.ps1'
[36.885s] INFO:colcon.colcon_core.shell:Creating prefix script '/home/manideep/FrankaSimulator_Ws/src/install/local_setup.sh'
[36.886s] INFO:colcon.colcon_core.shell:Creating prefix util module '/home/manideep/FrankaSimulator_Ws/src/install/_local_setup_util_sh.py'
[36.887s] INFO:colcon.colcon_core.shell:Creating prefix chain script '/home/manideep/FrankaSimulator_Ws/src/install/setup.sh'
[36.891s] INFO:colcon.colcon_core.shell:Creating prefix script '/home/manideep/FrankaSimulator_Ws/src/install/local_setup.bash'
[36.892s] INFO:colcon.colcon_core.shell:Creating prefix chain script '/home/manideep/FrankaSimulator_Ws/src/install/setup.bash'
[36.897s] INFO:colcon.colcon_core.shell:Creating prefix script '/home/manideep/FrankaSimulator_Ws/src/install/local_setup.zsh'
[36.898s] INFO:colcon.colcon_core.shell:Creating prefix chain script '/home/manideep/FrankaSimulator_Ws/src/install/setup.zsh'
