[0.099s] DEBUG:colcon:Command line arguments: ['/usr/bin/colcon', 'build']
[0.099s] DEBUG:colcon:Parsed command line arguments: Namespace(log_base=None, log_level=None, verb_name='build', build_base='build', install_base='install', merge_install=False, symlink_install=False, test_result_base=None, continue_on_error=False, executor='parallel', parallel_workers=16, event_handlers=None, ignore_user_meta=False, metas=['./colcon.meta'], base_paths=['.'], packages_ignore=None, packages_ignore_regex=None, paths=None, packages_up_to=None, packages_up_to_regex=None, packages_above=None, packages_above_and_dependencies=None, packages_above_depth=None, packages_select_by_dep=None, packages_skip_by_dep=None, packages_skip_up_to=None, packages_select_build_failed=False, packages_skip_build_finished=False, packages_select_test_failures=False, packages_skip_test_passed=False, packages_select=None, packages_skip=None, packages_select_regex=None, packages_skip_regex=None, packages_start=None, packages_end=None, allow_overriding=[], cmake_args=None, cmake_target=None, cmake_target_skip_unavailable=False, cmake_clean_cache=False, cmake_clean_first=False, cmake_force_configure=False, ament_cmake_args=None, catkin_cmake_args=None, catkin_skip_building_tests=False, mixin_files=None, mixin=None, verb_parser=<colcon_mixin.mixin.mixin_argument.MixinArgumentDecorator object at 0x744b3b6aa950>, verb_extension=<colcon_core.verb.build.BuildVerb object at 0x744b3b6aa3e0>, main=<bound method BuildVerb.main of <colcon_core.verb.build.BuildVerb object at 0x744b3b6aa3e0>>, mixin_verb=('build',))
[0.237s] Level 1:colcon.colcon_core.package_discovery:discover_packages(colcon_meta) check parameters
[0.237s] Level 1:colcon.colcon_core.package_discovery:discover_packages(recursive) check parameters
[0.237s] Level 1:colcon.colcon_core.package_discovery:discover_packages(ignore) check parameters
[0.237s] Level 1:colcon.colcon_core.package_discovery:discover_packages(path) check parameters
[0.237s] Level 1:colcon.colcon_core.package_discovery:discover_packages(colcon_meta) discover
[0.237s] Level 1:colcon.colcon_core.package_discovery:discover_packages(recursive) discover
[0.237s] INFO:colcon.colcon_core.package_discovery:Crawling recursively for packages in '/home/manideep/FrankaSimulator_Ws'
[0.237s] Level 1:colcon.colcon_core.package_identification:_identify(.) by extensions ['ignore', 'ignore_ament_install']
[0.237s] Level 1:colcon.colcon_core.package_identification:_identify(.) by extension 'ignore'
[0.237s] Level 1:colcon.colcon_core.package_identification:_identify(.) by extension 'ignore_ament_install'
[0.237s] Level 1:colcon.colcon_core.package_identification:_identify(.) by extensions ['colcon_pkg']
[0.237s] Level 1:colcon.colcon_core.package_identification:_identify(.) by extension 'colcon_pkg'
[0.237s] Level 1:colcon.colcon_core.package_identification:_identify(.) by extensions ['colcon_meta']
[0.237s] Level 1:colcon.colcon_core.package_identification:_identify(.) by extension 'colcon_meta'
[0.237s] Level 1:colcon.colcon_core.package_identification:_identify(.) by extensions ['ros']
[0.237s] Level 1:colcon.colcon_core.package_identification:_identify(.) by extension 'ros'
[0.244s] Level 1:colcon.colcon_core.package_identification:_identify(.) by extensions ['cmake', 'python']
[0.244s] Level 1:colcon.colcon_core.package_identification:_identify(.) by extension 'cmake'
[0.245s] Level 1:colcon.colcon_core.package_identification:_identify(.) by extension 'python'
[0.245s] Level 1:colcon.colcon_core.package_identification:_identify(.) by extensions ['python_setup_py']
[0.245s] Level 1:colcon.colcon_core.package_identification:_identify(.) by extension 'python_setup_py'
[0.245s] Level 1:colcon.colcon_core.package_identification:_identify(build) by extensions ['ignore', 'ignore_ament_install']
[0.245s] Level 1:colcon.colcon_core.package_identification:_identify(build) by extension 'ignore'
[0.245s] Level 1:colcon.colcon_core.package_identification:_identify(build) ignored
[0.245s] Level 1:colcon.colcon_core.package_identification:_identify(install) by extensions ['ignore', 'ignore_ament_install']
[0.245s] Level 1:colcon.colcon_core.package_identification:_identify(install) by extension 'ignore'
[0.245s] Level 1:colcon.colcon_core.package_identification:_identify(install) ignored
[0.245s] Level 1:colcon.colcon_core.package_identification:_identify(log) by extensions ['ignore', 'ignore_ament_install']
[0.245s] Level 1:colcon.colcon_core.package_identification:_identify(log) by extension 'ignore'
[0.245s] Level 1:colcon.colcon_core.package_identification:_identify(log) ignored
[0.245s] Level 1:colcon.colcon_core.package_identification:_identify(src) by extensions ['ignore', 'ignore_ament_install']
[0.245s] Level 1:colcon.colcon_core.package_identification:_identify(src) by extension 'ignore'
[0.245s] Level 1:colcon.colcon_core.package_identification:_identify(src) by extension 'ignore_ament_install'
[0.245s] Level 1:colcon.colcon_core.package_identification:_identify(src) by extensions ['colcon_pkg']
[0.245s] Level 1:colcon.colcon_core.package_identification:_identify(src) by extension 'colcon_pkg'
[0.245s] Level 1:colcon.colcon_core.package_identification:_identify(src) by extensions ['colcon_meta']
[0.245s] Level 1:colcon.colcon_core.package_identification:_identify(src) by extension 'colcon_meta'
[0.245s] Level 1:colcon.colcon_core.package_identification:_identify(src) by extensions ['ros']
[0.245s] Level 1:colcon.colcon_core.package_identification:_identify(src) by extension 'ros'
[0.245s] Level 1:colcon.colcon_core.package_identification:_identify(src) by extensions ['cmake', 'python']
[0.245s] Level 1:colcon.colcon_core.package_identification:_identify(src) by extension 'cmake'
[0.245s] Level 1:colcon.colcon_core.package_identification:_identify(src) by extension 'python'
[0.245s] Level 1:colcon.colcon_core.package_identification:_identify(src) by extensions ['python_setup_py']
[0.245s] Level 1:colcon.colcon_core.package_identification:_identify(src) by extension 'python_setup_py'
[0.245s] Level 1:colcon.colcon_core.package_identification:_identify(src/PandaRobot) by extensions ['ignore', 'ignore_ament_install']
[0.245s] Level 1:colcon.colcon_core.package_identification:_identify(src/PandaRobot) by extension 'ignore'
[0.245s] Level 1:colcon.colcon_core.package_identification:_identify(src/PandaRobot) by extension 'ignore_ament_install'
[0.245s] Level 1:colcon.colcon_core.package_identification:_identify(src/PandaRobot) by extensions ['colcon_pkg']
[0.245s] Level 1:colcon.colcon_core.package_identification:_identify(src/PandaRobot) by extension 'colcon_pkg'
[0.245s] Level 1:colcon.colcon_core.package_identification:_identify(src/PandaRobot) by extensions ['colcon_meta']
[0.245s] Level 1:colcon.colcon_core.package_identification:_identify(src/PandaRobot) by extension 'colcon_meta'
[0.246s] Level 1:colcon.colcon_core.package_identification:_identify(src/PandaRobot) by extensions ['ros']
[0.246s] Level 1:colcon.colcon_core.package_identification:_identify(src/PandaRobot) by extension 'ros'
[0.246s] Level 1:colcon.colcon_core.package_identification:_identify(src/PandaRobot) by extensions ['cmake', 'python']
[0.246s] Level 1:colcon.colcon_core.package_identification:_identify(src/PandaRobot) by extension 'cmake'
[0.246s] Level 1:colcon.colcon_core.package_identification:_identify(src/PandaRobot) by extension 'python'
[0.246s] Level 1:colcon.colcon_core.package_identification:_identify(src/PandaRobot) by extensions ['python_setup_py']
[0.246s] Level 1:colcon.colcon_core.package_identification:_identify(src/PandaRobot) by extension 'python_setup_py'
[0.246s] Level 1:colcon.colcon_core.package_identification:_identify(src/PandaRobot/panda_ros2_gazebo) by extensions ['ignore', 'ignore_ament_install']
[0.246s] Level 1:colcon.colcon_core.package_identification:_identify(src/PandaRobot/panda_ros2_gazebo) by extension 'ignore'
[0.246s] Level 1:colcon.colcon_core.package_identification:_identify(src/PandaRobot/panda_ros2_gazebo) by extension 'ignore_ament_install'
[0.246s] Level 1:colcon.colcon_core.package_identification:_identify(src/PandaRobot/panda_ros2_gazebo) by extensions ['colcon_pkg']
[0.246s] Level 1:colcon.colcon_core.package_identification:_identify(src/PandaRobot/panda_ros2_gazebo) by extension 'colcon_pkg'
[0.246s] Level 1:colcon.colcon_core.package_identification:_identify(src/PandaRobot/panda_ros2_gazebo) by extensions ['colcon_meta']
[0.246s] Level 1:colcon.colcon_core.package_identification:_identify(src/PandaRobot/panda_ros2_gazebo) by extension 'colcon_meta'
[0.246s] Level 1:colcon.colcon_core.package_identification:_identify(src/PandaRobot/panda_ros2_gazebo) by extensions ['ros']
[0.246s] Level 1:colcon.colcon_core.package_identification:_identify(src/PandaRobot/panda_ros2_gazebo) by extension 'ros'
[0.247s] DEBUG:colcon.colcon_core.package_identification:Package 'src/PandaRobot/panda_ros2_gazebo' with type 'ros.ament_cmake' and name 'panda_ros2_gazebo'
[0.248s] Level 1:colcon.colcon_core.package_identification:_identify(src/PandaRobot/panda_ros2_moveit2) by extensions ['ignore', 'ignore_ament_install']
[0.248s] Level 1:colcon.colcon_core.package_identification:_identify(src/PandaRobot/panda_ros2_moveit2) by extension 'ignore'
[0.248s] Level 1:colcon.colcon_core.package_identification:_identify(src/PandaRobot/panda_ros2_moveit2) by extension 'ignore_ament_install'
[0.248s] Level 1:colcon.colcon_core.package_identification:_identify(src/PandaRobot/panda_ros2_moveit2) by extensions ['colcon_pkg']
[0.248s] Level 1:colcon.colcon_core.package_identification:_identify(src/PandaRobot/panda_ros2_moveit2) by extension 'colcon_pkg'
[0.248s] Level 1:colcon.colcon_core.package_identification:_identify(src/PandaRobot/panda_ros2_moveit2) by extensions ['colcon_meta']
[0.248s] Level 1:colcon.colcon_core.package_identification:_identify(src/PandaRobot/panda_ros2_moveit2) by extension 'colcon_meta'
[0.248s] Level 1:colcon.colcon_core.package_identification:_identify(src/PandaRobot/panda_ros2_moveit2) by extensions ['ros']
[0.248s] Level 1:colcon.colcon_core.package_identification:_identify(src/PandaRobot/panda_ros2_moveit2) by extension 'ros'
[0.248s] DEBUG:colcon.colcon_core.package_identification:Package 'src/PandaRobot/panda_ros2_moveit2' with type 'ros.ament_cmake' and name 'panda_ros2_moveit2'
[0.248s] Level 1:colcon.colcon_core.package_identification:_identify(src/gazebo_ros2_control) by extensions ['ignore', 'ignore_ament_install']
[0.248s] Level 1:colcon.colcon_core.package_identification:_identify(src/gazebo_ros2_control) by extension 'ignore'
[0.248s] Level 1:colcon.colcon_core.package_identification:_identify(src/gazebo_ros2_control) by extension 'ignore_ament_install'
[0.248s] Level 1:colcon.colcon_core.package_identification:_identify(src/gazebo_ros2_control) by extensions ['colcon_pkg']
[0.248s] Level 1:colcon.colcon_core.package_identification:_identify(src/gazebo_ros2_control) by extension 'colcon_pkg'
[0.248s] Level 1:colcon.colcon_core.package_identification:_identify(src/gazebo_ros2_control) by extensions ['colcon_meta']
[0.248s] Level 1:colcon.colcon_core.package_identification:_identify(src/gazebo_ros2_control) by extension 'colcon_meta'
[0.248s] Level 1:colcon.colcon_core.package_identification:_identify(src/gazebo_ros2_control) by extensions ['ros']
[0.248s] Level 1:colcon.colcon_core.package_identification:_identify(src/gazebo_ros2_control) by extension 'ros'
[0.248s] Level 1:colcon.colcon_core.package_identification:_identify(src/gazebo_ros2_control) by extensions ['cmake', 'python']
[0.248s] Level 1:colcon.colcon_core.package_identification:_identify(src/gazebo_ros2_control) by extension 'cmake'
[0.249s] Level 1:colcon.colcon_core.package_identification:_identify(src/gazebo_ros2_control) by extension 'python'
[0.249s] Level 1:colcon.colcon_core.package_identification:_identify(src/gazebo_ros2_control) by extensions ['python_setup_py']
[0.249s] Level 1:colcon.colcon_core.package_identification:_identify(src/gazebo_ros2_control) by extension 'python_setup_py'
[0.249s] Level 1:colcon.colcon_core.package_identification:_identify(src/gazebo_ros2_control/Docker) by extensions ['ignore', 'ignore_ament_install']
[0.249s] Level 1:colcon.colcon_core.package_identification:_identify(src/gazebo_ros2_control/Docker) by extension 'ignore'
[0.249s] Level 1:colcon.colcon_core.package_identification:_identify(src/gazebo_ros2_control/Docker) by extension 'ignore_ament_install'
[0.249s] Level 1:colcon.colcon_core.package_identification:_identify(src/gazebo_ros2_control/Docker) by extensions ['colcon_pkg']
[0.249s] Level 1:colcon.colcon_core.package_identification:_identify(src/gazebo_ros2_control/Docker) by extension 'colcon_pkg'
[0.249s] Level 1:colcon.colcon_core.package_identification:_identify(src/gazebo_ros2_control/Docker) by extensions ['colcon_meta']
[0.249s] Level 1:colcon.colcon_core.package_identification:_identify(src/gazebo_ros2_control/Docker) by extension 'colcon_meta'
[0.249s] Level 1:colcon.colcon_core.package_identification:_identify(src/gazebo_ros2_control/Docker) by extensions ['ros']
[0.249s] Level 1:colcon.colcon_core.package_identification:_identify(src/gazebo_ros2_control/Docker) by extension 'ros'
[0.249s] Level 1:colcon.colcon_core.package_identification:_identify(src/gazebo_ros2_control/Docker) by extensions ['cmake', 'python']
[0.249s] Level 1:colcon.colcon_core.package_identification:_identify(src/gazebo_ros2_control/Docker) by extension 'cmake'
[0.249s] Level 1:colcon.colcon_core.package_identification:_identify(src/gazebo_ros2_control/Docker) by extension 'python'
[0.249s] Level 1:colcon.colcon_core.package_identification:_identify(src/gazebo_ros2_control/Docker) by extensions ['python_setup_py']
[0.249s] Level 1:colcon.colcon_core.package_identification:_identify(src/gazebo_ros2_control/Docker) by extension 'python_setup_py'
[0.249s] Level 1:colcon.colcon_core.package_identification:_identify(src/gazebo_ros2_control/doc) by extensions ['ignore', 'ignore_ament_install']
[0.249s] Level 1:colcon.colcon_core.package_identification:_identify(src/gazebo_ros2_control/doc) by extension 'ignore'
[0.249s] Level 1:colcon.colcon_core.package_identification:_identify(src/gazebo_ros2_control/doc) by extension 'ignore_ament_install'
[0.249s] Level 1:colcon.colcon_core.package_identification:_identify(src/gazebo_ros2_control/doc) by extensions ['colcon_pkg']
[0.249s] Level 1:colcon.colcon_core.package_identification:_identify(src/gazebo_ros2_control/doc) by extension 'colcon_pkg'
[0.249s] Level 1:colcon.colcon_core.package_identification:_identify(src/gazebo_ros2_control/doc) by extensions ['colcon_meta']
[0.249s] Level 1:colcon.colcon_core.package_identification:_identify(src/gazebo_ros2_control/doc) by extension 'colcon_meta'
[0.249s] Level 1:colcon.colcon_core.package_identification:_identify(src/gazebo_ros2_control/doc) by extensions ['ros']
[0.249s] Level 1:colcon.colcon_core.package_identification:_identify(src/gazebo_ros2_control/doc) by extension 'ros'
[0.249s] Level 1:colcon.colcon_core.package_identification:_identify(src/gazebo_ros2_control/doc) by extensions ['cmake', 'python']
[0.249s] Level 1:colcon.colcon_core.package_identification:_identify(src/gazebo_ros2_control/doc) by extension 'cmake'
[0.249s] Level 1:colcon.colcon_core.package_identification:_identify(src/gazebo_ros2_control/doc) by extension 'python'
[0.249s] Level 1:colcon.colcon_core.package_identification:_identify(src/gazebo_ros2_control/doc) by extensions ['python_setup_py']
[0.249s] Level 1:colcon.colcon_core.package_identification:_identify(src/gazebo_ros2_control/doc) by extension 'python_setup_py'
[0.249s] Level 1:colcon.colcon_core.package_identification:_identify(src/gazebo_ros2_control/doc/img) by extensions ['ignore', 'ignore_ament_install']
[0.249s] Level 1:colcon.colcon_core.package_identification:_identify(src/gazebo_ros2_control/doc/img) by extension 'ignore'
[0.249s] Level 1:colcon.colcon_core.package_identification:_identify(src/gazebo_ros2_control/doc/img) by extension 'ignore_ament_install'
[0.250s] Level 1:colcon.colcon_core.package_identification:_identify(src/gazebo_ros2_control/doc/img) by extensions ['colcon_pkg']
[0.250s] Level 1:colcon.colcon_core.package_identification:_identify(src/gazebo_ros2_control/doc/img) by extension 'colcon_pkg'
[0.250s] Level 1:colcon.colcon_core.package_identification:_identify(src/gazebo_ros2_control/doc/img) by extensions ['colcon_meta']
[0.250s] Level 1:colcon.colcon_core.package_identification:_identify(src/gazebo_ros2_control/doc/img) by extension 'colcon_meta'
[0.250s] Level 1:colcon.colcon_core.package_identification:_identify(src/gazebo_ros2_control/doc/img) by extensions ['ros']
[0.250s] Level 1:colcon.colcon_core.package_identification:_identify(src/gazebo_ros2_control/doc/img) by extension 'ros'
[0.250s] Level 1:colcon.colcon_core.package_identification:_identify(src/gazebo_ros2_control/doc/img) by extensions ['cmake', 'python']
[0.250s] Level 1:colcon.colcon_core.package_identification:_identify(src/gazebo_ros2_control/doc/img) by extension 'cmake'
[0.250s] Level 1:colcon.colcon_core.package_identification:_identify(src/gazebo_ros2_control/doc/img) by extension 'python'
[0.250s] Level 1:colcon.colcon_core.package_identification:_identify(src/gazebo_ros2_control/doc/img) by extensions ['python_setup_py']
[0.250s] Level 1:colcon.colcon_core.package_identification:_identify(src/gazebo_ros2_control/doc/img) by extension 'python_setup_py'
[0.250s] Level 1:colcon.colcon_core.package_identification:_identify(src/gazebo_ros2_control/gazebo_ros2_control) by extensions ['ignore', 'ignore_ament_install']
[0.250s] Level 1:colcon.colcon_core.package_identification:_identify(src/gazebo_ros2_control/gazebo_ros2_control) by extension 'ignore'
[0.250s] Level 1:colcon.colcon_core.package_identification:_identify(src/gazebo_ros2_control/gazebo_ros2_control) by extension 'ignore_ament_install'
[0.250s] Level 1:colcon.colcon_core.package_identification:_identify(src/gazebo_ros2_control/gazebo_ros2_control) by extensions ['colcon_pkg']
[0.250s] Level 1:colcon.colcon_core.package_identification:_identify(src/gazebo_ros2_control/gazebo_ros2_control) by extension 'colcon_pkg'
[0.250s] Level 1:colcon.colcon_core.package_identification:_identify(src/gazebo_ros2_control/gazebo_ros2_control) by extensions ['colcon_meta']
[0.250s] Level 1:colcon.colcon_core.package_identification:_identify(src/gazebo_ros2_control/gazebo_ros2_control) by extension 'colcon_meta'
[0.250s] Level 1:colcon.colcon_core.package_identification:_identify(src/gazebo_ros2_control/gazebo_ros2_control) by extensions ['ros']
[0.250s] Level 1:colcon.colcon_core.package_identification:_identify(src/gazebo_ros2_control/gazebo_ros2_control) by extension 'ros'
[0.251s] DEBUG:colcon.colcon_core.package_identification:Package 'src/gazebo_ros2_control/gazebo_ros2_control' with type 'ros.ament_cmake' and name 'gazebo_ros2_control'
[0.251s] Level 1:colcon.colcon_core.package_identification:_identify(src/gazebo_ros2_control/gazebo_ros2_control_demos) by extensions ['ignore', 'ignore_ament_install']
[0.251s] Level 1:colcon.colcon_core.package_identification:_identify(src/gazebo_ros2_control/gazebo_ros2_control_demos) by extension 'ignore'
[0.251s] Level 1:colcon.colcon_core.package_identification:_identify(src/gazebo_ros2_control/gazebo_ros2_control_demos) by extension 'ignore_ament_install'
[0.251s] Level 1:colcon.colcon_core.package_identification:_identify(src/gazebo_ros2_control/gazebo_ros2_control_demos) by extensions ['colcon_pkg']
[0.251s] Level 1:colcon.colcon_core.package_identification:_identify(src/gazebo_ros2_control/gazebo_ros2_control_demos) by extension 'colcon_pkg'
[0.251s] Level 1:colcon.colcon_core.package_identification:_identify(src/gazebo_ros2_control/gazebo_ros2_control_demos) by extensions ['colcon_meta']
[0.251s] Level 1:colcon.colcon_core.package_identification:_identify(src/gazebo_ros2_control/gazebo_ros2_control_demos) by extension 'colcon_meta'
[0.251s] Level 1:colcon.colcon_core.package_identification:_identify(src/gazebo_ros2_control/gazebo_ros2_control_demos) by extensions ['ros']
[0.251s] Level 1:colcon.colcon_core.package_identification:_identify(src/gazebo_ros2_control/gazebo_ros2_control_demos) by extension 'ros'
[0.251s] DEBUG:colcon.colcon_core.package_identification:Package 'src/gazebo_ros2_control/gazebo_ros2_control_demos' with type 'ros.ament_cmake' and name 'gazebo_ros2_control_demos'
[0.252s] Level 1:colcon.colcon_core.package_identification:_identify(src/ros2_actions) by extensions ['ignore', 'ignore_ament_install']
[0.252s] Level 1:colcon.colcon_core.package_identification:_identify(src/ros2_actions) by extension 'ignore'
[0.252s] Level 1:colcon.colcon_core.package_identification:_identify(src/ros2_actions) by extension 'ignore_ament_install'
[0.252s] Level 1:colcon.colcon_core.package_identification:_identify(src/ros2_actions) by extensions ['colcon_pkg']
[0.252s] Level 1:colcon.colcon_core.package_identification:_identify(src/ros2_actions) by extension 'colcon_pkg'
[0.252s] Level 1:colcon.colcon_core.package_identification:_identify(src/ros2_actions) by extensions ['colcon_meta']
[0.252s] Level 1:colcon.colcon_core.package_identification:_identify(src/ros2_actions) by extension 'colcon_meta'
[0.252s] Level 1:colcon.colcon_core.package_identification:_identify(src/ros2_actions) by extensions ['ros']
[0.252s] Level 1:colcon.colcon_core.package_identification:_identify(src/ros2_actions) by extension 'ros'
[0.252s] DEBUG:colcon.colcon_core.package_identification:Package 'src/ros2_actions' with type 'ros.ament_cmake' and name 'ros2_actions'
[0.252s] Level 1:colcon.colcon_core.package_identification:_identify(src/ros2_data) by extensions ['ignore', 'ignore_ament_install']
[0.252s] Level 1:colcon.colcon_core.package_identification:_identify(src/ros2_data) by extension 'ignore'
[0.252s] Level 1:colcon.colcon_core.package_identification:_identify(src/ros2_data) by extension 'ignore_ament_install'
[0.252s] Level 1:colcon.colcon_core.package_identification:_identify(src/ros2_data) by extensions ['colcon_pkg']
[0.252s] Level 1:colcon.colcon_core.package_identification:_identify(src/ros2_data) by extension 'colcon_pkg'
[0.252s] Level 1:colcon.colcon_core.package_identification:_identify(src/ros2_data) by extensions ['colcon_meta']
[0.252s] Level 1:colcon.colcon_core.package_identification:_identify(src/ros2_data) by extension 'colcon_meta'
[0.252s] Level 1:colcon.colcon_core.package_identification:_identify(src/ros2_data) by extensions ['ros']
[0.252s] Level 1:colcon.colcon_core.package_identification:_identify(src/ros2_data) by extension 'ros'
[0.253s] DEBUG:colcon.colcon_core.package_identification:Package 'src/ros2_data' with type 'ros.ament_cmake' and name 'ros2_data'
[0.253s] Level 1:colcon.colcon_core.package_discovery:discover_packages(recursive) using defaults
[0.253s] Level 1:colcon.colcon_core.package_discovery:discover_packages(ignore) discover
[0.253s] Level 1:colcon.colcon_core.package_discovery:discover_packages(ignore) using defaults
[0.253s] Level 1:colcon.colcon_core.package_discovery:discover_packages(path) discover
[0.253s] Level 1:colcon.colcon_core.package_discovery:discover_packages(path) using defaults
[0.274s] Level 1:colcon.colcon_core.package_discovery:discover_packages(prefix_path) check parameters
[0.274s] Level 1:colcon.colcon_core.package_discovery:discover_packages(prefix_path) discover
[0.278s] DEBUG:colcon.colcon_installed_package_information.package_discovery:Found 56 installed packages in /home/manideep/ws_moveit2/install
[0.279s] DEBUG:colcon.colcon_installed_package_information.package_discovery:Found 382 installed packages in /opt/ros/humble
[0.281s] Level 1:colcon.colcon_core.package_discovery:discover_packages(prefix_path) using defaults
[0.320s] Level 5:colcon.colcon_core.verb:set package 'gazebo_ros2_control' build argument 'cmake_args' from command line to 'None'
[0.320s] Level 5:colcon.colcon_core.verb:set package 'gazebo_ros2_control' build argument 'cmake_target' from command line to 'None'
[0.320s] Level 5:colcon.colcon_core.verb:set package 'gazebo_ros2_control' build argument 'cmake_target_skip_unavailable' from command line to 'False'
[0.320s] Level 5:colcon.colcon_core.verb:set package 'gazebo_ros2_control' build argument 'cmake_clean_cache' from command line to 'False'
[0.320s] Level 5:colcon.colcon_core.verb:set package 'gazebo_ros2_control' build argument 'cmake_clean_first' from command line to 'False'
[0.320s] Level 5:colcon.colcon_core.verb:set package 'gazebo_ros2_control' build argument 'cmake_force_configure' from command line to 'False'
[0.320s] Level 5:colcon.colcon_core.verb:set package 'gazebo_ros2_control' build argument 'ament_cmake_args' from command line to 'None'
[0.320s] Level 5:colcon.colcon_core.verb:set package 'gazebo_ros2_control' build argument 'catkin_cmake_args' from command line to 'None'
[0.320s] Level 5:colcon.colcon_core.verb:set package 'gazebo_ros2_control' build argument 'catkin_skip_building_tests' from command line to 'False'
[0.320s] DEBUG:colcon.colcon_core.verb:Building package 'gazebo_ros2_control' with the following arguments: {'ament_cmake_args': None, 'build_base': '/home/manideep/FrankaSimulator_Ws/build/gazebo_ros2_control', 'catkin_cmake_args': None, 'catkin_skip_building_tests': False, 'cmake_args': None, 'cmake_clean_cache': False, 'cmake_clean_first': False, 'cmake_force_configure': False, 'cmake_target': None, 'cmake_target_skip_unavailable': False, 'install_base': '/home/manideep/FrankaSimulator_Ws/install/gazebo_ros2_control', 'merge_install': False, 'path': '/home/manideep/FrankaSimulator_Ws/src/gazebo_ros2_control/gazebo_ros2_control', 'symlink_install': False, 'test_result_base': None}
[0.320s] Level 5:colcon.colcon_core.verb:set package 'panda_ros2_gazebo' build argument 'cmake_args' from command line to 'None'
[0.320s] Level 5:colcon.colcon_core.verb:set package 'panda_ros2_gazebo' build argument 'cmake_target' from command line to 'None'
[0.320s] Level 5:colcon.colcon_core.verb:set package 'panda_ros2_gazebo' build argument 'cmake_target_skip_unavailable' from command line to 'False'
[0.320s] Level 5:colcon.colcon_core.verb:set package 'panda_ros2_gazebo' build argument 'cmake_clean_cache' from command line to 'False'
[0.320s] Level 5:colcon.colcon_core.verb:set package 'panda_ros2_gazebo' build argument 'cmake_clean_first' from command line to 'False'
[0.320s] Level 5:colcon.colcon_core.verb:set package 'panda_ros2_gazebo' build argument 'cmake_force_configure' from command line to 'False'
[0.320s] Level 5:colcon.colcon_core.verb:set package 'panda_ros2_gazebo' build argument 'ament_cmake_args' from command line to 'None'
[0.320s] Level 5:colcon.colcon_core.verb:set package 'panda_ros2_gazebo' build argument 'catkin_cmake_args' from command line to 'None'
[0.320s] Level 5:colcon.colcon_core.verb:set package 'panda_ros2_gazebo' build argument 'catkin_skip_building_tests' from command line to 'False'
[0.320s] DEBUG:colcon.colcon_core.verb:Building package 'panda_ros2_gazebo' with the following arguments: {'ament_cmake_args': None, 'build_base': '/home/manideep/FrankaSimulator_Ws/build/panda_ros2_gazebo', 'catkin_cmake_args': None, 'catkin_skip_building_tests': False, 'cmake_args': None, 'cmake_clean_cache': False, 'cmake_clean_first': False, 'cmake_force_configure': False, 'cmake_target': None, 'cmake_target_skip_unavailable': False, 'install_base': '/home/manideep/FrankaSimulator_Ws/install/panda_ros2_gazebo', 'merge_install': False, 'path': '/home/manideep/FrankaSimulator_Ws/src/PandaRobot/panda_ros2_gazebo', 'symlink_install': False, 'test_result_base': None}
[0.321s] Level 5:colcon.colcon_core.verb:set package 'ros2_data' build argument 'cmake_args' from command line to 'None'
[0.321s] Level 5:colcon.colcon_core.verb:set package 'ros2_data' build argument 'cmake_target' from command line to 'None'
[0.321s] Level 5:colcon.colcon_core.verb:set package 'ros2_data' build argument 'cmake_target_skip_unavailable' from command line to 'False'
[0.321s] Level 5:colcon.colcon_core.verb:set package 'ros2_data' build argument 'cmake_clean_cache' from command line to 'False'
[0.321s] Level 5:colcon.colcon_core.verb:set package 'ros2_data' build argument 'cmake_clean_first' from command line to 'False'
[0.321s] Level 5:colcon.colcon_core.verb:set package 'ros2_data' build argument 'cmake_force_configure' from command line to 'False'
[0.321s] Level 5:colcon.colcon_core.verb:set package 'ros2_data' build argument 'ament_cmake_args' from command line to 'None'
[0.321s] Level 5:colcon.colcon_core.verb:set package 'ros2_data' build argument 'catkin_cmake_args' from command line to 'None'
[0.321s] Level 5:colcon.colcon_core.verb:set package 'ros2_data' build argument 'catkin_skip_building_tests' from command line to 'False'
[0.321s] DEBUG:colcon.colcon_core.verb:Building package 'ros2_data' with the following arguments: {'ament_cmake_args': None, 'build_base': '/home/manideep/FrankaSimulator_Ws/build/ros2_data', 'catkin_cmake_args': None, 'catkin_skip_building_tests': False, 'cmake_args': None, 'cmake_clean_cache': False, 'cmake_clean_first': False, 'cmake_force_configure': False, 'cmake_target': None, 'cmake_target_skip_unavailable': False, 'install_base': '/home/manideep/FrankaSimulator_Ws/install/ros2_data', 'merge_install': False, 'path': '/home/manideep/FrankaSimulator_Ws/src/ros2_data', 'symlink_install': False, 'test_result_base': None}
[0.321s] Level 5:colcon.colcon_core.verb:set package 'gazebo_ros2_control_demos' build argument 'cmake_args' from command line to 'None'
[0.321s] Level 5:colcon.colcon_core.verb:set package 'gazebo_ros2_control_demos' build argument 'cmake_target' from command line to 'None'
[0.321s] Level 5:colcon.colcon_core.verb:set package 'gazebo_ros2_control_demos' build argument 'cmake_target_skip_unavailable' from command line to 'False'
[0.321s] Level 5:colcon.colcon_core.verb:set package 'gazebo_ros2_control_demos' build argument 'cmake_clean_cache' from command line to 'False'
[0.321s] Level 5:colcon.colcon_core.verb:set package 'gazebo_ros2_control_demos' build argument 'cmake_clean_first' from command line to 'False'
[0.321s] Level 5:colcon.colcon_core.verb:set package 'gazebo_ros2_control_demos' build argument 'cmake_force_configure' from command line to 'False'
[0.321s] Level 5:colcon.colcon_core.verb:set package 'gazebo_ros2_control_demos' build argument 'ament_cmake_args' from command line to 'None'
[0.321s] Level 5:colcon.colcon_core.verb:set package 'gazebo_ros2_control_demos' build argument 'catkin_cmake_args' from command line to 'None'
[0.321s] Level 5:colcon.colcon_core.verb:set package 'gazebo_ros2_control_demos' build argument 'catkin_skip_building_tests' from command line to 'False'
[0.321s] DEBUG:colcon.colcon_core.verb:Building package 'gazebo_ros2_control_demos' with the following arguments: {'ament_cmake_args': None, 'build_base': '/home/manideep/FrankaSimulator_Ws/build/gazebo_ros2_control_demos', 'catkin_cmake_args': None, 'catkin_skip_building_tests': False, 'cmake_args': None, 'cmake_clean_cache': False, 'cmake_clean_first': False, 'cmake_force_configure': False, 'cmake_target': None, 'cmake_target_skip_unavailable': False, 'install_base': '/home/manideep/FrankaSimulator_Ws/install/gazebo_ros2_control_demos', 'merge_install': False, 'path': '/home/manideep/FrankaSimulator_Ws/src/gazebo_ros2_control/gazebo_ros2_control_demos', 'symlink_install': False, 'test_result_base': None}
[0.321s] Level 5:colcon.colcon_core.verb:set package 'panda_ros2_moveit2' build argument 'cmake_args' from command line to 'None'
[0.321s] Level 5:colcon.colcon_core.verb:set package 'panda_ros2_moveit2' build argument 'cmake_target' from command line to 'None'
[0.321s] Level 5:colcon.colcon_core.verb:set package 'panda_ros2_moveit2' build argument 'cmake_target_skip_unavailable' from command line to 'False'
[0.321s] Level 5:colcon.colcon_core.verb:set package 'panda_ros2_moveit2' build argument 'cmake_clean_cache' from command line to 'False'
[0.321s] Level 5:colcon.colcon_core.verb:set package 'panda_ros2_moveit2' build argument 'cmake_clean_first' from command line to 'False'
[0.321s] Level 5:colcon.colcon_core.verb:set package 'panda_ros2_moveit2' build argument 'cmake_force_configure' from command line to 'False'
[0.321s] Level 5:colcon.colcon_core.verb:set package 'panda_ros2_moveit2' build argument 'ament_cmake_args' from command line to 'None'
[0.321s] Level 5:colcon.colcon_core.verb:set package 'panda_ros2_moveit2' build argument 'catkin_cmake_args' from command line to 'None'
[0.321s] Level 5:colcon.colcon_core.verb:set package 'panda_ros2_moveit2' build argument 'catkin_skip_building_tests' from command line to 'False'
[0.321s] DEBUG:colcon.colcon_core.verb:Building package 'panda_ros2_moveit2' with the following arguments: {'ament_cmake_args': None, 'build_base': '/home/manideep/FrankaSimulator_Ws/build/panda_ros2_moveit2', 'catkin_cmake_args': None, 'catkin_skip_building_tests': False, 'cmake_args': None, 'cmake_clean_cache': False, 'cmake_clean_first': False, 'cmake_force_configure': False, 'cmake_target': None, 'cmake_target_skip_unavailable': False, 'install_base': '/home/manideep/FrankaSimulator_Ws/install/panda_ros2_moveit2', 'merge_install': False, 'path': '/home/manideep/FrankaSimulator_Ws/src/PandaRobot/panda_ros2_moveit2', 'symlink_install': False, 'test_result_base': None}
[0.322s] Level 5:colcon.colcon_core.verb:set package 'ros2_actions' build argument 'cmake_args' from command line to 'None'
[0.322s] Level 5:colcon.colcon_core.verb:set package 'ros2_actions' build argument 'cmake_target' from command line to 'None'
[0.322s] Level 5:colcon.colcon_core.verb:set package 'ros2_actions' build argument 'cmake_target_skip_unavailable' from command line to 'False'
[0.322s] Level 5:colcon.colcon_core.verb:set package 'ros2_actions' build argument 'cmake_clean_cache' from command line to 'False'
[0.322s] Level 5:colcon.colcon_core.verb:set package 'ros2_actions' build argument 'cmake_clean_first' from command line to 'False'
[0.322s] Level 5:colcon.colcon_core.verb:set package 'ros2_actions' build argument 'cmake_force_configure' from command line to 'False'
[0.322s] Level 5:colcon.colcon_core.verb:set package 'ros2_actions' build argument 'ament_cmake_args' from command line to 'None'
[0.322s] Level 5:colcon.colcon_core.verb:set package 'ros2_actions' build argument 'catkin_cmake_args' from command line to 'None'
[0.322s] Level 5:colcon.colcon_core.verb:set package 'ros2_actions' build argument 'catkin_skip_building_tests' from command line to 'False'
[0.322s] DEBUG:colcon.colcon_core.verb:Building package 'ros2_actions' with the following arguments: {'ament_cmake_args': None, 'build_base': '/home/manideep/FrankaSimulator_Ws/build/ros2_actions', 'catkin_cmake_args': None, 'catkin_skip_building_tests': False, 'cmake_args': None, 'cmake_clean_cache': False, 'cmake_clean_first': False, 'cmake_force_configure': False, 'cmake_target': None, 'cmake_target_skip_unavailable': False, 'install_base': '/home/manideep/FrankaSimulator_Ws/install/ros2_actions', 'merge_install': False, 'path': '/home/manideep/FrankaSimulator_Ws/src/ros2_actions', 'symlink_install': False, 'test_result_base': None}
[0.322s] INFO:colcon.colcon_core.executor:Executing jobs using 'parallel' executor
[0.323s] DEBUG:colcon.colcon_parallel_executor.executor.parallel:run_until_complete
[0.323s] INFO:colcon.colcon_ros.task.ament_cmake.build:Building ROS package in '/home/manideep/FrankaSimulator_Ws/src/ros2_data' with build type 'ament_cmake'
[0.323s] INFO:colcon.colcon_cmake.task.cmake.build:Building CMake package in '/home/manideep/FrankaSimulator_Ws/src/ros2_data'
[0.325s] INFO:colcon.colcon_core.plugin_system:Skipping extension 'colcon_core.shell.bat': Not used on non-Windows systems
[0.325s] INFO:colcon.colcon_core.shell:Skip shell extension 'powershell' for command environment: Not usable outside of PowerShell
[0.325s] DEBUG:colcon.colcon_core.shell:Skip shell extension 'dsv' for command environment
[0.329s] INFO:colcon.colcon_ros.task.ament_cmake.build:Building ROS package in '/home/manideep/FrankaSimulator_Ws/src/gazebo_ros2_control/gazebo_ros2_control' with build type 'ament_cmake'
[0.329s] INFO:colcon.colcon_cmake.task.cmake.build:Building CMake package in '/home/manideep/FrankaSimulator_Ws/src/gazebo_ros2_control/gazebo_ros2_control'
[0.330s] INFO:colcon.colcon_core.shell:Skip shell extension 'powershell' for command environment: Not usable outside of PowerShell
[0.330s] DEBUG:colcon.colcon_core.shell:Skip shell extension 'dsv' for command environment
[0.333s] INFO:colcon.colcon_ros.task.ament_cmake.build:Building ROS package in '/home/manideep/FrankaSimulator_Ws/src/PandaRobot/panda_ros2_gazebo' with build type 'ament_cmake'
[0.333s] INFO:colcon.colcon_cmake.task.cmake.build:Building CMake package in '/home/manideep/FrankaSimulator_Ws/src/PandaRobot/panda_ros2_gazebo'
[0.333s] INFO:colcon.colcon_core.shell:Skip shell extension 'powershell' for command environment: Not usable outside of PowerShell
[0.333s] DEBUG:colcon.colcon_core.shell:Skip shell extension 'dsv' for command environment
[0.340s] DEBUG:colcon.colcon_core.event_handler.log_command:Invoking command in '/home/manideep/FrankaSimulator_Ws/build/ros2_data': CMAKE_PREFIX_PATH=${CMAKE_PREFIX_PATH}:/home/manideep/ws_moveit2/install/moveit_configs_utils:/home/manideep/ws_moveit2/install/launch_param_builder:/opt/ros/humble /usr/bin/cmake /home/manideep/FrankaSimulator_Ws/src/ros2_data -DCMAKE_INSTALL_PREFIX=/home/manideep/FrankaSimulator_Ws/install/ros2_data
[0.341s] DEBUG:colcon.colcon_core.event_handler.log_command:Invoking command in '/home/manideep/FrankaSimulator_Ws/build/gazebo_ros2_control': CMAKE_PREFIX_PATH=${CMAKE_PREFIX_PATH}:/home/manideep/ws_moveit2/install/moveit_configs_utils:/home/manideep/ws_moveit2/install/launch_param_builder:/opt/ros/humble /usr/bin/cmake /home/manideep/FrankaSimulator_Ws/src/gazebo_ros2_control/gazebo_ros2_control -DCMAKE_INSTALL_PREFIX=/home/manideep/FrankaSimulator_Ws/install/gazebo_ros2_control
[0.343s] DEBUG:colcon.colcon_core.event_handler.log_command:Invoking command in '/home/manideep/FrankaSimulator_Ws/build/panda_ros2_gazebo': CMAKE_PREFIX_PATH=${CMAKE_PREFIX_PATH}:/home/manideep/ws_moveit2/install/moveit_configs_utils:/home/manideep/ws_moveit2/install/launch_param_builder:/opt/ros/humble /usr/bin/cmake /home/manideep/FrankaSimulator_Ws/src/PandaRobot/panda_ros2_gazebo -DCMAKE_INSTALL_PREFIX=/home/manideep/FrankaSimulator_Ws/install/panda_ros2_gazebo
[0.963s] DEBUG:colcon.colcon_core.event_handler.log_command:Invoked command in '/home/manideep/FrankaSimulator_Ws/build/panda_ros2_gazebo' returned '0': CMAKE_PREFIX_PATH=${CMAKE_PREFIX_PATH}:/home/manideep/ws_moveit2/install/moveit_configs_utils:/home/manideep/ws_moveit2/install/launch_param_builder:/opt/ros/humble /usr/bin/cmake /home/manideep/FrankaSimulator_Ws/src/PandaRobot/panda_ros2_gazebo -DCMAKE_INSTALL_PREFIX=/home/manideep/FrankaSimulator_Ws/install/panda_ros2_gazebo
[0.965s] DEBUG:colcon.colcon_core.event_handler.log_command:Invoking command in '/home/manideep/FrankaSimulator_Ws/build/panda_ros2_gazebo': CMAKE_PREFIX_PATH=${CMAKE_PREFIX_PATH}:/home/manideep/ws_moveit2/install/moveit_configs_utils:/home/manideep/ws_moveit2/install/launch_param_builder:/opt/ros/humble /usr/bin/cmake --build /home/manideep/FrankaSimulator_Ws/build/panda_ros2_gazebo -- -j16 -l16
[1.002s] DEBUG:colcon.colcon_core.event_handler.log_command:Invoked command in '/home/manideep/FrankaSimulator_Ws/build/panda_ros2_gazebo' returned '0': CMAKE_PREFIX_PATH=${CMAKE_PREFIX_PATH}:/home/manideep/ws_moveit2/install/moveit_configs_utils:/home/manideep/ws_moveit2/install/launch_param_builder:/opt/ros/humble /usr/bin/cmake --build /home/manideep/FrankaSimulator_Ws/build/panda_ros2_gazebo -- -j16 -l16
[1.009s] DEBUG:colcon.colcon_core.event_handler.log_command:Invoking command in '/home/manideep/FrankaSimulator_Ws/build/panda_ros2_gazebo': CMAKE_PREFIX_PATH=${CMAKE_PREFIX_PATH}:/home/manideep/ws_moveit2/install/moveit_configs_utils:/home/manideep/ws_moveit2/install/launch_param_builder:/opt/ros/humble /usr/bin/cmake --install /home/manideep/FrankaSimulator_Ws/build/panda_ros2_gazebo
[1.023s] Level 1:colcon.colcon_core.environment:create_environment_scripts_only(panda_ros2_gazebo)
[1.023s] DEBUG:colcon.colcon_core.event_handler.log_command:Invoked command in '/home/manideep/FrankaSimulator_Ws/build/panda_ros2_gazebo' returned '0': CMAKE_PREFIX_PATH=${CMAKE_PREFIX_PATH}:/home/manideep/ws_moveit2/install/moveit_configs_utils:/home/manideep/ws_moveit2/install/launch_param_builder:/opt/ros/humble /usr/bin/cmake --install /home/manideep/FrankaSimulator_Ws/build/panda_ros2_gazebo
[1.026s] Level 1:colcon.colcon_core.environment:checking '/home/manideep/FrankaSimulator_Ws/install/panda_ros2_gazebo' for CMake module files
[1.027s] Level 1:colcon.colcon_core.environment:checking '/home/manideep/FrankaSimulator_Ws/install/panda_ros2_gazebo' for CMake config files
[1.027s] Level 1:colcon.colcon_core.shell:create_environment_hook('panda_ros2_gazebo', 'cmake_prefix_path')
[1.027s] INFO:colcon.colcon_core.shell:Creating environment hook '/home/manideep/FrankaSimulator_Ws/install/panda_ros2_gazebo/share/panda_ros2_gazebo/hook/cmake_prefix_path.ps1'
[1.027s] INFO:colcon.colcon_core.shell:Creating environment descriptor '/home/manideep/FrankaSimulator_Ws/install/panda_ros2_gazebo/share/panda_ros2_gazebo/hook/cmake_prefix_path.dsv'
[1.028s] INFO:colcon.colcon_core.shell:Creating environment hook '/home/manideep/FrankaSimulator_Ws/install/panda_ros2_gazebo/share/panda_ros2_gazebo/hook/cmake_prefix_path.sh'
[1.028s] Level 1:colcon.colcon_core.environment:checking '/home/manideep/FrankaSimulator_Ws/install/panda_ros2_gazebo/bin'
[1.028s] Level 1:colcon.colcon_core.environment:checking '/home/manideep/FrankaSimulator_Ws/install/panda_ros2_gazebo/lib/pkgconfig/panda_ros2_gazebo.pc'
[1.029s] Level 1:colcon.colcon_core.environment:checking '/home/manideep/FrankaSimulator_Ws/install/panda_ros2_gazebo/lib/python3.10/site-packages'
[1.029s] Level 1:colcon.colcon_core.environment:checking '/home/manideep/FrankaSimulator_Ws/install/panda_ros2_gazebo/bin'
[1.029s] INFO:colcon.colcon_core.shell:Creating package script '/home/manideep/FrankaSimulator_Ws/install/panda_ros2_gazebo/share/panda_ros2_gazebo/package.ps1'
[1.029s] INFO:colcon.colcon_core.shell:Creating package descriptor '/home/manideep/FrankaSimulator_Ws/install/panda_ros2_gazebo/share/panda_ros2_gazebo/package.dsv'
[1.030s] INFO:colcon.colcon_core.shell:Creating package script '/home/manideep/FrankaSimulator_Ws/install/panda_ros2_gazebo/share/panda_ros2_gazebo/package.sh'
[1.030s] INFO:colcon.colcon_core.shell:Creating package script '/home/manideep/FrankaSimulator_Ws/install/panda_ros2_gazebo/share/panda_ros2_gazebo/package.bash'
[1.031s] INFO:colcon.colcon_core.shell:Creating package script '/home/manideep/FrankaSimulator_Ws/install/panda_ros2_gazebo/share/panda_ros2_gazebo/package.zsh'
[1.031s] Level 1:colcon.colcon_core.environment:create_file_with_runtime_dependencies(/home/manideep/FrankaSimulator_Ws/install/panda_ros2_gazebo/share/colcon-core/packages/panda_ros2_gazebo)
[1.032s] Level 1:colcon.colcon_core.environment:create_environment_scripts_only(panda_ros2_gazebo)
[1.032s] Level 1:colcon.colcon_core.environment:checking '/home/manideep/FrankaSimulator_Ws/install/panda_ros2_gazebo' for CMake module files
[1.032s] Level 1:colcon.colcon_core.environment:checking '/home/manideep/FrankaSimulator_Ws/install/panda_ros2_gazebo' for CMake config files
[1.032s] Level 1:colcon.colcon_core.shell:create_environment_hook('panda_ros2_gazebo', 'cmake_prefix_path')
[1.032s] INFO:colcon.colcon_core.shell:Creating environment hook '/home/manideep/FrankaSimulator_Ws/install/panda_ros2_gazebo/share/panda_ros2_gazebo/hook/cmake_prefix_path.ps1'
[1.033s] INFO:colcon.colcon_core.shell:Creating environment descriptor '/home/manideep/FrankaSimulator_Ws/install/panda_ros2_gazebo/share/panda_ros2_gazebo/hook/cmake_prefix_path.dsv'
[1.033s] INFO:colcon.colcon_core.shell:Creating environment hook '/home/manideep/FrankaSimulator_Ws/install/panda_ros2_gazebo/share/panda_ros2_gazebo/hook/cmake_prefix_path.sh'
[1.033s] Level 1:colcon.colcon_core.environment:checking '/home/manideep/FrankaSimulator_Ws/install/panda_ros2_gazebo/bin'
[1.033s] Level 1:colcon.colcon_core.environment:checking '/home/manideep/FrankaSimulator_Ws/install/panda_ros2_gazebo/lib/pkgconfig/panda_ros2_gazebo.pc'
[1.033s] Level 1:colcon.colcon_core.environment:checking '/home/manideep/FrankaSimulator_Ws/install/panda_ros2_gazebo/lib/python3.10/site-packages'
[1.033s] Level 1:colcon.colcon_core.environment:checking '/home/manideep/FrankaSimulator_Ws/install/panda_ros2_gazebo/bin'
[1.033s] INFO:colcon.colcon_core.shell:Creating package script '/home/manideep/FrankaSimulator_Ws/install/panda_ros2_gazebo/share/panda_ros2_gazebo/package.ps1'
[1.034s] INFO:colcon.colcon_core.shell:Creating package descriptor '/home/manideep/FrankaSimulator_Ws/install/panda_ros2_gazebo/share/panda_ros2_gazebo/package.dsv'
[1.034s] INFO:colcon.colcon_core.shell:Creating package script '/home/manideep/FrankaSimulator_Ws/install/panda_ros2_gazebo/share/panda_ros2_gazebo/package.sh'
[1.034s] INFO:colcon.colcon_core.shell:Creating package script '/home/manideep/FrankaSimulator_Ws/install/panda_ros2_gazebo/share/panda_ros2_gazebo/package.bash'
[1.034s] INFO:colcon.colcon_core.shell:Creating package script '/home/manideep/FrankaSimulator_Ws/install/panda_ros2_gazebo/share/panda_ros2_gazebo/package.zsh'
[1.035s] Level 1:colcon.colcon_core.environment:create_file_with_runtime_dependencies(/home/manideep/FrankaSimulator_Ws/install/panda_ros2_gazebo/share/colcon-core/packages/panda_ros2_gazebo)
[1.808s] DEBUG:colcon.colcon_core.event_handler.log_command:Invoked command in '/home/manideep/FrankaSimulator_Ws/build/ros2_data' returned '0': CMAKE_PREFIX_PATH=${CMAKE_PREFIX_PATH}:/home/manideep/ws_moveit2/install/moveit_configs_utils:/home/manideep/ws_moveit2/install/launch_param_builder:/opt/ros/humble /usr/bin/cmake /home/manideep/FrankaSimulator_Ws/src/ros2_data -DCMAKE_INSTALL_PREFIX=/home/manideep/FrankaSimulator_Ws/install/ros2_data
[1.808s] DEBUG:colcon.colcon_core.event_handler.log_command:Invoking command in '/home/manideep/FrankaSimulator_Ws/build/ros2_data': CMAKE_PREFIX_PATH=${CMAKE_PREFIX_PATH}:/home/manideep/ws_moveit2/install/moveit_configs_utils:/home/manideep/ws_moveit2/install/launch_param_builder:/opt/ros/humble /usr/bin/cmake --build /home/manideep/FrankaSimulator_Ws/build/ros2_data -- -j16 -l16
[2.862s] DEBUG:colcon.colcon_core.event_handler.log_command:Invoked command in '/home/manideep/FrankaSimulator_Ws/build/gazebo_ros2_control' returned '0': CMAKE_PREFIX_PATH=${CMAKE_PREFIX_PATH}:/home/manideep/ws_moveit2/install/moveit_configs_utils:/home/manideep/ws_moveit2/install/launch_param_builder:/opt/ros/humble /usr/bin/cmake /home/manideep/FrankaSimulator_Ws/src/gazebo_ros2_control/gazebo_ros2_control -DCMAKE_INSTALL_PREFIX=/home/manideep/FrankaSimulator_Ws/install/gazebo_ros2_control
[2.864s] DEBUG:colcon.colcon_core.event_handler.log_command:Invoking command in '/home/manideep/FrankaSimulator_Ws/build/gazebo_ros2_control': CMAKE_PREFIX_PATH=${CMAKE_PREFIX_PATH}:/home/manideep/ws_moveit2/install/moveit_configs_utils:/home/manideep/ws_moveit2/install/launch_param_builder:/opt/ros/humble /usr/bin/cmake --build /home/manideep/FrankaSimulator_Ws/build/gazebo_ros2_control -- -j16 -l16
[11.435s] DEBUG:colcon.colcon_core.event_handler.log_command:Invoked command in '/home/manideep/FrankaSimulator_Ws/build/ros2_data' returned '0': CMAKE_PREFIX_PATH=${CMAKE_PREFIX_PATH}:/home/manideep/ws_moveit2/install/moveit_configs_utils:/home/manideep/ws_moveit2/install/launch_param_builder:/opt/ros/humble /usr/bin/cmake --build /home/manideep/FrankaSimulator_Ws/build/ros2_data -- -j16 -l16
[11.435s] DEBUG:colcon.colcon_core.event_handler.log_command:Invoking command in '/home/manideep/FrankaSimulator_Ws/build/ros2_data': CMAKE_PREFIX_PATH=${CMAKE_PREFIX_PATH}:/home/manideep/ws_moveit2/install/moveit_configs_utils:/home/manideep/ws_moveit2/install/launch_param_builder:/opt/ros/humble /usr/bin/cmake --install /home/manideep/FrankaSimulator_Ws/build/ros2_data
[11.538s] Level 1:colcon.colcon_core.environment:create_environment_scripts_only(ros2_data)
[11.538s] DEBUG:colcon.colcon_core.event_handler.log_command:Invoked command in '/home/manideep/FrankaSimulator_Ws/build/ros2_data' returned '0': CMAKE_PREFIX_PATH=${CMAKE_PREFIX_PATH}:/home/manideep/ws_moveit2/install/moveit_configs_utils:/home/manideep/ws_moveit2/install/launch_param_builder:/opt/ros/humble /usr/bin/cmake --install /home/manideep/FrankaSimulator_Ws/build/ros2_data
[11.539s] Level 1:colcon.colcon_core.environment:checking '/home/manideep/FrankaSimulator_Ws/install/ros2_data' for CMake module files
[11.539s] Level 1:colcon.colcon_core.environment:checking '/home/manideep/FrankaSimulator_Ws/install/ros2_data' for CMake config files
[11.539s] Level 1:colcon.colcon_core.shell:create_environment_hook('ros2_data', 'cmake_prefix_path')
[11.540s] INFO:colcon.colcon_core.shell:Creating environment hook '/home/manideep/FrankaSimulator_Ws/install/ros2_data/share/ros2_data/hook/cmake_prefix_path.ps1'
[11.540s] INFO:colcon.colcon_core.shell:Creating environment descriptor '/home/manideep/FrankaSimulator_Ws/install/ros2_data/share/ros2_data/hook/cmake_prefix_path.dsv'
[11.540s] INFO:colcon.colcon_core.shell:Creating environment hook '/home/manideep/FrankaSimulator_Ws/install/ros2_data/share/ros2_data/hook/cmake_prefix_path.sh'
[11.540s] Level 1:colcon.colcon_core.environment:checking '/home/manideep/FrankaSimulator_Ws/install/ros2_data/lib'
[11.540s] Level 1:colcon.colcon_core.shell:create_environment_hook('ros2_data', 'ld_library_path_lib')
[11.541s] INFO:colcon.colcon_core.shell:Creating environment hook '/home/manideep/FrankaSimulator_Ws/install/ros2_data/share/ros2_data/hook/ld_library_path_lib.ps1'
[11.541s] INFO:colcon.colcon_core.shell:Creating environment descriptor '/home/manideep/FrankaSimulator_Ws/install/ros2_data/share/ros2_data/hook/ld_library_path_lib.dsv'
[11.541s] INFO:colcon.colcon_core.shell:Creating environment hook '/home/manideep/FrankaSimulator_Ws/install/ros2_data/share/ros2_data/hook/ld_library_path_lib.sh'
[11.541s] Level 1:colcon.colcon_core.environment:checking '/home/manideep/FrankaSimulator_Ws/install/ros2_data/bin'
[11.541s] Level 1:colcon.colcon_core.environment:checking '/home/manideep/FrankaSimulator_Ws/install/ros2_data/lib/pkgconfig/ros2_data.pc'
[11.541s] Level 1:colcon.colcon_core.environment:checking '/home/manideep/FrankaSimulator_Ws/install/ros2_data/lib/python3.10/site-packages'
[11.541s] Level 1:colcon.colcon_core.shell:create_environment_hook('ros2_data', 'pythonpath')
[11.542s] INFO:colcon.colcon_core.shell:Creating environment hook '/home/manideep/FrankaSimulator_Ws/install/ros2_data/share/ros2_data/hook/pythonpath.ps1'
[11.542s] INFO:colcon.colcon_core.shell:Creating environment descriptor '/home/manideep/FrankaSimulator_Ws/install/ros2_data/share/ros2_data/hook/pythonpath.dsv'
[11.542s] INFO:colcon.colcon_core.shell:Creating environment hook '/home/manideep/FrankaSimulator_Ws/install/ros2_data/share/ros2_data/hook/pythonpath.sh'
[11.542s] Level 1:colcon.colcon_core.environment:checking '/home/manideep/FrankaSimulator_Ws/install/ros2_data/bin'
[11.542s] INFO:colcon.colcon_core.shell:Creating package script '/home/manideep/FrankaSimulator_Ws/install/ros2_data/share/ros2_data/package.ps1'
[11.543s] INFO:colcon.colcon_core.shell:Creating package descriptor '/home/manideep/FrankaSimulator_Ws/install/ros2_data/share/ros2_data/package.dsv'
[11.543s] INFO:colcon.colcon_core.shell:Creating package script '/home/manideep/FrankaSimulator_Ws/install/ros2_data/share/ros2_data/package.sh'
[11.543s] INFO:colcon.colcon_core.shell:Creating package script '/home/manideep/FrankaSimulator_Ws/install/ros2_data/share/ros2_data/package.bash'
[11.543s] INFO:colcon.colcon_core.shell:Creating package script '/home/manideep/FrankaSimulator_Ws/install/ros2_data/share/ros2_data/package.zsh'
[11.543s] Level 1:colcon.colcon_core.environment:create_file_with_runtime_dependencies(/home/manideep/FrankaSimulator_Ws/install/ros2_data/share/colcon-core/packages/ros2_data)
[11.544s] Level 1:colcon.colcon_core.environment:create_environment_scripts_only(ros2_data)
[11.544s] Level 1:colcon.colcon_core.environment:checking '/home/manideep/FrankaSimulator_Ws/install/ros2_data' for CMake module files
[11.544s] Level 1:colcon.colcon_core.environment:checking '/home/manideep/FrankaSimulator_Ws/install/ros2_data' for CMake config files
[11.544s] Level 1:colcon.colcon_core.shell:create_environment_hook('ros2_data', 'cmake_prefix_path')
[11.545s] INFO:colcon.colcon_core.shell:Creating environment hook '/home/manideep/FrankaSimulator_Ws/install/ros2_data/share/ros2_data/hook/cmake_prefix_path.ps1'
[11.545s] INFO:colcon.colcon_core.shell:Creating environment descriptor '/home/manideep/FrankaSimulator_Ws/install/ros2_data/share/ros2_data/hook/cmake_prefix_path.dsv'
[11.545s] INFO:colcon.colcon_core.shell:Creating environment hook '/home/manideep/FrankaSimulator_Ws/install/ros2_data/share/ros2_data/hook/cmake_prefix_path.sh'
[11.545s] Level 1:colcon.colcon_core.environment:checking '/home/manideep/FrankaSimulator_Ws/install/ros2_data/lib'
[11.545s] Level 1:colcon.colcon_core.shell:create_environment_hook('ros2_data', 'ld_library_path_lib')
[11.545s] INFO:colcon.colcon_core.shell:Creating environment hook '/home/manideep/FrankaSimulator_Ws/install/ros2_data/share/ros2_data/hook/ld_library_path_lib.ps1'
[11.546s] INFO:colcon.colcon_core.shell:Creating environment descriptor '/home/manideep/FrankaSimulator_Ws/install/ros2_data/share/ros2_data/hook/ld_library_path_lib.dsv'
[11.546s] INFO:colcon.colcon_core.shell:Creating environment hook '/home/manideep/FrankaSimulator_Ws/install/ros2_data/share/ros2_data/hook/ld_library_path_lib.sh'
[11.546s] Level 1:colcon.colcon_core.environment:checking '/home/manideep/FrankaSimulator_Ws/install/ros2_data/bin'
[11.546s] Level 1:colcon.colcon_core.environment:checking '/home/manideep/FrankaSimulator_Ws/install/ros2_data/lib/pkgconfig/ros2_data.pc'
[11.546s] Level 1:colcon.colcon_core.environment:checking '/home/manideep/FrankaSimulator_Ws/install/ros2_data/lib/python3.10/site-packages'
[11.546s] Level 1:colcon.colcon_core.shell:create_environment_hook('ros2_data', 'pythonpath')
[11.546s] INFO:colcon.colcon_core.shell:Creating environment hook '/home/manideep/FrankaSimulator_Ws/install/ros2_data/share/ros2_data/hook/pythonpath.ps1'
[11.547s] INFO:colcon.colcon_core.shell:Creating environment descriptor '/home/manideep/FrankaSimulator_Ws/install/ros2_data/share/ros2_data/hook/pythonpath.dsv'
[11.547s] INFO:colcon.colcon_core.shell:Creating environment hook '/home/manideep/FrankaSimulator_Ws/install/ros2_data/share/ros2_data/hook/pythonpath.sh'
[11.547s] Level 1:colcon.colcon_core.environment:checking '/home/manideep/FrankaSimulator_Ws/install/ros2_data/bin'
[11.547s] INFO:colcon.colcon_core.shell:Creating package script '/home/manideep/FrankaSimulator_Ws/install/ros2_data/share/ros2_data/package.ps1'
[11.548s] INFO:colcon.colcon_core.shell:Creating package descriptor '/home/manideep/FrankaSimulator_Ws/install/ros2_data/share/ros2_data/package.dsv'
[11.548s] INFO:colcon.colcon_core.shell:Creating package script '/home/manideep/FrankaSimulator_Ws/install/ros2_data/share/ros2_data/package.sh'
[11.548s] INFO:colcon.colcon_core.shell:Creating package script '/home/manideep/FrankaSimulator_Ws/install/ros2_data/share/ros2_data/package.bash'
[11.548s] INFO:colcon.colcon_core.shell:Creating package script '/home/manideep/FrankaSimulator_Ws/install/ros2_data/share/ros2_data/package.zsh'
[11.548s] Level 1:colcon.colcon_core.environment:create_file_with_runtime_dependencies(/home/manideep/FrankaSimulator_Ws/install/ros2_data/share/colcon-core/packages/ros2_data)
[11.549s] INFO:colcon.colcon_ros.task.ament_cmake.build:Building ROS package in '/home/manideep/FrankaSimulator_Ws/src/PandaRobot/panda_ros2_moveit2' with build type 'ament_cmake'
[11.549s] INFO:colcon.colcon_cmake.task.cmake.build:Building CMake package in '/home/manideep/FrankaSimulator_Ws/src/PandaRobot/panda_ros2_moveit2'
[11.549s] INFO:colcon.colcon_core.shell:Skip shell extension 'powershell' for command environment: Not usable outside of PowerShell
[11.549s] DEBUG:colcon.colcon_core.shell:Skip shell extension 'dsv' for command environment
[11.553s] INFO:colcon.colcon_ros.task.ament_cmake.build:Building ROS package in '/home/manideep/FrankaSimulator_Ws/src/ros2_actions' with build type 'ament_cmake'
[11.553s] INFO:colcon.colcon_cmake.task.cmake.build:Building CMake package in '/home/manideep/FrankaSimulator_Ws/src/ros2_actions'
[11.553s] INFO:colcon.colcon_core.shell:Skip shell extension 'powershell' for command environment: Not usable outside of PowerShell
[11.553s] DEBUG:colcon.colcon_core.shell:Skip shell extension 'dsv' for command environment
[11.563s] DEBUG:colcon.colcon_core.event_handler.log_command:Invoking command in '/home/manideep/FrankaSimulator_Ws/build/panda_ros2_moveit2': AMENT_PREFIX_PATH=/home/manideep/FrankaSimulator_Ws/install/ros2_data:${AMENT_PREFIX_PATH} CMAKE_PREFIX_PATH=/home/manideep/FrankaSimulator_Ws/install/ros2_data:/home/manideep/ws_moveit2/install/pilz_industrial_motion_planner_testutils:/home/manideep/ws_moveit2/install/moveit_runtime:/home/manideep/ws_moveit2/install/moveit2_tutorials:/home/manideep/ws_moveit2/install/moveit:/home/manideep/ws_moveit2/install/moveit_planners:/home/manideep/ws_moveit2/install/pilz_industrial_motion_planner:/home/manideep/ws_moveit2/install/moveit_visual_tools:/home/manideep/ws_moveit2/install/moveit_task_constructor_visualization:/home/manideep/ws_moveit2/install/moveit_task_constructor_demo:/home/manideep/ws_moveit2/install/moveit_task_constructor_capabilities:/home/manideep/ws_moveit2/install/moveit_task_constructor_core:/home/manideep/ws_moveit2/install/moveit_ros_control_interface:/home/manideep/ws_moveit2/install/moveit_plugins:/home/manideep/ws_moveit2/install/moveit_simple_controller_manager:/home/manideep/ws_moveit2/install/moveit_setup_assistant:/home/manideep/ws_moveit2/install/moveit_setup_srdf_plugins:/home/manideep/ws_moveit2/install/moveit_setup_core_plugins:/home/manideep/ws_moveit2/install/moveit_setup_controllers:/home/manideep/ws_moveit2/install/moveit_setup_app_plugins:/home/manideep/ws_moveit2/install/moveit_setup_framework:/home/manideep/ws_moveit2/install/moveit_servo:/home/manideep/ws_moveit2/install/moveit_ros:/home/manideep/ws_moveit2/install/moveit_ros_visualization:/home/manideep/ws_moveit2/install/moveit_hybrid_planning:/home/manideep/ws_moveit2/install/moveit_ros_planning_interface:/home/manideep/ws_moveit2/install/moveit_ros_benchmarks:/home/manideep/ws_moveit2/install/moveit_ros_warehouse:/home/manideep/ws_moveit2/install/moveit_ros_robot_interaction:/home/manideep/ws_moveit2/install/moveit_ros_perception:/home/manideep/ws_moveit2/install/moveit_resources_prbt_pg70_support:/home/manideep/ws_moveit2/install/moveit_resources_prbt_moveit_config:/home/manideep/ws_moveit2/install/moveit_ros_move_group:/home/manideep/ws_moveit2/install/moveit_planners_ompl:/home/manideep/ws_moveit2/install/moveit_ros_planning:/home/manideep/ws_moveit2/install/moveit_ros_occupancy_map_monitor:/home/manideep/ws_moveit2/install/moveit_resources_prbt_ikfast_manipulator_plugin:/home/manideep/ws_moveit2/install/moveit_planners_chomp:/home/manideep/ws_moveit2/install/moveit_kinematics:/home/manideep/ws_moveit2/install/moveit_chomp_optimizer_adapter:/home/manideep/ws_moveit2/install/chomp_motion_planner:/home/manideep/ws_moveit2/install/moveit_core:/home/manideep/ws_moveit2/install/srdfdom:/home/manideep/ws_moveit2/install/rviz_marker_tools:/home/manideep/ws_moveit2/install/rosparam_shortcuts:/home/manideep/ws_moveit2/install/my_environment_package:/home/manideep/ws_moveit2/install/moveit_task_constructor_msgs:/home/manideep/ws_moveit2/install/moveit_resources_prbt_support:/home/manideep/ws_moveit2/install/moveit_resources:/home/manideep/ws_moveit2/install/moveit_resources_pr2_description:/home/manideep/ws_moveit2/install/moveit_resources_panda_moveit_config:/home/manideep/ws_moveit2/install/moveit_resources_panda_description:/home/manideep/ws_moveit2/install/moveit_resources_fanuc_moveit_config:/home/manideep/ws_moveit2/install/moveit_resources_fanuc_description:/home/manideep/ws_moveit2/install/moveit_common:/home/manideep/ws_moveit2/install/moveit_configs_utils:/home/manideep/ws_moveit2/install/launch_param_builder:/opt/ros/humble LD_LIBRARY_PATH=/home/manideep/FrankaSimulator_Ws/install/ros2_data/lib:${LD_LIBRARY_PATH} PYTHONPATH=/home/manideep/FrankaSimulator_Ws/install/ros2_data/lib/python3.10/site-packages:${PYTHONPATH} /usr/bin/cmake /home/manideep/FrankaSimulator_Ws/src/PandaRobot/panda_ros2_moveit2 -DCMAKE_INSTALL_PREFIX=/home/manideep/FrankaSimulator_Ws/install/panda_ros2_moveit2
[11.567s] DEBUG:colcon.colcon_core.event_handler.log_command:Invoking command in '/home/manideep/FrankaSimulator_Ws/build/ros2_actions': AMENT_PREFIX_PATH=/home/manideep/FrankaSimulator_Ws/install/ros2_data:${AMENT_PREFIX_PATH} CMAKE_PREFIX_PATH=/home/manideep/FrankaSimulator_Ws/install/ros2_data:/home/manideep/ws_moveit2/install/pilz_industrial_motion_planner_testutils:/home/manideep/ws_moveit2/install/moveit_runtime:/home/manideep/ws_moveit2/install/moveit2_tutorials:/home/manideep/ws_moveit2/install/moveit:/home/manideep/ws_moveit2/install/moveit_planners:/home/manideep/ws_moveit2/install/pilz_industrial_motion_planner:/home/manideep/ws_moveit2/install/moveit_visual_tools:/home/manideep/ws_moveit2/install/moveit_task_constructor_visualization:/home/manideep/ws_moveit2/install/moveit_task_constructor_demo:/home/manideep/ws_moveit2/install/moveit_task_constructor_capabilities:/home/manideep/ws_moveit2/install/moveit_task_constructor_core:/home/manideep/ws_moveit2/install/moveit_ros_control_interface:/home/manideep/ws_moveit2/install/moveit_plugins:/home/manideep/ws_moveit2/install/moveit_simple_controller_manager:/home/manideep/ws_moveit2/install/moveit_setup_assistant:/home/manideep/ws_moveit2/install/moveit_setup_srdf_plugins:/home/manideep/ws_moveit2/install/moveit_setup_core_plugins:/home/manideep/ws_moveit2/install/moveit_setup_controllers:/home/manideep/ws_moveit2/install/moveit_setup_app_plugins:/home/manideep/ws_moveit2/install/moveit_setup_framework:/home/manideep/ws_moveit2/install/moveit_servo:/home/manideep/ws_moveit2/install/moveit_ros:/home/manideep/ws_moveit2/install/moveit_ros_visualization:/home/manideep/ws_moveit2/install/moveit_hybrid_planning:/home/manideep/ws_moveit2/install/moveit_ros_planning_interface:/home/manideep/ws_moveit2/install/moveit_ros_benchmarks:/home/manideep/ws_moveit2/install/moveit_ros_warehouse:/home/manideep/ws_moveit2/install/moveit_ros_robot_interaction:/home/manideep/ws_moveit2/install/moveit_ros_perception:/home/manideep/ws_moveit2/install/moveit_resources_prbt_pg70_support:/home/manideep/ws_moveit2/install/moveit_resources_prbt_moveit_config:/home/manideep/ws_moveit2/install/moveit_ros_move_group:/home/manideep/ws_moveit2/install/moveit_planners_ompl:/home/manideep/ws_moveit2/install/moveit_ros_planning:/home/manideep/ws_moveit2/install/moveit_ros_occupancy_map_monitor:/home/manideep/ws_moveit2/install/moveit_resources_prbt_ikfast_manipulator_plugin:/home/manideep/ws_moveit2/install/moveit_planners_chomp:/home/manideep/ws_moveit2/install/moveit_kinematics:/home/manideep/ws_moveit2/install/moveit_chomp_optimizer_adapter:/home/manideep/ws_moveit2/install/chomp_motion_planner:/home/manideep/ws_moveit2/install/moveit_core:/home/manideep/ws_moveit2/install/srdfdom:/home/manideep/ws_moveit2/install/rviz_marker_tools:/home/manideep/ws_moveit2/install/rosparam_shortcuts:/home/manideep/ws_moveit2/install/my_environment_package:/home/manideep/ws_moveit2/install/moveit_task_constructor_msgs:/home/manideep/ws_moveit2/install/moveit_resources_prbt_support:/home/manideep/ws_moveit2/install/moveit_resources:/home/manideep/ws_moveit2/install/moveit_resources_pr2_description:/home/manideep/ws_moveit2/install/moveit_resources_panda_moveit_config:/home/manideep/ws_moveit2/install/moveit_resources_panda_description:/home/manideep/ws_moveit2/install/moveit_resources_fanuc_moveit_config:/home/manideep/ws_moveit2/install/moveit_resources_fanuc_description:/home/manideep/ws_moveit2/install/moveit_common:/home/manideep/ws_moveit2/install/moveit_configs_utils:/home/manideep/ws_moveit2/install/launch_param_builder:/opt/ros/humble LD_LIBRARY_PATH=/home/manideep/FrankaSimulator_Ws/install/ros2_data/lib:${LD_LIBRARY_PATH} PYTHONPATH=/home/manideep/FrankaSimulator_Ws/install/ros2_data/lib/python3.10/site-packages:${PYTHONPATH} /usr/bin/cmake /home/manideep/FrankaSimulator_Ws/src/ros2_actions -DCMAKE_INSTALL_PREFIX=/home/manideep/FrankaSimulator_Ws/install/ros2_actions
[12.168s] DEBUG:colcon.colcon_core.event_handler.log_command:Invoked command in '/home/manideep/FrankaSimulator_Ws/build/panda_ros2_moveit2' returned '0': AMENT_PREFIX_PATH=/home/manideep/FrankaSimulator_Ws/install/ros2_data:${AMENT_PREFIX_PATH} CMAKE_PREFIX_PATH=/home/manideep/FrankaSimulator_Ws/install/ros2_data:/home/manideep/ws_moveit2/install/pilz_industrial_motion_planner_testutils:/home/manideep/ws_moveit2/install/moveit_runtime:/home/manideep/ws_moveit2/install/moveit2_tutorials:/home/manideep/ws_moveit2/install/moveit:/home/manideep/ws_moveit2/install/moveit_planners:/home/manideep/ws_moveit2/install/pilz_industrial_motion_planner:/home/manideep/ws_moveit2/install/moveit_visual_tools:/home/manideep/ws_moveit2/install/moveit_task_constructor_visualization:/home/manideep/ws_moveit2/install/moveit_task_constructor_demo:/home/manideep/ws_moveit2/install/moveit_task_constructor_capabilities:/home/manideep/ws_moveit2/install/moveit_task_constructor_core:/home/manideep/ws_moveit2/install/moveit_ros_control_interface:/home/manideep/ws_moveit2/install/moveit_plugins:/home/manideep/ws_moveit2/install/moveit_simple_controller_manager:/home/manideep/ws_moveit2/install/moveit_setup_assistant:/home/manideep/ws_moveit2/install/moveit_setup_srdf_plugins:/home/manideep/ws_moveit2/install/moveit_setup_core_plugins:/home/manideep/ws_moveit2/install/moveit_setup_controllers:/home/manideep/ws_moveit2/install/moveit_setup_app_plugins:/home/manideep/ws_moveit2/install/moveit_setup_framework:/home/manideep/ws_moveit2/install/moveit_servo:/home/manideep/ws_moveit2/install/moveit_ros:/home/manideep/ws_moveit2/install/moveit_ros_visualization:/home/manideep/ws_moveit2/install/moveit_hybrid_planning:/home/manideep/ws_moveit2/install/moveit_ros_planning_interface:/home/manideep/ws_moveit2/install/moveit_ros_benchmarks:/home/manideep/ws_moveit2/install/moveit_ros_warehouse:/home/manideep/ws_moveit2/install/moveit_ros_robot_interaction:/home/manideep/ws_moveit2/install/moveit_ros_perception:/home/manideep/ws_moveit2/install/moveit_resources_prbt_pg70_support:/home/manideep/ws_moveit2/install/moveit_resources_prbt_moveit_config:/home/manideep/ws_moveit2/install/moveit_ros_move_group:/home/manideep/ws_moveit2/install/moveit_planners_ompl:/home/manideep/ws_moveit2/install/moveit_ros_planning:/home/manideep/ws_moveit2/install/moveit_ros_occupancy_map_monitor:/home/manideep/ws_moveit2/install/moveit_resources_prbt_ikfast_manipulator_plugin:/home/manideep/ws_moveit2/install/moveit_planners_chomp:/home/manideep/ws_moveit2/install/moveit_kinematics:/home/manideep/ws_moveit2/install/moveit_chomp_optimizer_adapter:/home/manideep/ws_moveit2/install/chomp_motion_planner:/home/manideep/ws_moveit2/install/moveit_core:/home/manideep/ws_moveit2/install/srdfdom:/home/manideep/ws_moveit2/install/rviz_marker_tools:/home/manideep/ws_moveit2/install/rosparam_shortcuts:/home/manideep/ws_moveit2/install/my_environment_package:/home/manideep/ws_moveit2/install/moveit_task_constructor_msgs:/home/manideep/ws_moveit2/install/moveit_resources_prbt_support:/home/manideep/ws_moveit2/install/moveit_resources:/home/manideep/ws_moveit2/install/moveit_resources_pr2_description:/home/manideep/ws_moveit2/install/moveit_resources_panda_moveit_config:/home/manideep/ws_moveit2/install/moveit_resources_panda_description:/home/manideep/ws_moveit2/install/moveit_resources_fanuc_moveit_config:/home/manideep/ws_moveit2/install/moveit_resources_fanuc_description:/home/manideep/ws_moveit2/install/moveit_common:/home/manideep/ws_moveit2/install/moveit_configs_utils:/home/manideep/ws_moveit2/install/launch_param_builder:/opt/ros/humble LD_LIBRARY_PATH=/home/manideep/FrankaSimulator_Ws/install/ros2_data/lib:${LD_LIBRARY_PATH} PYTHONPATH=/home/manideep/FrankaSimulator_Ws/install/ros2_data/lib/python3.10/site-packages:${PYTHONPATH} /usr/bin/cmake /home/manideep/FrankaSimulator_Ws/src/PandaRobot/panda_ros2_moveit2 -DCMAKE_INSTALL_PREFIX=/home/manideep/FrankaSimulator_Ws/install/panda_ros2_moveit2
[12.169s] DEBUG:colcon.colcon_core.event_handler.log_command:Invoking command in '/home/manideep/FrankaSimulator_Ws/build/panda_ros2_moveit2': AMENT_PREFIX_PATH=/home/manideep/FrankaSimulator_Ws/install/ros2_data:${AMENT_PREFIX_PATH} CMAKE_PREFIX_PATH=/home/manideep/FrankaSimulator_Ws/install/ros2_data:/home/manideep/ws_moveit2/install/pilz_industrial_motion_planner_testutils:/home/manideep/ws_moveit2/install/moveit_runtime:/home/manideep/ws_moveit2/install/moveit2_tutorials:/home/manideep/ws_moveit2/install/moveit:/home/manideep/ws_moveit2/install/moveit_planners:/home/manideep/ws_moveit2/install/pilz_industrial_motion_planner:/home/manideep/ws_moveit2/install/moveit_visual_tools:/home/manideep/ws_moveit2/install/moveit_task_constructor_visualization:/home/manideep/ws_moveit2/install/moveit_task_constructor_demo:/home/manideep/ws_moveit2/install/moveit_task_constructor_capabilities:/home/manideep/ws_moveit2/install/moveit_task_constructor_core:/home/manideep/ws_moveit2/install/moveit_ros_control_interface:/home/manideep/ws_moveit2/install/moveit_plugins:/home/manideep/ws_moveit2/install/moveit_simple_controller_manager:/home/manideep/ws_moveit2/install/moveit_setup_assistant:/home/manideep/ws_moveit2/install/moveit_setup_srdf_plugins:/home/manideep/ws_moveit2/install/moveit_setup_core_plugins:/home/manideep/ws_moveit2/install/moveit_setup_controllers:/home/manideep/ws_moveit2/install/moveit_setup_app_plugins:/home/manideep/ws_moveit2/install/moveit_setup_framework:/home/manideep/ws_moveit2/install/moveit_servo:/home/manideep/ws_moveit2/install/moveit_ros:/home/manideep/ws_moveit2/install/moveit_ros_visualization:/home/manideep/ws_moveit2/install/moveit_hybrid_planning:/home/manideep/ws_moveit2/install/moveit_ros_planning_interface:/home/manideep/ws_moveit2/install/moveit_ros_benchmarks:/home/manideep/ws_moveit2/install/moveit_ros_warehouse:/home/manideep/ws_moveit2/install/moveit_ros_robot_interaction:/home/manideep/ws_moveit2/install/moveit_ros_perception:/home/manideep/ws_moveit2/install/moveit_resources_prbt_pg70_support:/home/manideep/ws_moveit2/install/moveit_resources_prbt_moveit_config:/home/manideep/ws_moveit2/install/moveit_ros_move_group:/home/manideep/ws_moveit2/install/moveit_planners_ompl:/home/manideep/ws_moveit2/install/moveit_ros_planning:/home/manideep/ws_moveit2/install/moveit_ros_occupancy_map_monitor:/home/manideep/ws_moveit2/install/moveit_resources_prbt_ikfast_manipulator_plugin:/home/manideep/ws_moveit2/install/moveit_planners_chomp:/home/manideep/ws_moveit2/install/moveit_kinematics:/home/manideep/ws_moveit2/install/moveit_chomp_optimizer_adapter:/home/manideep/ws_moveit2/install/chomp_motion_planner:/home/manideep/ws_moveit2/install/moveit_core:/home/manideep/ws_moveit2/install/srdfdom:/home/manideep/ws_moveit2/install/rviz_marker_tools:/home/manideep/ws_moveit2/install/rosparam_shortcuts:/home/manideep/ws_moveit2/install/my_environment_package:/home/manideep/ws_moveit2/install/moveit_task_constructor_msgs:/home/manideep/ws_moveit2/install/moveit_resources_prbt_support:/home/manideep/ws_moveit2/install/moveit_resources:/home/manideep/ws_moveit2/install/moveit_resources_pr2_description:/home/manideep/ws_moveit2/install/moveit_resources_panda_moveit_config:/home/manideep/ws_moveit2/install/moveit_resources_panda_description:/home/manideep/ws_moveit2/install/moveit_resources_fanuc_moveit_config:/home/manideep/ws_moveit2/install/moveit_resources_fanuc_description:/home/manideep/ws_moveit2/install/moveit_common:/home/manideep/ws_moveit2/install/moveit_configs_utils:/home/manideep/ws_moveit2/install/launch_param_builder:/opt/ros/humble LD_LIBRARY_PATH=/home/manideep/FrankaSimulator_Ws/install/ros2_data/lib:${LD_LIBRARY_PATH} PYTHONPATH=/home/manideep/FrankaSimulator_Ws/install/ros2_data/lib/python3.10/site-packages:${PYTHONPATH} /usr/bin/cmake --build /home/manideep/FrankaSimulator_Ws/build/panda_ros2_moveit2 -- -j16 -l16
[12.213s] DEBUG:colcon.colcon_core.event_handler.log_command:Invoked command in '/home/manideep/FrankaSimulator_Ws/build/panda_ros2_moveit2' returned '0': AMENT_PREFIX_PATH=/home/manideep/FrankaSimulator_Ws/install/ros2_data:${AMENT_PREFIX_PATH} CMAKE_PREFIX_PATH=/home/manideep/FrankaSimulator_Ws/install/ros2_data:/home/manideep/ws_moveit2/install/pilz_industrial_motion_planner_testutils:/home/manideep/ws_moveit2/install/moveit_runtime:/home/manideep/ws_moveit2/install/moveit2_tutorials:/home/manideep/ws_moveit2/install/moveit:/home/manideep/ws_moveit2/install/moveit_planners:/home/manideep/ws_moveit2/install/pilz_industrial_motion_planner:/home/manideep/ws_moveit2/install/moveit_visual_tools:/home/manideep/ws_moveit2/install/moveit_task_constructor_visualization:/home/manideep/ws_moveit2/install/moveit_task_constructor_demo:/home/manideep/ws_moveit2/install/moveit_task_constructor_capabilities:/home/manideep/ws_moveit2/install/moveit_task_constructor_core:/home/manideep/ws_moveit2/install/moveit_ros_control_interface:/home/manideep/ws_moveit2/install/moveit_plugins:/home/manideep/ws_moveit2/install/moveit_simple_controller_manager:/home/manideep/ws_moveit2/install/moveit_setup_assistant:/home/manideep/ws_moveit2/install/moveit_setup_srdf_plugins:/home/manideep/ws_moveit2/install/moveit_setup_core_plugins:/home/manideep/ws_moveit2/install/moveit_setup_controllers:/home/manideep/ws_moveit2/install/moveit_setup_app_plugins:/home/manideep/ws_moveit2/install/moveit_setup_framework:/home/manideep/ws_moveit2/install/moveit_servo:/home/manideep/ws_moveit2/install/moveit_ros:/home/manideep/ws_moveit2/install/moveit_ros_visualization:/home/manideep/ws_moveit2/install/moveit_hybrid_planning:/home/manideep/ws_moveit2/install/moveit_ros_planning_interface:/home/manideep/ws_moveit2/install/moveit_ros_benchmarks:/home/manideep/ws_moveit2/install/moveit_ros_warehouse:/home/manideep/ws_moveit2/install/moveit_ros_robot_interaction:/home/manideep/ws_moveit2/install/moveit_ros_perception:/home/manideep/ws_moveit2/install/moveit_resources_prbt_pg70_support:/home/manideep/ws_moveit2/install/moveit_resources_prbt_moveit_config:/home/manideep/ws_moveit2/install/moveit_ros_move_group:/home/manideep/ws_moveit2/install/moveit_planners_ompl:/home/manideep/ws_moveit2/install/moveit_ros_planning:/home/manideep/ws_moveit2/install/moveit_ros_occupancy_map_monitor:/home/manideep/ws_moveit2/install/moveit_resources_prbt_ikfast_manipulator_plugin:/home/manideep/ws_moveit2/install/moveit_planners_chomp:/home/manideep/ws_moveit2/install/moveit_kinematics:/home/manideep/ws_moveit2/install/moveit_chomp_optimizer_adapter:/home/manideep/ws_moveit2/install/chomp_motion_planner:/home/manideep/ws_moveit2/install/moveit_core:/home/manideep/ws_moveit2/install/srdfdom:/home/manideep/ws_moveit2/install/rviz_marker_tools:/home/manideep/ws_moveit2/install/rosparam_shortcuts:/home/manideep/ws_moveit2/install/my_environment_package:/home/manideep/ws_moveit2/install/moveit_task_constructor_msgs:/home/manideep/ws_moveit2/install/moveit_resources_prbt_support:/home/manideep/ws_moveit2/install/moveit_resources:/home/manideep/ws_moveit2/install/moveit_resources_pr2_description:/home/manideep/ws_moveit2/install/moveit_resources_panda_moveit_config:/home/manideep/ws_moveit2/install/moveit_resources_panda_description:/home/manideep/ws_moveit2/install/moveit_resources_fanuc_moveit_config:/home/manideep/ws_moveit2/install/moveit_resources_fanuc_description:/home/manideep/ws_moveit2/install/moveit_common:/home/manideep/ws_moveit2/install/moveit_configs_utils:/home/manideep/ws_moveit2/install/launch_param_builder:/opt/ros/humble LD_LIBRARY_PATH=/home/manideep/FrankaSimulator_Ws/install/ros2_data/lib:${LD_LIBRARY_PATH} PYTHONPATH=/home/manideep/FrankaSimulator_Ws/install/ros2_data/lib/python3.10/site-packages:${PYTHONPATH} /usr/bin/cmake --build /home/manideep/FrankaSimulator_Ws/build/panda_ros2_moveit2 -- -j16 -l16
[12.214s] DEBUG:colcon.colcon_core.event_handler.log_command:Invoking command in '/home/manideep/FrankaSimulator_Ws/build/panda_ros2_moveit2': AMENT_PREFIX_PATH=/home/manideep/FrankaSimulator_Ws/install/ros2_data:${AMENT_PREFIX_PATH} CMAKE_PREFIX_PATH=/home/manideep/FrankaSimulator_Ws/install/ros2_data:/home/manideep/ws_moveit2/install/pilz_industrial_motion_planner_testutils:/home/manideep/ws_moveit2/install/moveit_runtime:/home/manideep/ws_moveit2/install/moveit2_tutorials:/home/manideep/ws_moveit2/install/moveit:/home/manideep/ws_moveit2/install/moveit_planners:/home/manideep/ws_moveit2/install/pilz_industrial_motion_planner:/home/manideep/ws_moveit2/install/moveit_visual_tools:/home/manideep/ws_moveit2/install/moveit_task_constructor_visualization:/home/manideep/ws_moveit2/install/moveit_task_constructor_demo:/home/manideep/ws_moveit2/install/moveit_task_constructor_capabilities:/home/manideep/ws_moveit2/install/moveit_task_constructor_core:/home/manideep/ws_moveit2/install/moveit_ros_control_interface:/home/manideep/ws_moveit2/install/moveit_plugins:/home/manideep/ws_moveit2/install/moveit_simple_controller_manager:/home/manideep/ws_moveit2/install/moveit_setup_assistant:/home/manideep/ws_moveit2/install/moveit_setup_srdf_plugins:/home/manideep/ws_moveit2/install/moveit_setup_core_plugins:/home/manideep/ws_moveit2/install/moveit_setup_controllers:/home/manideep/ws_moveit2/install/moveit_setup_app_plugins:/home/manideep/ws_moveit2/install/moveit_setup_framework:/home/manideep/ws_moveit2/install/moveit_servo:/home/manideep/ws_moveit2/install/moveit_ros:/home/manideep/ws_moveit2/install/moveit_ros_visualization:/home/manideep/ws_moveit2/install/moveit_hybrid_planning:/home/manideep/ws_moveit2/install/moveit_ros_planning_interface:/home/manideep/ws_moveit2/install/moveit_ros_benchmarks:/home/manideep/ws_moveit2/install/moveit_ros_warehouse:/home/manideep/ws_moveit2/install/moveit_ros_robot_interaction:/home/manideep/ws_moveit2/install/moveit_ros_perception:/home/manideep/ws_moveit2/install/moveit_resources_prbt_pg70_support:/home/manideep/ws_moveit2/install/moveit_resources_prbt_moveit_config:/home/manideep/ws_moveit2/install/moveit_ros_move_group:/home/manideep/ws_moveit2/install/moveit_planners_ompl:/home/manideep/ws_moveit2/install/moveit_ros_planning:/home/manideep/ws_moveit2/install/moveit_ros_occupancy_map_monitor:/home/manideep/ws_moveit2/install/moveit_resources_prbt_ikfast_manipulator_plugin:/home/manideep/ws_moveit2/install/moveit_planners_chomp:/home/manideep/ws_moveit2/install/moveit_kinematics:/home/manideep/ws_moveit2/install/moveit_chomp_optimizer_adapter:/home/manideep/ws_moveit2/install/chomp_motion_planner:/home/manideep/ws_moveit2/install/moveit_core:/home/manideep/ws_moveit2/install/srdfdom:/home/manideep/ws_moveit2/install/rviz_marker_tools:/home/manideep/ws_moveit2/install/rosparam_shortcuts:/home/manideep/ws_moveit2/install/my_environment_package:/home/manideep/ws_moveit2/install/moveit_task_constructor_msgs:/home/manideep/ws_moveit2/install/moveit_resources_prbt_support:/home/manideep/ws_moveit2/install/moveit_resources:/home/manideep/ws_moveit2/install/moveit_resources_pr2_description:/home/manideep/ws_moveit2/install/moveit_resources_panda_moveit_config:/home/manideep/ws_moveit2/install/moveit_resources_panda_description:/home/manideep/ws_moveit2/install/moveit_resources_fanuc_moveit_config:/home/manideep/ws_moveit2/install/moveit_resources_fanuc_description:/home/manideep/ws_moveit2/install/moveit_common:/home/manideep/ws_moveit2/install/moveit_configs_utils:/home/manideep/ws_moveit2/install/launch_param_builder:/opt/ros/humble LD_LIBRARY_PATH=/home/manideep/FrankaSimulator_Ws/install/ros2_data/lib:${LD_LIBRARY_PATH} PYTHONPATH=/home/manideep/FrankaSimulator_Ws/install/ros2_data/lib/python3.10/site-packages:${PYTHONPATH} /usr/bin/cmake --install /home/manideep/FrankaSimulator_Ws/build/panda_ros2_moveit2
[12.229s] Level 1:colcon.colcon_core.environment:create_environment_scripts_only(panda_ros2_moveit2)
[12.229s] Level 1:colcon.colcon_core.environment:checking '/home/manideep/FrankaSimulator_Ws/install/panda_ros2_moveit2' for CMake module files
[12.229s] DEBUG:colcon.colcon_core.event_handler.log_command:Invoked command in '/home/manideep/FrankaSimulator_Ws/build/panda_ros2_moveit2' returned '0': AMENT_PREFIX_PATH=/home/manideep/FrankaSimulator_Ws/install/ros2_data:${AMENT_PREFIX_PATH} CMAKE_PREFIX_PATH=/home/manideep/FrankaSimulator_Ws/install/ros2_data:/home/manideep/ws_moveit2/install/pilz_industrial_motion_planner_testutils:/home/manideep/ws_moveit2/install/moveit_runtime:/home/manideep/ws_moveit2/install/moveit2_tutorials:/home/manideep/ws_moveit2/install/moveit:/home/manideep/ws_moveit2/install/moveit_planners:/home/manideep/ws_moveit2/install/pilz_industrial_motion_planner:/home/manideep/ws_moveit2/install/moveit_visual_tools:/home/manideep/ws_moveit2/install/moveit_task_constructor_visualization:/home/manideep/ws_moveit2/install/moveit_task_constructor_demo:/home/manideep/ws_moveit2/install/moveit_task_constructor_capabilities:/home/manideep/ws_moveit2/install/moveit_task_constructor_core:/home/manideep/ws_moveit2/install/moveit_ros_control_interface:/home/manideep/ws_moveit2/install/moveit_plugins:/home/manideep/ws_moveit2/install/moveit_simple_controller_manager:/home/manideep/ws_moveit2/install/moveit_setup_assistant:/home/manideep/ws_moveit2/install/moveit_setup_srdf_plugins:/home/manideep/ws_moveit2/install/moveit_setup_core_plugins:/home/manideep/ws_moveit2/install/moveit_setup_controllers:/home/manideep/ws_moveit2/install/moveit_setup_app_plugins:/home/manideep/ws_moveit2/install/moveit_setup_framework:/home/manideep/ws_moveit2/install/moveit_servo:/home/manideep/ws_moveit2/install/moveit_ros:/home/manideep/ws_moveit2/install/moveit_ros_visualization:/home/manideep/ws_moveit2/install/moveit_hybrid_planning:/home/manideep/ws_moveit2/install/moveit_ros_planning_interface:/home/manideep/ws_moveit2/install/moveit_ros_benchmarks:/home/manideep/ws_moveit2/install/moveit_ros_warehouse:/home/manideep/ws_moveit2/install/moveit_ros_robot_interaction:/home/manideep/ws_moveit2/install/moveit_ros_perception:/home/manideep/ws_moveit2/install/moveit_resources_prbt_pg70_support:/home/manideep/ws_moveit2/install/moveit_resources_prbt_moveit_config:/home/manideep/ws_moveit2/install/moveit_ros_move_group:/home/manideep/ws_moveit2/install/moveit_planners_ompl:/home/manideep/ws_moveit2/install/moveit_ros_planning:/home/manideep/ws_moveit2/install/moveit_ros_occupancy_map_monitor:/home/manideep/ws_moveit2/install/moveit_resources_prbt_ikfast_manipulator_plugin:/home/manideep/ws_moveit2/install/moveit_planners_chomp:/home/manideep/ws_moveit2/install/moveit_kinematics:/home/manideep/ws_moveit2/install/moveit_chomp_optimizer_adapter:/home/manideep/ws_moveit2/install/chomp_motion_planner:/home/manideep/ws_moveit2/install/moveit_core:/home/manideep/ws_moveit2/install/srdfdom:/home/manideep/ws_moveit2/install/rviz_marker_tools:/home/manideep/ws_moveit2/install/rosparam_shortcuts:/home/manideep/ws_moveit2/install/my_environment_package:/home/manideep/ws_moveit2/install/moveit_task_constructor_msgs:/home/manideep/ws_moveit2/install/moveit_resources_prbt_support:/home/manideep/ws_moveit2/install/moveit_resources:/home/manideep/ws_moveit2/install/moveit_resources_pr2_description:/home/manideep/ws_moveit2/install/moveit_resources_panda_moveit_config:/home/manideep/ws_moveit2/install/moveit_resources_panda_description:/home/manideep/ws_moveit2/install/moveit_resources_fanuc_moveit_config:/home/manideep/ws_moveit2/install/moveit_resources_fanuc_description:/home/manideep/ws_moveit2/install/moveit_common:/home/manideep/ws_moveit2/install/moveit_configs_utils:/home/manideep/ws_moveit2/install/launch_param_builder:/opt/ros/humble LD_LIBRARY_PATH=/home/manideep/FrankaSimulator_Ws/install/ros2_data/lib:${LD_LIBRARY_PATH} PYTHONPATH=/home/manideep/FrankaSimulator_Ws/install/ros2_data/lib/python3.10/site-packages:${PYTHONPATH} /usr/bin/cmake --install /home/manideep/FrankaSimulator_Ws/build/panda_ros2_moveit2
[12.230s] Level 1:colcon.colcon_core.environment:checking '/home/manideep/FrankaSimulator_Ws/install/panda_ros2_moveit2' for CMake config files
[12.230s] Level 1:colcon.colcon_core.shell:create_environment_hook('panda_ros2_moveit2', 'cmake_prefix_path')
[12.230s] INFO:colcon.colcon_core.shell:Creating environment hook '/home/manideep/FrankaSimulator_Ws/install/panda_ros2_moveit2/share/panda_ros2_moveit2/hook/cmake_prefix_path.ps1'
[12.230s] INFO:colcon.colcon_core.shell:Creating environment descriptor '/home/manideep/FrankaSimulator_Ws/install/panda_ros2_moveit2/share/panda_ros2_moveit2/hook/cmake_prefix_path.dsv'
[12.231s] INFO:colcon.colcon_core.shell:Creating environment hook '/home/manideep/FrankaSimulator_Ws/install/panda_ros2_moveit2/share/panda_ros2_moveit2/hook/cmake_prefix_path.sh'
[12.231s] Level 1:colcon.colcon_core.environment:checking '/home/manideep/FrankaSimulator_Ws/install/panda_ros2_moveit2/bin'
[12.231s] Level 1:colcon.colcon_core.environment:checking '/home/manideep/FrankaSimulator_Ws/install/panda_ros2_moveit2/lib/pkgconfig/panda_ros2_moveit2.pc'
[12.231s] Level 1:colcon.colcon_core.environment:checking '/home/manideep/FrankaSimulator_Ws/install/panda_ros2_moveit2/lib/python3.10/site-packages'
[12.231s] Level 1:colcon.colcon_core.environment:checking '/home/manideep/FrankaSimulator_Ws/install/panda_ros2_moveit2/bin'
[12.231s] INFO:colcon.colcon_core.shell:Creating package script '/home/manideep/FrankaSimulator_Ws/install/panda_ros2_moveit2/share/panda_ros2_moveit2/package.ps1'
[12.232s] INFO:colcon.colcon_core.shell:Creating package descriptor '/home/manideep/FrankaSimulator_Ws/install/panda_ros2_moveit2/share/panda_ros2_moveit2/package.dsv'
[12.232s] INFO:colcon.colcon_core.shell:Creating package script '/home/manideep/FrankaSimulator_Ws/install/panda_ros2_moveit2/share/panda_ros2_moveit2/package.sh'
[12.232s] INFO:colcon.colcon_core.shell:Creating package script '/home/manideep/FrankaSimulator_Ws/install/panda_ros2_moveit2/share/panda_ros2_moveit2/package.bash'
[12.232s] INFO:colcon.colcon_core.shell:Creating package script '/home/manideep/FrankaSimulator_Ws/install/panda_ros2_moveit2/share/panda_ros2_moveit2/package.zsh'
[12.232s] Level 1:colcon.colcon_core.environment:create_file_with_runtime_dependencies(/home/manideep/FrankaSimulator_Ws/install/panda_ros2_moveit2/share/colcon-core/packages/panda_ros2_moveit2)
[12.233s] Level 1:colcon.colcon_core.environment:create_environment_scripts_only(panda_ros2_moveit2)
[12.233s] Level 1:colcon.colcon_core.environment:checking '/home/manideep/FrankaSimulator_Ws/install/panda_ros2_moveit2' for CMake module files
[12.233s] Level 1:colcon.colcon_core.environment:checking '/home/manideep/FrankaSimulator_Ws/install/panda_ros2_moveit2' for CMake config files
[12.233s] Level 1:colcon.colcon_core.shell:create_environment_hook('panda_ros2_moveit2', 'cmake_prefix_path')
[12.233s] INFO:colcon.colcon_core.shell:Creating environment hook '/home/manideep/FrankaSimulator_Ws/install/panda_ros2_moveit2/share/panda_ros2_moveit2/hook/cmake_prefix_path.ps1'
[12.234s] INFO:colcon.colcon_core.shell:Creating environment descriptor '/home/manideep/FrankaSimulator_Ws/install/panda_ros2_moveit2/share/panda_ros2_moveit2/hook/cmake_prefix_path.dsv'
[12.234s] INFO:colcon.colcon_core.shell:Creating environment hook '/home/manideep/FrankaSimulator_Ws/install/panda_ros2_moveit2/share/panda_ros2_moveit2/hook/cmake_prefix_path.sh'
[12.234s] Level 1:colcon.colcon_core.environment:checking '/home/manideep/FrankaSimulator_Ws/install/panda_ros2_moveit2/bin'
[12.234s] Level 1:colcon.colcon_core.environment:checking '/home/manideep/FrankaSimulator_Ws/install/panda_ros2_moveit2/lib/pkgconfig/panda_ros2_moveit2.pc'
[12.234s] Level 1:colcon.colcon_core.environment:checking '/home/manideep/FrankaSimulator_Ws/install/panda_ros2_moveit2/lib/python3.10/site-packages'
[12.234s] Level 1:colcon.colcon_core.environment:checking '/home/manideep/FrankaSimulator_Ws/install/panda_ros2_moveit2/bin'
[12.235s] INFO:colcon.colcon_core.shell:Creating package script '/home/manideep/FrankaSimulator_Ws/install/panda_ros2_moveit2/share/panda_ros2_moveit2/package.ps1'
[12.235s] INFO:colcon.colcon_core.shell:Creating package descriptor '/home/manideep/FrankaSimulator_Ws/install/panda_ros2_moveit2/share/panda_ros2_moveit2/package.dsv'
[12.235s] INFO:colcon.colcon_core.shell:Creating package script '/home/manideep/FrankaSimulator_Ws/install/panda_ros2_moveit2/share/panda_ros2_moveit2/package.sh'
[12.235s] INFO:colcon.colcon_core.shell:Creating package script '/home/manideep/FrankaSimulator_Ws/install/panda_ros2_moveit2/share/panda_ros2_moveit2/package.bash'
[12.235s] INFO:colcon.colcon_core.shell:Creating package script '/home/manideep/FrankaSimulator_Ws/install/panda_ros2_moveit2/share/panda_ros2_moveit2/package.zsh'
[12.236s] Level 1:colcon.colcon_core.environment:create_file_with_runtime_dependencies(/home/manideep/FrankaSimulator_Ws/install/panda_ros2_moveit2/share/colcon-core/packages/panda_ros2_moveit2)
[13.505s] DEBUG:colcon.colcon_core.event_handler.log_command:Invoked command in '/home/manideep/FrankaSimulator_Ws/build/ros2_actions' returned '0': AMENT_PREFIX_PATH=/home/manideep/FrankaSimulator_Ws/install/ros2_data:${AMENT_PREFIX_PATH} CMAKE_PREFIX_PATH=/home/manideep/FrankaSimulator_Ws/install/ros2_data:/home/manideep/ws_moveit2/install/pilz_industrial_motion_planner_testutils:/home/manideep/ws_moveit2/install/moveit_runtime:/home/manideep/ws_moveit2/install/moveit2_tutorials:/home/manideep/ws_moveit2/install/moveit:/home/manideep/ws_moveit2/install/moveit_planners:/home/manideep/ws_moveit2/install/pilz_industrial_motion_planner:/home/manideep/ws_moveit2/install/moveit_visual_tools:/home/manideep/ws_moveit2/install/moveit_task_constructor_visualization:/home/manideep/ws_moveit2/install/moveit_task_constructor_demo:/home/manideep/ws_moveit2/install/moveit_task_constructor_capabilities:/home/manideep/ws_moveit2/install/moveit_task_constructor_core:/home/manideep/ws_moveit2/install/moveit_ros_control_interface:/home/manideep/ws_moveit2/install/moveit_plugins:/home/manideep/ws_moveit2/install/moveit_simple_controller_manager:/home/manideep/ws_moveit2/install/moveit_setup_assistant:/home/manideep/ws_moveit2/install/moveit_setup_srdf_plugins:/home/manideep/ws_moveit2/install/moveit_setup_core_plugins:/home/manideep/ws_moveit2/install/moveit_setup_controllers:/home/manideep/ws_moveit2/install/moveit_setup_app_plugins:/home/manideep/ws_moveit2/install/moveit_setup_framework:/home/manideep/ws_moveit2/install/moveit_servo:/home/manideep/ws_moveit2/install/moveit_ros:/home/manideep/ws_moveit2/install/moveit_ros_visualization:/home/manideep/ws_moveit2/install/moveit_hybrid_planning:/home/manideep/ws_moveit2/install/moveit_ros_planning_interface:/home/manideep/ws_moveit2/install/moveit_ros_benchmarks:/home/manideep/ws_moveit2/install/moveit_ros_warehouse:/home/manideep/ws_moveit2/install/moveit_ros_robot_interaction:/home/manideep/ws_moveit2/install/moveit_ros_perception:/home/manideep/ws_moveit2/install/moveit_resources_prbt_pg70_support:/home/manideep/ws_moveit2/install/moveit_resources_prbt_moveit_config:/home/manideep/ws_moveit2/install/moveit_ros_move_group:/home/manideep/ws_moveit2/install/moveit_planners_ompl:/home/manideep/ws_moveit2/install/moveit_ros_planning:/home/manideep/ws_moveit2/install/moveit_ros_occupancy_map_monitor:/home/manideep/ws_moveit2/install/moveit_resources_prbt_ikfast_manipulator_plugin:/home/manideep/ws_moveit2/install/moveit_planners_chomp:/home/manideep/ws_moveit2/install/moveit_kinematics:/home/manideep/ws_moveit2/install/moveit_chomp_optimizer_adapter:/home/manideep/ws_moveit2/install/chomp_motion_planner:/home/manideep/ws_moveit2/install/moveit_core:/home/manideep/ws_moveit2/install/srdfdom:/home/manideep/ws_moveit2/install/rviz_marker_tools:/home/manideep/ws_moveit2/install/rosparam_shortcuts:/home/manideep/ws_moveit2/install/my_environment_package:/home/manideep/ws_moveit2/install/moveit_task_constructor_msgs:/home/manideep/ws_moveit2/install/moveit_resources_prbt_support:/home/manideep/ws_moveit2/install/moveit_resources:/home/manideep/ws_moveit2/install/moveit_resources_pr2_description:/home/manideep/ws_moveit2/install/moveit_resources_panda_moveit_config:/home/manideep/ws_moveit2/install/moveit_resources_panda_description:/home/manideep/ws_moveit2/install/moveit_resources_fanuc_moveit_config:/home/manideep/ws_moveit2/install/moveit_resources_fanuc_description:/home/manideep/ws_moveit2/install/moveit_common:/home/manideep/ws_moveit2/install/moveit_configs_utils:/home/manideep/ws_moveit2/install/launch_param_builder:/opt/ros/humble LD_LIBRARY_PATH=/home/manideep/FrankaSimulator_Ws/install/ros2_data/lib:${LD_LIBRARY_PATH} PYTHONPATH=/home/manideep/FrankaSimulator_Ws/install/ros2_data/lib/python3.10/site-packages:${PYTHONPATH} /usr/bin/cmake /home/manideep/FrankaSimulator_Ws/src/ros2_actions -DCMAKE_INSTALL_PREFIX=/home/manideep/FrankaSimulator_Ws/install/ros2_actions
[13.505s] DEBUG:colcon.colcon_core.event_handler.log_command:Invoking command in '/home/manideep/FrankaSimulator_Ws/build/ros2_actions': AMENT_PREFIX_PATH=/home/manideep/FrankaSimulator_Ws/install/ros2_data:${AMENT_PREFIX_PATH} CMAKE_PREFIX_PATH=/home/manideep/FrankaSimulator_Ws/install/ros2_data:/home/manideep/ws_moveit2/install/pilz_industrial_motion_planner_testutils:/home/manideep/ws_moveit2/install/moveit_runtime:/home/manideep/ws_moveit2/install/moveit2_tutorials:/home/manideep/ws_moveit2/install/moveit:/home/manideep/ws_moveit2/install/moveit_planners:/home/manideep/ws_moveit2/install/pilz_industrial_motion_planner:/home/manideep/ws_moveit2/install/moveit_visual_tools:/home/manideep/ws_moveit2/install/moveit_task_constructor_visualization:/home/manideep/ws_moveit2/install/moveit_task_constructor_demo:/home/manideep/ws_moveit2/install/moveit_task_constructor_capabilities:/home/manideep/ws_moveit2/install/moveit_task_constructor_core:/home/manideep/ws_moveit2/install/moveit_ros_control_interface:/home/manideep/ws_moveit2/install/moveit_plugins:/home/manideep/ws_moveit2/install/moveit_simple_controller_manager:/home/manideep/ws_moveit2/install/moveit_setup_assistant:/home/manideep/ws_moveit2/install/moveit_setup_srdf_plugins:/home/manideep/ws_moveit2/install/moveit_setup_core_plugins:/home/manideep/ws_moveit2/install/moveit_setup_controllers:/home/manideep/ws_moveit2/install/moveit_setup_app_plugins:/home/manideep/ws_moveit2/install/moveit_setup_framework:/home/manideep/ws_moveit2/install/moveit_servo:/home/manideep/ws_moveit2/install/moveit_ros:/home/manideep/ws_moveit2/install/moveit_ros_visualization:/home/manideep/ws_moveit2/install/moveit_hybrid_planning:/home/manideep/ws_moveit2/install/moveit_ros_planning_interface:/home/manideep/ws_moveit2/install/moveit_ros_benchmarks:/home/manideep/ws_moveit2/install/moveit_ros_warehouse:/home/manideep/ws_moveit2/install/moveit_ros_robot_interaction:/home/manideep/ws_moveit2/install/moveit_ros_perception:/home/manideep/ws_moveit2/install/moveit_resources_prbt_pg70_support:/home/manideep/ws_moveit2/install/moveit_resources_prbt_moveit_config:/home/manideep/ws_moveit2/install/moveit_ros_move_group:/home/manideep/ws_moveit2/install/moveit_planners_ompl:/home/manideep/ws_moveit2/install/moveit_ros_planning:/home/manideep/ws_moveit2/install/moveit_ros_occupancy_map_monitor:/home/manideep/ws_moveit2/install/moveit_resources_prbt_ikfast_manipulator_plugin:/home/manideep/ws_moveit2/install/moveit_planners_chomp:/home/manideep/ws_moveit2/install/moveit_kinematics:/home/manideep/ws_moveit2/install/moveit_chomp_optimizer_adapter:/home/manideep/ws_moveit2/install/chomp_motion_planner:/home/manideep/ws_moveit2/install/moveit_core:/home/manideep/ws_moveit2/install/srdfdom:/home/manideep/ws_moveit2/install/rviz_marker_tools:/home/manideep/ws_moveit2/install/rosparam_shortcuts:/home/manideep/ws_moveit2/install/my_environment_package:/home/manideep/ws_moveit2/install/moveit_task_constructor_msgs:/home/manideep/ws_moveit2/install/moveit_resources_prbt_support:/home/manideep/ws_moveit2/install/moveit_resources:/home/manideep/ws_moveit2/install/moveit_resources_pr2_description:/home/manideep/ws_moveit2/install/moveit_resources_panda_moveit_config:/home/manideep/ws_moveit2/install/moveit_resources_panda_description:/home/manideep/ws_moveit2/install/moveit_resources_fanuc_moveit_config:/home/manideep/ws_moveit2/install/moveit_resources_fanuc_description:/home/manideep/ws_moveit2/install/moveit_common:/home/manideep/ws_moveit2/install/moveit_configs_utils:/home/manideep/ws_moveit2/install/launch_param_builder:/opt/ros/humble LD_LIBRARY_PATH=/home/manideep/FrankaSimulator_Ws/install/ros2_data/lib:${LD_LIBRARY_PATH} PYTHONPATH=/home/manideep/FrankaSimulator_Ws/install/ros2_data/lib/python3.10/site-packages:${PYTHONPATH} /usr/bin/cmake --build /home/manideep/FrankaSimulator_Ws/build/ros2_actions -- -j16 -l16
[16.046s] DEBUG:colcon.colcon_core.event_handler.log_command:Invoked command in '/home/manideep/FrankaSimulator_Ws/build/gazebo_ros2_control' returned '0': CMAKE_PREFIX_PATH=${CMAKE_PREFIX_PATH}:/home/manideep/ws_moveit2/install/moveit_configs_utils:/home/manideep/ws_moveit2/install/launch_param_builder:/opt/ros/humble /usr/bin/cmake --build /home/manideep/FrankaSimulator_Ws/build/gazebo_ros2_control -- -j16 -l16
[16.048s] DEBUG:colcon.colcon_core.event_handler.log_command:Invoking command in '/home/manideep/FrankaSimulator_Ws/build/gazebo_ros2_control': CMAKE_PREFIX_PATH=${CMAKE_PREFIX_PATH}:/home/manideep/ws_moveit2/install/moveit_configs_utils:/home/manideep/ws_moveit2/install/launch_param_builder:/opt/ros/humble /usr/bin/cmake --install /home/manideep/FrankaSimulator_Ws/build/gazebo_ros2_control
[16.075s] Level 1:colcon.colcon_core.environment:create_environment_scripts_only(gazebo_ros2_control)
[16.075s] Level 1:colcon.colcon_core.environment:checking '/home/manideep/FrankaSimulator_Ws/install/gazebo_ros2_control' for CMake module files
[16.076s] DEBUG:colcon.colcon_core.event_handler.log_command:Invoked command in '/home/manideep/FrankaSimulator_Ws/build/gazebo_ros2_control' returned '0': CMAKE_PREFIX_PATH=${CMAKE_PREFIX_PATH}:/home/manideep/ws_moveit2/install/moveit_configs_utils:/home/manideep/ws_moveit2/install/launch_param_builder:/opt/ros/humble /usr/bin/cmake --install /home/manideep/FrankaSimulator_Ws/build/gazebo_ros2_control
[16.077s] Level 1:colcon.colcon_core.environment:checking '/home/manideep/FrankaSimulator_Ws/install/gazebo_ros2_control' for CMake config files
[16.077s] Level 1:colcon.colcon_core.shell:create_environment_hook('gazebo_ros2_control', 'cmake_prefix_path')
[16.077s] INFO:colcon.colcon_core.shell:Creating environment hook '/home/manideep/FrankaSimulator_Ws/install/gazebo_ros2_control/share/gazebo_ros2_control/hook/cmake_prefix_path.ps1'
[16.078s] INFO:colcon.colcon_core.shell:Creating environment descriptor '/home/manideep/FrankaSimulator_Ws/install/gazebo_ros2_control/share/gazebo_ros2_control/hook/cmake_prefix_path.dsv'
[16.079s] INFO:colcon.colcon_core.shell:Creating environment hook '/home/manideep/FrankaSimulator_Ws/install/gazebo_ros2_control/share/gazebo_ros2_control/hook/cmake_prefix_path.sh'
[16.079s] Level 1:colcon.colcon_core.environment:checking '/home/manideep/FrankaSimulator_Ws/install/gazebo_ros2_control/lib'
[16.080s] Level 1:colcon.colcon_core.shell:create_environment_hook('gazebo_ros2_control', 'ld_library_path_lib')
[16.080s] INFO:colcon.colcon_core.shell:Creating environment hook '/home/manideep/FrankaSimulator_Ws/install/gazebo_ros2_control/share/gazebo_ros2_control/hook/ld_library_path_lib.ps1'
[16.080s] INFO:colcon.colcon_core.shell:Creating environment descriptor '/home/manideep/FrankaSimulator_Ws/install/gazebo_ros2_control/share/gazebo_ros2_control/hook/ld_library_path_lib.dsv'
[16.081s] INFO:colcon.colcon_core.shell:Creating environment hook '/home/manideep/FrankaSimulator_Ws/install/gazebo_ros2_control/share/gazebo_ros2_control/hook/ld_library_path_lib.sh'
[16.081s] Level 1:colcon.colcon_core.environment:checking '/home/manideep/FrankaSimulator_Ws/install/gazebo_ros2_control/bin'
[16.081s] Level 1:colcon.colcon_core.environment:checking '/home/manideep/FrankaSimulator_Ws/install/gazebo_ros2_control/lib/pkgconfig/gazebo_ros2_control.pc'
[16.081s] Level 1:colcon.colcon_core.environment:checking '/home/manideep/FrankaSimulator_Ws/install/gazebo_ros2_control/lib/python3.10/site-packages'
[16.082s] Level 1:colcon.colcon_core.environment:checking '/home/manideep/FrankaSimulator_Ws/install/gazebo_ros2_control/bin'
[16.082s] INFO:colcon.colcon_core.shell:Creating package script '/home/manideep/FrankaSimulator_Ws/install/gazebo_ros2_control/share/gazebo_ros2_control/package.ps1'
[16.083s] INFO:colcon.colcon_core.shell:Creating package descriptor '/home/manideep/FrankaSimulator_Ws/install/gazebo_ros2_control/share/gazebo_ros2_control/package.dsv'
[16.083s] INFO:colcon.colcon_core.shell:Creating package script '/home/manideep/FrankaSimulator_Ws/install/gazebo_ros2_control/share/gazebo_ros2_control/package.sh'
[16.084s] INFO:colcon.colcon_core.shell:Creating package script '/home/manideep/FrankaSimulator_Ws/install/gazebo_ros2_control/share/gazebo_ros2_control/package.bash'
[16.084s] INFO:colcon.colcon_core.shell:Creating package script '/home/manideep/FrankaSimulator_Ws/install/gazebo_ros2_control/share/gazebo_ros2_control/package.zsh'
[16.085s] Level 1:colcon.colcon_core.environment:create_file_with_runtime_dependencies(/home/manideep/FrankaSimulator_Ws/install/gazebo_ros2_control/share/colcon-core/packages/gazebo_ros2_control)
[16.086s] Level 1:colcon.colcon_core.environment:create_environment_scripts_only(gazebo_ros2_control)
[16.086s] Level 1:colcon.colcon_core.environment:checking '/home/manideep/FrankaSimulator_Ws/install/gazebo_ros2_control' for CMake module files
[16.087s] Level 1:colcon.colcon_core.environment:checking '/home/manideep/FrankaSimulator_Ws/install/gazebo_ros2_control' for CMake config files
[16.087s] Level 1:colcon.colcon_core.shell:create_environment_hook('gazebo_ros2_control', 'cmake_prefix_path')
[16.087s] INFO:colcon.colcon_core.shell:Creating environment hook '/home/manideep/FrankaSimulator_Ws/install/gazebo_ros2_control/share/gazebo_ros2_control/hook/cmake_prefix_path.ps1'
[16.088s] INFO:colcon.colcon_core.shell:Creating environment descriptor '/home/manideep/FrankaSimulator_Ws/install/gazebo_ros2_control/share/gazebo_ros2_control/hook/cmake_prefix_path.dsv'
[16.089s] INFO:colcon.colcon_core.shell:Creating environment hook '/home/manideep/FrankaSimulator_Ws/install/gazebo_ros2_control/share/gazebo_ros2_control/hook/cmake_prefix_path.sh'
[16.089s] Level 1:colcon.colcon_core.environment:checking '/home/manideep/FrankaSimulator_Ws/install/gazebo_ros2_control/lib'
[16.090s] Level 1:colcon.colcon_core.shell:create_environment_hook('gazebo_ros2_control', 'ld_library_path_lib')
[16.090s] INFO:colcon.colcon_core.shell:Creating environment hook '/home/manideep/FrankaSimulator_Ws/install/gazebo_ros2_control/share/gazebo_ros2_control/hook/ld_library_path_lib.ps1'
[16.090s] INFO:colcon.colcon_core.shell:Creating environment descriptor '/home/manideep/FrankaSimulator_Ws/install/gazebo_ros2_control/share/gazebo_ros2_control/hook/ld_library_path_lib.dsv'
[16.091s] INFO:colcon.colcon_core.shell:Creating environment hook '/home/manideep/FrankaSimulator_Ws/install/gazebo_ros2_control/share/gazebo_ros2_control/hook/ld_library_path_lib.sh'
[16.091s] Level 1:colcon.colcon_core.environment:checking '/home/manideep/FrankaSimulator_Ws/install/gazebo_ros2_control/bin'
[16.091s] Level 1:colcon.colcon_core.environment:checking '/home/manideep/FrankaSimulator_Ws/install/gazebo_ros2_control/lib/pkgconfig/gazebo_ros2_control.pc'
[16.092s] Level 1:colcon.colcon_core.environment:checking '/home/manideep/FrankaSimulator_Ws/install/gazebo_ros2_control/lib/python3.10/site-packages'
[16.092s] Level 1:colcon.colcon_core.environment:checking '/home/manideep/FrankaSimulator_Ws/install/gazebo_ros2_control/bin'
[16.092s] INFO:colcon.colcon_core.shell:Creating package script '/home/manideep/FrankaSimulator_Ws/install/gazebo_ros2_control/share/gazebo_ros2_control/package.ps1'
[16.093s] INFO:colcon.colcon_core.shell:Creating package descriptor '/home/manideep/FrankaSimulator_Ws/install/gazebo_ros2_control/share/gazebo_ros2_control/package.dsv'
[16.094s] INFO:colcon.colcon_core.shell:Creating package script '/home/manideep/FrankaSimulator_Ws/install/gazebo_ros2_control/share/gazebo_ros2_control/package.sh'
[16.094s] INFO:colcon.colcon_core.shell:Creating package script '/home/manideep/FrankaSimulator_Ws/install/gazebo_ros2_control/share/gazebo_ros2_control/package.bash'
[16.095s] INFO:colcon.colcon_core.shell:Creating package script '/home/manideep/FrankaSimulator_Ws/install/gazebo_ros2_control/share/gazebo_ros2_control/package.zsh'
[16.095s] Level 1:colcon.colcon_core.environment:create_file_with_runtime_dependencies(/home/manideep/FrankaSimulator_Ws/install/gazebo_ros2_control/share/colcon-core/packages/gazebo_ros2_control)
[16.096s] INFO:colcon.colcon_ros.task.ament_cmake.build:Building ROS package in '/home/manideep/FrankaSimulator_Ws/src/gazebo_ros2_control/gazebo_ros2_control_demos' with build type 'ament_cmake'
[16.096s] INFO:colcon.colcon_cmake.task.cmake.build:Building CMake package in '/home/manideep/FrankaSimulator_Ws/src/gazebo_ros2_control/gazebo_ros2_control_demos'
[16.096s] INFO:colcon.colcon_core.shell:Skip shell extension 'powershell' for command environment: Not usable outside of PowerShell
[16.096s] DEBUG:colcon.colcon_core.shell:Skip shell extension 'dsv' for command environment
[16.121s] DEBUG:colcon.colcon_core.event_handler.log_command:Invoking command in '/home/manideep/FrankaSimulator_Ws/build/gazebo_ros2_control_demos': AMENT_PREFIX_PATH=/home/manideep/FrankaSimulator_Ws/install/gazebo_ros2_control:${AMENT_PREFIX_PATH} CMAKE_PREFIX_PATH=/home/manideep/FrankaSimulator_Ws/install/gazebo_ros2_control:/home/manideep/ws_moveit2/install/pilz_industrial_motion_planner_testutils:/home/manideep/ws_moveit2/install/moveit_runtime:/home/manideep/ws_moveit2/install/moveit2_tutorials:/home/manideep/ws_moveit2/install/moveit:/home/manideep/ws_moveit2/install/moveit_planners:/home/manideep/ws_moveit2/install/pilz_industrial_motion_planner:/home/manideep/ws_moveit2/install/moveit_visual_tools:/home/manideep/ws_moveit2/install/moveit_task_constructor_visualization:/home/manideep/ws_moveit2/install/moveit_task_constructor_demo:/home/manideep/ws_moveit2/install/moveit_task_constructor_capabilities:/home/manideep/ws_moveit2/install/moveit_task_constructor_core:/home/manideep/ws_moveit2/install/moveit_ros_control_interface:/home/manideep/ws_moveit2/install/moveit_plugins:/home/manideep/ws_moveit2/install/moveit_simple_controller_manager:/home/manideep/ws_moveit2/install/moveit_setup_assistant:/home/manideep/ws_moveit2/install/moveit_setup_srdf_plugins:/home/manideep/ws_moveit2/install/moveit_setup_core_plugins:/home/manideep/ws_moveit2/install/moveit_setup_controllers:/home/manideep/ws_moveit2/install/moveit_setup_app_plugins:/home/manideep/ws_moveit2/install/moveit_setup_framework:/home/manideep/ws_moveit2/install/moveit_servo:/home/manideep/ws_moveit2/install/moveit_ros:/home/manideep/ws_moveit2/install/moveit_ros_visualization:/home/manideep/ws_moveit2/install/moveit_hybrid_planning:/home/manideep/ws_moveit2/install/moveit_ros_planning_interface:/home/manideep/ws_moveit2/install/moveit_ros_benchmarks:/home/manideep/ws_moveit2/install/moveit_ros_warehouse:/home/manideep/ws_moveit2/install/moveit_ros_robot_interaction:/home/manideep/ws_moveit2/install/moveit_ros_perception:/home/manideep/ws_moveit2/install/moveit_resources_prbt_pg70_support:/home/manideep/ws_moveit2/install/moveit_resources_prbt_moveit_config:/home/manideep/ws_moveit2/install/moveit_ros_move_group:/home/manideep/ws_moveit2/install/moveit_planners_ompl:/home/manideep/ws_moveit2/install/moveit_ros_planning:/home/manideep/ws_moveit2/install/moveit_ros_occupancy_map_monitor:/home/manideep/ws_moveit2/install/moveit_resources_prbt_ikfast_manipulator_plugin:/home/manideep/ws_moveit2/install/moveit_planners_chomp:/home/manideep/ws_moveit2/install/moveit_kinematics:/home/manideep/ws_moveit2/install/moveit_chomp_optimizer_adapter:/home/manideep/ws_moveit2/install/chomp_motion_planner:/home/manideep/ws_moveit2/install/moveit_core:/home/manideep/ws_moveit2/install/srdfdom:/home/manideep/ws_moveit2/install/rviz_marker_tools:/home/manideep/ws_moveit2/install/rosparam_shortcuts:/home/manideep/ws_moveit2/install/my_environment_package:/home/manideep/ws_moveit2/install/moveit_task_constructor_msgs:/home/manideep/ws_moveit2/install/moveit_resources_prbt_support:/home/manideep/ws_moveit2/install/moveit_resources:/home/manideep/ws_moveit2/install/moveit_resources_pr2_description:/home/manideep/ws_moveit2/install/moveit_resources_panda_moveit_config:/home/manideep/ws_moveit2/install/moveit_resources_panda_description:/home/manideep/ws_moveit2/install/moveit_resources_fanuc_moveit_config:/home/manideep/ws_moveit2/install/moveit_resources_fanuc_description:/home/manideep/ws_moveit2/install/moveit_common:/home/manideep/ws_moveit2/install/moveit_configs_utils:/home/manideep/ws_moveit2/install/launch_param_builder:/opt/ros/humble LD_LIBRARY_PATH=/home/manideep/FrankaSimulator_Ws/install/gazebo_ros2_control/lib:${LD_LIBRARY_PATH} /usr/bin/cmake /home/manideep/FrankaSimulator_Ws/src/gazebo_ros2_control/gazebo_ros2_control_demos -DCMAKE_INSTALL_PREFIX=/home/manideep/FrankaSimulator_Ws/install/gazebo_ros2_control_demos
[18.150s] DEBUG:colcon.colcon_core.event_handler.log_command:Invoked command in '/home/manideep/FrankaSimulator_Ws/build/gazebo_ros2_control_demos' returned '0': AMENT_PREFIX_PATH=/home/manideep/FrankaSimulator_Ws/install/gazebo_ros2_control:${AMENT_PREFIX_PATH} CMAKE_PREFIX_PATH=/home/manideep/FrankaSimulator_Ws/install/gazebo_ros2_control:/home/manideep/ws_moveit2/install/pilz_industrial_motion_planner_testutils:/home/manideep/ws_moveit2/install/moveit_runtime:/home/manideep/ws_moveit2/install/moveit2_tutorials:/home/manideep/ws_moveit2/install/moveit:/home/manideep/ws_moveit2/install/moveit_planners:/home/manideep/ws_moveit2/install/pilz_industrial_motion_planner:/home/manideep/ws_moveit2/install/moveit_visual_tools:/home/manideep/ws_moveit2/install/moveit_task_constructor_visualization:/home/manideep/ws_moveit2/install/moveit_task_constructor_demo:/home/manideep/ws_moveit2/install/moveit_task_constructor_capabilities:/home/manideep/ws_moveit2/install/moveit_task_constructor_core:/home/manideep/ws_moveit2/install/moveit_ros_control_interface:/home/manideep/ws_moveit2/install/moveit_plugins:/home/manideep/ws_moveit2/install/moveit_simple_controller_manager:/home/manideep/ws_moveit2/install/moveit_setup_assistant:/home/manideep/ws_moveit2/install/moveit_setup_srdf_plugins:/home/manideep/ws_moveit2/install/moveit_setup_core_plugins:/home/manideep/ws_moveit2/install/moveit_setup_controllers:/home/manideep/ws_moveit2/install/moveit_setup_app_plugins:/home/manideep/ws_moveit2/install/moveit_setup_framework:/home/manideep/ws_moveit2/install/moveit_servo:/home/manideep/ws_moveit2/install/moveit_ros:/home/manideep/ws_moveit2/install/moveit_ros_visualization:/home/manideep/ws_moveit2/install/moveit_hybrid_planning:/home/manideep/ws_moveit2/install/moveit_ros_planning_interface:/home/manideep/ws_moveit2/install/moveit_ros_benchmarks:/home/manideep/ws_moveit2/install/moveit_ros_warehouse:/home/manideep/ws_moveit2/install/moveit_ros_robot_interaction:/home/manideep/ws_moveit2/install/moveit_ros_perception:/home/manideep/ws_moveit2/install/moveit_resources_prbt_pg70_support:/home/manideep/ws_moveit2/install/moveit_resources_prbt_moveit_config:/home/manideep/ws_moveit2/install/moveit_ros_move_group:/home/manideep/ws_moveit2/install/moveit_planners_ompl:/home/manideep/ws_moveit2/install/moveit_ros_planning:/home/manideep/ws_moveit2/install/moveit_ros_occupancy_map_monitor:/home/manideep/ws_moveit2/install/moveit_resources_prbt_ikfast_manipulator_plugin:/home/manideep/ws_moveit2/install/moveit_planners_chomp:/home/manideep/ws_moveit2/install/moveit_kinematics:/home/manideep/ws_moveit2/install/moveit_chomp_optimizer_adapter:/home/manideep/ws_moveit2/install/chomp_motion_planner:/home/manideep/ws_moveit2/install/moveit_core:/home/manideep/ws_moveit2/install/srdfdom:/home/manideep/ws_moveit2/install/rviz_marker_tools:/home/manideep/ws_moveit2/install/rosparam_shortcuts:/home/manideep/ws_moveit2/install/my_environment_package:/home/manideep/ws_moveit2/install/moveit_task_constructor_msgs:/home/manideep/ws_moveit2/install/moveit_resources_prbt_support:/home/manideep/ws_moveit2/install/moveit_resources:/home/manideep/ws_moveit2/install/moveit_resources_pr2_description:/home/manideep/ws_moveit2/install/moveit_resources_panda_moveit_config:/home/manideep/ws_moveit2/install/moveit_resources_panda_description:/home/manideep/ws_moveit2/install/moveit_resources_fanuc_moveit_config:/home/manideep/ws_moveit2/install/moveit_resources_fanuc_description:/home/manideep/ws_moveit2/install/moveit_common:/home/manideep/ws_moveit2/install/moveit_configs_utils:/home/manideep/ws_moveit2/install/launch_param_builder:/opt/ros/humble LD_LIBRARY_PATH=/home/manideep/FrankaSimulator_Ws/install/gazebo_ros2_control/lib:${LD_LIBRARY_PATH} /usr/bin/cmake /home/manideep/FrankaSimulator_Ws/src/gazebo_ros2_control/gazebo_ros2_control_demos -DCMAKE_INSTALL_PREFIX=/home/manideep/FrankaSimulator_Ws/install/gazebo_ros2_control_demos
[18.153s] DEBUG:colcon.colcon_core.event_handler.log_command:Invoking command in '/home/manideep/FrankaSimulator_Ws/build/gazebo_ros2_control_demos': AMENT_PREFIX_PATH=/home/manideep/FrankaSimulator_Ws/install/gazebo_ros2_control:${AMENT_PREFIX_PATH} CMAKE_PREFIX_PATH=/home/manideep/FrankaSimulator_Ws/install/gazebo_ros2_control:/home/manideep/ws_moveit2/install/pilz_industrial_motion_planner_testutils:/home/manideep/ws_moveit2/install/moveit_runtime:/home/manideep/ws_moveit2/install/moveit2_tutorials:/home/manideep/ws_moveit2/install/moveit:/home/manideep/ws_moveit2/install/moveit_planners:/home/manideep/ws_moveit2/install/pilz_industrial_motion_planner:/home/manideep/ws_moveit2/install/moveit_visual_tools:/home/manideep/ws_moveit2/install/moveit_task_constructor_visualization:/home/manideep/ws_moveit2/install/moveit_task_constructor_demo:/home/manideep/ws_moveit2/install/moveit_task_constructor_capabilities:/home/manideep/ws_moveit2/install/moveit_task_constructor_core:/home/manideep/ws_moveit2/install/moveit_ros_control_interface:/home/manideep/ws_moveit2/install/moveit_plugins:/home/manideep/ws_moveit2/install/moveit_simple_controller_manager:/home/manideep/ws_moveit2/install/moveit_setup_assistant:/home/manideep/ws_moveit2/install/moveit_setup_srdf_plugins:/home/manideep/ws_moveit2/install/moveit_setup_core_plugins:/home/manideep/ws_moveit2/install/moveit_setup_controllers:/home/manideep/ws_moveit2/install/moveit_setup_app_plugins:/home/manideep/ws_moveit2/install/moveit_setup_framework:/home/manideep/ws_moveit2/install/moveit_servo:/home/manideep/ws_moveit2/install/moveit_ros:/home/manideep/ws_moveit2/install/moveit_ros_visualization:/home/manideep/ws_moveit2/install/moveit_hybrid_planning:/home/manideep/ws_moveit2/install/moveit_ros_planning_interface:/home/manideep/ws_moveit2/install/moveit_ros_benchmarks:/home/manideep/ws_moveit2/install/moveit_ros_warehouse:/home/manideep/ws_moveit2/install/moveit_ros_robot_interaction:/home/manideep/ws_moveit2/install/moveit_ros_perception:/home/manideep/ws_moveit2/install/moveit_resources_prbt_pg70_support:/home/manideep/ws_moveit2/install/moveit_resources_prbt_moveit_config:/home/manideep/ws_moveit2/install/moveit_ros_move_group:/home/manideep/ws_moveit2/install/moveit_planners_ompl:/home/manideep/ws_moveit2/install/moveit_ros_planning:/home/manideep/ws_moveit2/install/moveit_ros_occupancy_map_monitor:/home/manideep/ws_moveit2/install/moveit_resources_prbt_ikfast_manipulator_plugin:/home/manideep/ws_moveit2/install/moveit_planners_chomp:/home/manideep/ws_moveit2/install/moveit_kinematics:/home/manideep/ws_moveit2/install/moveit_chomp_optimizer_adapter:/home/manideep/ws_moveit2/install/chomp_motion_planner:/home/manideep/ws_moveit2/install/moveit_core:/home/manideep/ws_moveit2/install/srdfdom:/home/manideep/ws_moveit2/install/rviz_marker_tools:/home/manideep/ws_moveit2/install/rosparam_shortcuts:/home/manideep/ws_moveit2/install/my_environment_package:/home/manideep/ws_moveit2/install/moveit_task_constructor_msgs:/home/manideep/ws_moveit2/install/moveit_resources_prbt_support:/home/manideep/ws_moveit2/install/moveit_resources:/home/manideep/ws_moveit2/install/moveit_resources_pr2_description:/home/manideep/ws_moveit2/install/moveit_resources_panda_moveit_config:/home/manideep/ws_moveit2/install/moveit_resources_panda_description:/home/manideep/ws_moveit2/install/moveit_resources_fanuc_moveit_config:/home/manideep/ws_moveit2/install/moveit_resources_fanuc_description:/home/manideep/ws_moveit2/install/moveit_common:/home/manideep/ws_moveit2/install/moveit_configs_utils:/home/manideep/ws_moveit2/install/launch_param_builder:/opt/ros/humble LD_LIBRARY_PATH=/home/manideep/FrankaSimulator_Ws/install/gazebo_ros2_control/lib:${LD_LIBRARY_PATH} /usr/bin/cmake --build /home/manideep/FrankaSimulator_Ws/build/gazebo_ros2_control_demos -- -j16 -l16
[26.442s] DEBUG:colcon.colcon_core.event_handler.log_command:Invoked command in '/home/manideep/FrankaSimulator_Ws/build/gazebo_ros2_control_demos' returned '0': AMENT_PREFIX_PATH=/home/manideep/FrankaSimulator_Ws/install/gazebo_ros2_control:${AMENT_PREFIX_PATH} CMAKE_PREFIX_PATH=/home/manideep/FrankaSimulator_Ws/install/gazebo_ros2_control:/home/manideep/ws_moveit2/install/pilz_industrial_motion_planner_testutils:/home/manideep/ws_moveit2/install/moveit_runtime:/home/manideep/ws_moveit2/install/moveit2_tutorials:/home/manideep/ws_moveit2/install/moveit:/home/manideep/ws_moveit2/install/moveit_planners:/home/manideep/ws_moveit2/install/pilz_industrial_motion_planner:/home/manideep/ws_moveit2/install/moveit_visual_tools:/home/manideep/ws_moveit2/install/moveit_task_constructor_visualization:/home/manideep/ws_moveit2/install/moveit_task_constructor_demo:/home/manideep/ws_moveit2/install/moveit_task_constructor_capabilities:/home/manideep/ws_moveit2/install/moveit_task_constructor_core:/home/manideep/ws_moveit2/install/moveit_ros_control_interface:/home/manideep/ws_moveit2/install/moveit_plugins:/home/manideep/ws_moveit2/install/moveit_simple_controller_manager:/home/manideep/ws_moveit2/install/moveit_setup_assistant:/home/manideep/ws_moveit2/install/moveit_setup_srdf_plugins:/home/manideep/ws_moveit2/install/moveit_setup_core_plugins:/home/manideep/ws_moveit2/install/moveit_setup_controllers:/home/manideep/ws_moveit2/install/moveit_setup_app_plugins:/home/manideep/ws_moveit2/install/moveit_setup_framework:/home/manideep/ws_moveit2/install/moveit_servo:/home/manideep/ws_moveit2/install/moveit_ros:/home/manideep/ws_moveit2/install/moveit_ros_visualization:/home/manideep/ws_moveit2/install/moveit_hybrid_planning:/home/manideep/ws_moveit2/install/moveit_ros_planning_interface:/home/manideep/ws_moveit2/install/moveit_ros_benchmarks:/home/manideep/ws_moveit2/install/moveit_ros_warehouse:/home/manideep/ws_moveit2/install/moveit_ros_robot_interaction:/home/manideep/ws_moveit2/install/moveit_ros_perception:/home/manideep/ws_moveit2/install/moveit_resources_prbt_pg70_support:/home/manideep/ws_moveit2/install/moveit_resources_prbt_moveit_config:/home/manideep/ws_moveit2/install/moveit_ros_move_group:/home/manideep/ws_moveit2/install/moveit_planners_ompl:/home/manideep/ws_moveit2/install/moveit_ros_planning:/home/manideep/ws_moveit2/install/moveit_ros_occupancy_map_monitor:/home/manideep/ws_moveit2/install/moveit_resources_prbt_ikfast_manipulator_plugin:/home/manideep/ws_moveit2/install/moveit_planners_chomp:/home/manideep/ws_moveit2/install/moveit_kinematics:/home/manideep/ws_moveit2/install/moveit_chomp_optimizer_adapter:/home/manideep/ws_moveit2/install/chomp_motion_planner:/home/manideep/ws_moveit2/install/moveit_core:/home/manideep/ws_moveit2/install/srdfdom:/home/manideep/ws_moveit2/install/rviz_marker_tools:/home/manideep/ws_moveit2/install/rosparam_shortcuts:/home/manideep/ws_moveit2/install/my_environment_package:/home/manideep/ws_moveit2/install/moveit_task_constructor_msgs:/home/manideep/ws_moveit2/install/moveit_resources_prbt_support:/home/manideep/ws_moveit2/install/moveit_resources:/home/manideep/ws_moveit2/install/moveit_resources_pr2_description:/home/manideep/ws_moveit2/install/moveit_resources_panda_moveit_config:/home/manideep/ws_moveit2/install/moveit_resources_panda_description:/home/manideep/ws_moveit2/install/moveit_resources_fanuc_moveit_config:/home/manideep/ws_moveit2/install/moveit_resources_fanuc_description:/home/manideep/ws_moveit2/install/moveit_common:/home/manideep/ws_moveit2/install/moveit_configs_utils:/home/manideep/ws_moveit2/install/launch_param_builder:/opt/ros/humble LD_LIBRARY_PATH=/home/manideep/FrankaSimulator_Ws/install/gazebo_ros2_control/lib:${LD_LIBRARY_PATH} /usr/bin/cmake --build /home/manideep/FrankaSimulator_Ws/build/gazebo_ros2_control_demos -- -j16 -l16
[26.445s] DEBUG:colcon.colcon_core.event_handler.log_command:Invoking command in '/home/manideep/FrankaSimulator_Ws/build/gazebo_ros2_control_demos': AMENT_PREFIX_PATH=/home/manideep/FrankaSimulator_Ws/install/gazebo_ros2_control:${AMENT_PREFIX_PATH} CMAKE_PREFIX_PATH=/home/manideep/FrankaSimulator_Ws/install/gazebo_ros2_control:/home/manideep/ws_moveit2/install/pilz_industrial_motion_planner_testutils:/home/manideep/ws_moveit2/install/moveit_runtime:/home/manideep/ws_moveit2/install/moveit2_tutorials:/home/manideep/ws_moveit2/install/moveit:/home/manideep/ws_moveit2/install/moveit_planners:/home/manideep/ws_moveit2/install/pilz_industrial_motion_planner:/home/manideep/ws_moveit2/install/moveit_visual_tools:/home/manideep/ws_moveit2/install/moveit_task_constructor_visualization:/home/manideep/ws_moveit2/install/moveit_task_constructor_demo:/home/manideep/ws_moveit2/install/moveit_task_constructor_capabilities:/home/manideep/ws_moveit2/install/moveit_task_constructor_core:/home/manideep/ws_moveit2/install/moveit_ros_control_interface:/home/manideep/ws_moveit2/install/moveit_plugins:/home/manideep/ws_moveit2/install/moveit_simple_controller_manager:/home/manideep/ws_moveit2/install/moveit_setup_assistant:/home/manideep/ws_moveit2/install/moveit_setup_srdf_plugins:/home/manideep/ws_moveit2/install/moveit_setup_core_plugins:/home/manideep/ws_moveit2/install/moveit_setup_controllers:/home/manideep/ws_moveit2/install/moveit_setup_app_plugins:/home/manideep/ws_moveit2/install/moveit_setup_framework:/home/manideep/ws_moveit2/install/moveit_servo:/home/manideep/ws_moveit2/install/moveit_ros:/home/manideep/ws_moveit2/install/moveit_ros_visualization:/home/manideep/ws_moveit2/install/moveit_hybrid_planning:/home/manideep/ws_moveit2/install/moveit_ros_planning_interface:/home/manideep/ws_moveit2/install/moveit_ros_benchmarks:/home/manideep/ws_moveit2/install/moveit_ros_warehouse:/home/manideep/ws_moveit2/install/moveit_ros_robot_interaction:/home/manideep/ws_moveit2/install/moveit_ros_perception:/home/manideep/ws_moveit2/install/moveit_resources_prbt_pg70_support:/home/manideep/ws_moveit2/install/moveit_resources_prbt_moveit_config:/home/manideep/ws_moveit2/install/moveit_ros_move_group:/home/manideep/ws_moveit2/install/moveit_planners_ompl:/home/manideep/ws_moveit2/install/moveit_ros_planning:/home/manideep/ws_moveit2/install/moveit_ros_occupancy_map_monitor:/home/manideep/ws_moveit2/install/moveit_resources_prbt_ikfast_manipulator_plugin:/home/manideep/ws_moveit2/install/moveit_planners_chomp:/home/manideep/ws_moveit2/install/moveit_kinematics:/home/manideep/ws_moveit2/install/moveit_chomp_optimizer_adapter:/home/manideep/ws_moveit2/install/chomp_motion_planner:/home/manideep/ws_moveit2/install/moveit_core:/home/manideep/ws_moveit2/install/srdfdom:/home/manideep/ws_moveit2/install/rviz_marker_tools:/home/manideep/ws_moveit2/install/rosparam_shortcuts:/home/manideep/ws_moveit2/install/my_environment_package:/home/manideep/ws_moveit2/install/moveit_task_constructor_msgs:/home/manideep/ws_moveit2/install/moveit_resources_prbt_support:/home/manideep/ws_moveit2/install/moveit_resources:/home/manideep/ws_moveit2/install/moveit_resources_pr2_description:/home/manideep/ws_moveit2/install/moveit_resources_panda_moveit_config:/home/manideep/ws_moveit2/install/moveit_resources_panda_description:/home/manideep/ws_moveit2/install/moveit_resources_fanuc_moveit_config:/home/manideep/ws_moveit2/install/moveit_resources_fanuc_description:/home/manideep/ws_moveit2/install/moveit_common:/home/manideep/ws_moveit2/install/moveit_configs_utils:/home/manideep/ws_moveit2/install/launch_param_builder:/opt/ros/humble LD_LIBRARY_PATH=/home/manideep/FrankaSimulator_Ws/install/gazebo_ros2_control/lib:${LD_LIBRARY_PATH} /usr/bin/cmake --install /home/manideep/FrankaSimulator_Ws/build/gazebo_ros2_control_demos
[26.481s] Level 1:colcon.colcon_core.environment:create_environment_scripts_only(gazebo_ros2_control_demos)
[26.482s] Level 1:colcon.colcon_core.environment:checking '/home/manideep/FrankaSimulator_Ws/install/gazebo_ros2_control_demos' for CMake module files
[26.483s] DEBUG:colcon.colcon_core.event_handler.log_command:Invoked command in '/home/manideep/FrankaSimulator_Ws/build/gazebo_ros2_control_demos' returned '0': AMENT_PREFIX_PATH=/home/manideep/FrankaSimulator_Ws/install/gazebo_ros2_control:${AMENT_PREFIX_PATH} CMAKE_PREFIX_PATH=/home/manideep/FrankaSimulator_Ws/install/gazebo_ros2_control:/home/manideep/ws_moveit2/install/pilz_industrial_motion_planner_testutils:/home/manideep/ws_moveit2/install/moveit_runtime:/home/manideep/ws_moveit2/install/moveit2_tutorials:/home/manideep/ws_moveit2/install/moveit:/home/manideep/ws_moveit2/install/moveit_planners:/home/manideep/ws_moveit2/install/pilz_industrial_motion_planner:/home/manideep/ws_moveit2/install/moveit_visual_tools:/home/manideep/ws_moveit2/install/moveit_task_constructor_visualization:/home/manideep/ws_moveit2/install/moveit_task_constructor_demo:/home/manideep/ws_moveit2/install/moveit_task_constructor_capabilities:/home/manideep/ws_moveit2/install/moveit_task_constructor_core:/home/manideep/ws_moveit2/install/moveit_ros_control_interface:/home/manideep/ws_moveit2/install/moveit_plugins:/home/manideep/ws_moveit2/install/moveit_simple_controller_manager:/home/manideep/ws_moveit2/install/moveit_setup_assistant:/home/manideep/ws_moveit2/install/moveit_setup_srdf_plugins:/home/manideep/ws_moveit2/install/moveit_setup_core_plugins:/home/manideep/ws_moveit2/install/moveit_setup_controllers:/home/manideep/ws_moveit2/install/moveit_setup_app_plugins:/home/manideep/ws_moveit2/install/moveit_setup_framework:/home/manideep/ws_moveit2/install/moveit_servo:/home/manideep/ws_moveit2/install/moveit_ros:/home/manideep/ws_moveit2/install/moveit_ros_visualization:/home/manideep/ws_moveit2/install/moveit_hybrid_planning:/home/manideep/ws_moveit2/install/moveit_ros_planning_interface:/home/manideep/ws_moveit2/install/moveit_ros_benchmarks:/home/manideep/ws_moveit2/install/moveit_ros_warehouse:/home/manideep/ws_moveit2/install/moveit_ros_robot_interaction:/home/manideep/ws_moveit2/install/moveit_ros_perception:/home/manideep/ws_moveit2/install/moveit_resources_prbt_pg70_support:/home/manideep/ws_moveit2/install/moveit_resources_prbt_moveit_config:/home/manideep/ws_moveit2/install/moveit_ros_move_group:/home/manideep/ws_moveit2/install/moveit_planners_ompl:/home/manideep/ws_moveit2/install/moveit_ros_planning:/home/manideep/ws_moveit2/install/moveit_ros_occupancy_map_monitor:/home/manideep/ws_moveit2/install/moveit_resources_prbt_ikfast_manipulator_plugin:/home/manideep/ws_moveit2/install/moveit_planners_chomp:/home/manideep/ws_moveit2/install/moveit_kinematics:/home/manideep/ws_moveit2/install/moveit_chomp_optimizer_adapter:/home/manideep/ws_moveit2/install/chomp_motion_planner:/home/manideep/ws_moveit2/install/moveit_core:/home/manideep/ws_moveit2/install/srdfdom:/home/manideep/ws_moveit2/install/rviz_marker_tools:/home/manideep/ws_moveit2/install/rosparam_shortcuts:/home/manideep/ws_moveit2/install/my_environment_package:/home/manideep/ws_moveit2/install/moveit_task_constructor_msgs:/home/manideep/ws_moveit2/install/moveit_resources_prbt_support:/home/manideep/ws_moveit2/install/moveit_resources:/home/manideep/ws_moveit2/install/moveit_resources_pr2_description:/home/manideep/ws_moveit2/install/moveit_resources_panda_moveit_config:/home/manideep/ws_moveit2/install/moveit_resources_panda_description:/home/manideep/ws_moveit2/install/moveit_resources_fanuc_moveit_config:/home/manideep/ws_moveit2/install/moveit_resources_fanuc_description:/home/manideep/ws_moveit2/install/moveit_common:/home/manideep/ws_moveit2/install/moveit_configs_utils:/home/manideep/ws_moveit2/install/launch_param_builder:/opt/ros/humble LD_LIBRARY_PATH=/home/manideep/FrankaSimulator_Ws/install/gazebo_ros2_control/lib:${LD_LIBRARY_PATH} /usr/bin/cmake --install /home/manideep/FrankaSimulator_Ws/build/gazebo_ros2_control_demos
[26.483s] Level 1:colcon.colcon_core.environment:checking '/home/manideep/FrankaSimulator_Ws/install/gazebo_ros2_control_demos' for CMake config files
[26.484s] Level 1:colcon.colcon_core.shell:create_environment_hook('gazebo_ros2_control_demos', 'cmake_prefix_path')
[26.484s] INFO:colcon.colcon_core.shell:Creating environment hook '/home/manideep/FrankaSimulator_Ws/install/gazebo_ros2_control_demos/share/gazebo_ros2_control_demos/hook/cmake_prefix_path.ps1'
[26.485s] INFO:colcon.colcon_core.shell:Creating environment descriptor '/home/manideep/FrankaSimulator_Ws/install/gazebo_ros2_control_demos/share/gazebo_ros2_control_demos/hook/cmake_prefix_path.dsv'
[26.486s] INFO:colcon.colcon_core.shell:Creating environment hook '/home/manideep/FrankaSimulator_Ws/install/gazebo_ros2_control_demos/share/gazebo_ros2_control_demos/hook/cmake_prefix_path.sh'
[26.487s] Level 1:colcon.colcon_core.environment:checking '/home/manideep/FrankaSimulator_Ws/install/gazebo_ros2_control_demos/lib'
[26.487s] Level 1:colcon.colcon_core.environment:checking '/home/manideep/FrankaSimulator_Ws/install/gazebo_ros2_control_demos/bin'
[26.487s] Level 1:colcon.colcon_core.environment:checking '/home/manideep/FrankaSimulator_Ws/install/gazebo_ros2_control_demos/lib/pkgconfig/gazebo_ros2_control_demos.pc'
[26.487s] Level 1:colcon.colcon_core.environment:checking '/home/manideep/FrankaSimulator_Ws/install/gazebo_ros2_control_demos/lib/python3.10/site-packages'
[26.487s] Level 1:colcon.colcon_core.environment:checking '/home/manideep/FrankaSimulator_Ws/install/gazebo_ros2_control_demos/bin'
[26.488s] INFO:colcon.colcon_core.shell:Creating package script '/home/manideep/FrankaSimulator_Ws/install/gazebo_ros2_control_demos/share/gazebo_ros2_control_demos/package.ps1'
[26.489s] INFO:colcon.colcon_core.shell:Creating package descriptor '/home/manideep/FrankaSimulator_Ws/install/gazebo_ros2_control_demos/share/gazebo_ros2_control_demos/package.dsv'
[26.489s] INFO:colcon.colcon_core.shell:Creating package script '/home/manideep/FrankaSimulator_Ws/install/gazebo_ros2_control_demos/share/gazebo_ros2_control_demos/package.sh'
[26.490s] INFO:colcon.colcon_core.shell:Creating package script '/home/manideep/FrankaSimulator_Ws/install/gazebo_ros2_control_demos/share/gazebo_ros2_control_demos/package.bash'
[26.490s] INFO:colcon.colcon_core.shell:Creating package script '/home/manideep/FrankaSimulator_Ws/install/gazebo_ros2_control_demos/share/gazebo_ros2_control_demos/package.zsh'
[26.490s] Level 1:colcon.colcon_core.environment:create_file_with_runtime_dependencies(/home/manideep/FrankaSimulator_Ws/install/gazebo_ros2_control_demos/share/colcon-core/packages/gazebo_ros2_control_demos)
[26.491s] Level 1:colcon.colcon_core.environment:create_environment_scripts_only(gazebo_ros2_control_demos)
[26.492s] Level 1:colcon.colcon_core.environment:checking '/home/manideep/FrankaSimulator_Ws/install/gazebo_ros2_control_demos' for CMake module files
[26.492s] Level 1:colcon.colcon_core.environment:checking '/home/manideep/FrankaSimulator_Ws/install/gazebo_ros2_control_demos' for CMake config files
[26.493s] Level 1:colcon.colcon_core.shell:create_environment_hook('gazebo_ros2_control_demos', 'cmake_prefix_path')
[26.493s] INFO:colcon.colcon_core.shell:Creating environment hook '/home/manideep/FrankaSimulator_Ws/install/gazebo_ros2_control_demos/share/gazebo_ros2_control_demos/hook/cmake_prefix_path.ps1'
[26.494s] INFO:colcon.colcon_core.shell:Creating environment descriptor '/home/manideep/FrankaSimulator_Ws/install/gazebo_ros2_control_demos/share/gazebo_ros2_control_demos/hook/cmake_prefix_path.dsv'
[26.494s] INFO:colcon.colcon_core.shell:Creating environment hook '/home/manideep/FrankaSimulator_Ws/install/gazebo_ros2_control_demos/share/gazebo_ros2_control_demos/hook/cmake_prefix_path.sh'
[26.495s] Level 1:colcon.colcon_core.environment:checking '/home/manideep/FrankaSimulator_Ws/install/gazebo_ros2_control_demos/lib'
[26.495s] Level 1:colcon.colcon_core.environment:checking '/home/manideep/FrankaSimulator_Ws/install/gazebo_ros2_control_demos/bin'
[26.495s] Level 1:colcon.colcon_core.environment:checking '/home/manideep/FrankaSimulator_Ws/install/gazebo_ros2_control_demos/lib/pkgconfig/gazebo_ros2_control_demos.pc'
[26.495s] Level 1:colcon.colcon_core.environment:checking '/home/manideep/FrankaSimulator_Ws/install/gazebo_ros2_control_demos/lib/python3.10/site-packages'
[26.496s] Level 1:colcon.colcon_core.environment:checking '/home/manideep/FrankaSimulator_Ws/install/gazebo_ros2_control_demos/bin'
[26.496s] INFO:colcon.colcon_core.shell:Creating package script '/home/manideep/FrankaSimulator_Ws/install/gazebo_ros2_control_demos/share/gazebo_ros2_control_demos/package.ps1'
[26.497s] INFO:colcon.colcon_core.shell:Creating package descriptor '/home/manideep/FrankaSimulator_Ws/install/gazebo_ros2_control_demos/share/gazebo_ros2_control_demos/package.dsv'
[26.498s] INFO:colcon.colcon_core.shell:Creating package script '/home/manideep/FrankaSimulator_Ws/install/gazebo_ros2_control_demos/share/gazebo_ros2_control_demos/package.sh'
[26.498s] INFO:colcon.colcon_core.shell:Creating package script '/home/manideep/FrankaSimulator_Ws/install/gazebo_ros2_control_demos/share/gazebo_ros2_control_demos/package.bash'
[26.499s] INFO:colcon.colcon_core.shell:Creating package script '/home/manideep/FrankaSimulator_Ws/install/gazebo_ros2_control_demos/share/gazebo_ros2_control_demos/package.zsh'
[26.499s] Level 1:colcon.colcon_core.environment:create_file_with_runtime_dependencies(/home/manideep/FrankaSimulator_Ws/install/gazebo_ros2_control_demos/share/colcon-core/packages/gazebo_ros2_control_demos)
[28.097s] DEBUG:colcon.colcon_core.event_handler.log_command:Invoked command in '/home/manideep/FrankaSimulator_Ws/build/ros2_actions' returned '0': AMENT_PREFIX_PATH=/home/manideep/FrankaSimulator_Ws/install/ros2_data:${AMENT_PREFIX_PATH} CMAKE_PREFIX_PATH=/home/manideep/FrankaSimulator_Ws/install/ros2_data:/home/manideep/ws_moveit2/install/pilz_industrial_motion_planner_testutils:/home/manideep/ws_moveit2/install/moveit_runtime:/home/manideep/ws_moveit2/install/moveit2_tutorials:/home/manideep/ws_moveit2/install/moveit:/home/manideep/ws_moveit2/install/moveit_planners:/home/manideep/ws_moveit2/install/pilz_industrial_motion_planner:/home/manideep/ws_moveit2/install/moveit_visual_tools:/home/manideep/ws_moveit2/install/moveit_task_constructor_visualization:/home/manideep/ws_moveit2/install/moveit_task_constructor_demo:/home/manideep/ws_moveit2/install/moveit_task_constructor_capabilities:/home/manideep/ws_moveit2/install/moveit_task_constructor_core:/home/manideep/ws_moveit2/install/moveit_ros_control_interface:/home/manideep/ws_moveit2/install/moveit_plugins:/home/manideep/ws_moveit2/install/moveit_simple_controller_manager:/home/manideep/ws_moveit2/install/moveit_setup_assistant:/home/manideep/ws_moveit2/install/moveit_setup_srdf_plugins:/home/manideep/ws_moveit2/install/moveit_setup_core_plugins:/home/manideep/ws_moveit2/install/moveit_setup_controllers:/home/manideep/ws_moveit2/install/moveit_setup_app_plugins:/home/manideep/ws_moveit2/install/moveit_setup_framework:/home/manideep/ws_moveit2/install/moveit_servo:/home/manideep/ws_moveit2/install/moveit_ros:/home/manideep/ws_moveit2/install/moveit_ros_visualization:/home/manideep/ws_moveit2/install/moveit_hybrid_planning:/home/manideep/ws_moveit2/install/moveit_ros_planning_interface:/home/manideep/ws_moveit2/install/moveit_ros_benchmarks:/home/manideep/ws_moveit2/install/moveit_ros_warehouse:/home/manideep/ws_moveit2/install/moveit_ros_robot_interaction:/home/manideep/ws_moveit2/install/moveit_ros_perception:/home/manideep/ws_moveit2/install/moveit_resources_prbt_pg70_support:/home/manideep/ws_moveit2/install/moveit_resources_prbt_moveit_config:/home/manideep/ws_moveit2/install/moveit_ros_move_group:/home/manideep/ws_moveit2/install/moveit_planners_ompl:/home/manideep/ws_moveit2/install/moveit_ros_planning:/home/manideep/ws_moveit2/install/moveit_ros_occupancy_map_monitor:/home/manideep/ws_moveit2/install/moveit_resources_prbt_ikfast_manipulator_plugin:/home/manideep/ws_moveit2/install/moveit_planners_chomp:/home/manideep/ws_moveit2/install/moveit_kinematics:/home/manideep/ws_moveit2/install/moveit_chomp_optimizer_adapter:/home/manideep/ws_moveit2/install/chomp_motion_planner:/home/manideep/ws_moveit2/install/moveit_core:/home/manideep/ws_moveit2/install/srdfdom:/home/manideep/ws_moveit2/install/rviz_marker_tools:/home/manideep/ws_moveit2/install/rosparam_shortcuts:/home/manideep/ws_moveit2/install/my_environment_package:/home/manideep/ws_moveit2/install/moveit_task_constructor_msgs:/home/manideep/ws_moveit2/install/moveit_resources_prbt_support:/home/manideep/ws_moveit2/install/moveit_resources:/home/manideep/ws_moveit2/install/moveit_resources_pr2_description:/home/manideep/ws_moveit2/install/moveit_resources_panda_moveit_config:/home/manideep/ws_moveit2/install/moveit_resources_panda_description:/home/manideep/ws_moveit2/install/moveit_resources_fanuc_moveit_config:/home/manideep/ws_moveit2/install/moveit_resources_fanuc_description:/home/manideep/ws_moveit2/install/moveit_common:/home/manideep/ws_moveit2/install/moveit_configs_utils:/home/manideep/ws_moveit2/install/launch_param_builder:/opt/ros/humble LD_LIBRARY_PATH=/home/manideep/FrankaSimulator_Ws/install/ros2_data/lib:${LD_LIBRARY_PATH} PYTHONPATH=/home/manideep/FrankaSimulator_Ws/install/ros2_data/lib/python3.10/site-packages:${PYTHONPATH} /usr/bin/cmake --build /home/manideep/FrankaSimulator_Ws/build/ros2_actions -- -j16 -l16
[28.098s] DEBUG:colcon.colcon_core.event_handler.log_command:Invoking command in '/home/manideep/FrankaSimulator_Ws/build/ros2_actions': AMENT_PREFIX_PATH=/home/manideep/FrankaSimulator_Ws/install/ros2_data:${AMENT_PREFIX_PATH} CMAKE_PREFIX_PATH=/home/manideep/FrankaSimulator_Ws/install/ros2_data:/home/manideep/ws_moveit2/install/pilz_industrial_motion_planner_testutils:/home/manideep/ws_moveit2/install/moveit_runtime:/home/manideep/ws_moveit2/install/moveit2_tutorials:/home/manideep/ws_moveit2/install/moveit:/home/manideep/ws_moveit2/install/moveit_planners:/home/manideep/ws_moveit2/install/pilz_industrial_motion_planner:/home/manideep/ws_moveit2/install/moveit_visual_tools:/home/manideep/ws_moveit2/install/moveit_task_constructor_visualization:/home/manideep/ws_moveit2/install/moveit_task_constructor_demo:/home/manideep/ws_moveit2/install/moveit_task_constructor_capabilities:/home/manideep/ws_moveit2/install/moveit_task_constructor_core:/home/manideep/ws_moveit2/install/moveit_ros_control_interface:/home/manideep/ws_moveit2/install/moveit_plugins:/home/manideep/ws_moveit2/install/moveit_simple_controller_manager:/home/manideep/ws_moveit2/install/moveit_setup_assistant:/home/manideep/ws_moveit2/install/moveit_setup_srdf_plugins:/home/manideep/ws_moveit2/install/moveit_setup_core_plugins:/home/manideep/ws_moveit2/install/moveit_setup_controllers:/home/manideep/ws_moveit2/install/moveit_setup_app_plugins:/home/manideep/ws_moveit2/install/moveit_setup_framework:/home/manideep/ws_moveit2/install/moveit_servo:/home/manideep/ws_moveit2/install/moveit_ros:/home/manideep/ws_moveit2/install/moveit_ros_visualization:/home/manideep/ws_moveit2/install/moveit_hybrid_planning:/home/manideep/ws_moveit2/install/moveit_ros_planning_interface:/home/manideep/ws_moveit2/install/moveit_ros_benchmarks:/home/manideep/ws_moveit2/install/moveit_ros_warehouse:/home/manideep/ws_moveit2/install/moveit_ros_robot_interaction:/home/manideep/ws_moveit2/install/moveit_ros_perception:/home/manideep/ws_moveit2/install/moveit_resources_prbt_pg70_support:/home/manideep/ws_moveit2/install/moveit_resources_prbt_moveit_config:/home/manideep/ws_moveit2/install/moveit_ros_move_group:/home/manideep/ws_moveit2/install/moveit_planners_ompl:/home/manideep/ws_moveit2/install/moveit_ros_planning:/home/manideep/ws_moveit2/install/moveit_ros_occupancy_map_monitor:/home/manideep/ws_moveit2/install/moveit_resources_prbt_ikfast_manipulator_plugin:/home/manideep/ws_moveit2/install/moveit_planners_chomp:/home/manideep/ws_moveit2/install/moveit_kinematics:/home/manideep/ws_moveit2/install/moveit_chomp_optimizer_adapter:/home/manideep/ws_moveit2/install/chomp_motion_planner:/home/manideep/ws_moveit2/install/moveit_core:/home/manideep/ws_moveit2/install/srdfdom:/home/manideep/ws_moveit2/install/rviz_marker_tools:/home/manideep/ws_moveit2/install/rosparam_shortcuts:/home/manideep/ws_moveit2/install/my_environment_package:/home/manideep/ws_moveit2/install/moveit_task_constructor_msgs:/home/manideep/ws_moveit2/install/moveit_resources_prbt_support:/home/manideep/ws_moveit2/install/moveit_resources:/home/manideep/ws_moveit2/install/moveit_resources_pr2_description:/home/manideep/ws_moveit2/install/moveit_resources_panda_moveit_config:/home/manideep/ws_moveit2/install/moveit_resources_panda_description:/home/manideep/ws_moveit2/install/moveit_resources_fanuc_moveit_config:/home/manideep/ws_moveit2/install/moveit_resources_fanuc_description:/home/manideep/ws_moveit2/install/moveit_common:/home/manideep/ws_moveit2/install/moveit_configs_utils:/home/manideep/ws_moveit2/install/launch_param_builder:/opt/ros/humble LD_LIBRARY_PATH=/home/manideep/FrankaSimulator_Ws/install/ros2_data/lib:${LD_LIBRARY_PATH} PYTHONPATH=/home/manideep/FrankaSimulator_Ws/install/ros2_data/lib/python3.10/site-packages:${PYTHONPATH} /usr/bin/cmake --install /home/manideep/FrankaSimulator_Ws/build/ros2_actions
[28.119s] Level 1:colcon.colcon_core.environment:create_environment_scripts_only(ros2_actions)
[28.119s] DEBUG:colcon.colcon_core.event_handler.log_command:Invoked command in '/home/manideep/FrankaSimulator_Ws/build/ros2_actions' returned '0': AMENT_PREFIX_PATH=/home/manideep/FrankaSimulator_Ws/install/ros2_data:${AMENT_PREFIX_PATH} CMAKE_PREFIX_PATH=/home/manideep/FrankaSimulator_Ws/install/ros2_data:/home/manideep/ws_moveit2/install/pilz_industrial_motion_planner_testutils:/home/manideep/ws_moveit2/install/moveit_runtime:/home/manideep/ws_moveit2/install/moveit2_tutorials:/home/manideep/ws_moveit2/install/moveit:/home/manideep/ws_moveit2/install/moveit_planners:/home/manideep/ws_moveit2/install/pilz_industrial_motion_planner:/home/manideep/ws_moveit2/install/moveit_visual_tools:/home/manideep/ws_moveit2/install/moveit_task_constructor_visualization:/home/manideep/ws_moveit2/install/moveit_task_constructor_demo:/home/manideep/ws_moveit2/install/moveit_task_constructor_capabilities:/home/manideep/ws_moveit2/install/moveit_task_constructor_core:/home/manideep/ws_moveit2/install/moveit_ros_control_interface:/home/manideep/ws_moveit2/install/moveit_plugins:/home/manideep/ws_moveit2/install/moveit_simple_controller_manager:/home/manideep/ws_moveit2/install/moveit_setup_assistant:/home/manideep/ws_moveit2/install/moveit_setup_srdf_plugins:/home/manideep/ws_moveit2/install/moveit_setup_core_plugins:/home/manideep/ws_moveit2/install/moveit_setup_controllers:/home/manideep/ws_moveit2/install/moveit_setup_app_plugins:/home/manideep/ws_moveit2/install/moveit_setup_framework:/home/manideep/ws_moveit2/install/moveit_servo:/home/manideep/ws_moveit2/install/moveit_ros:/home/manideep/ws_moveit2/install/moveit_ros_visualization:/home/manideep/ws_moveit2/install/moveit_hybrid_planning:/home/manideep/ws_moveit2/install/moveit_ros_planning_interface:/home/manideep/ws_moveit2/install/moveit_ros_benchmarks:/home/manideep/ws_moveit2/install/moveit_ros_warehouse:/home/manideep/ws_moveit2/install/moveit_ros_robot_interaction:/home/manideep/ws_moveit2/install/moveit_ros_perception:/home/manideep/ws_moveit2/install/moveit_resources_prbt_pg70_support:/home/manideep/ws_moveit2/install/moveit_resources_prbt_moveit_config:/home/manideep/ws_moveit2/install/moveit_ros_move_group:/home/manideep/ws_moveit2/install/moveit_planners_ompl:/home/manideep/ws_moveit2/install/moveit_ros_planning:/home/manideep/ws_moveit2/install/moveit_ros_occupancy_map_monitor:/home/manideep/ws_moveit2/install/moveit_resources_prbt_ikfast_manipulator_plugin:/home/manideep/ws_moveit2/install/moveit_planners_chomp:/home/manideep/ws_moveit2/install/moveit_kinematics:/home/manideep/ws_moveit2/install/moveit_chomp_optimizer_adapter:/home/manideep/ws_moveit2/install/chomp_motion_planner:/home/manideep/ws_moveit2/install/moveit_core:/home/manideep/ws_moveit2/install/srdfdom:/home/manideep/ws_moveit2/install/rviz_marker_tools:/home/manideep/ws_moveit2/install/rosparam_shortcuts:/home/manideep/ws_moveit2/install/my_environment_package:/home/manideep/ws_moveit2/install/moveit_task_constructor_msgs:/home/manideep/ws_moveit2/install/moveit_resources_prbt_support:/home/manideep/ws_moveit2/install/moveit_resources:/home/manideep/ws_moveit2/install/moveit_resources_pr2_description:/home/manideep/ws_moveit2/install/moveit_resources_panda_moveit_config:/home/manideep/ws_moveit2/install/moveit_resources_panda_description:/home/manideep/ws_moveit2/install/moveit_resources_fanuc_moveit_config:/home/manideep/ws_moveit2/install/moveit_resources_fanuc_description:/home/manideep/ws_moveit2/install/moveit_common:/home/manideep/ws_moveit2/install/moveit_configs_utils:/home/manideep/ws_moveit2/install/launch_param_builder:/opt/ros/humble LD_LIBRARY_PATH=/home/manideep/FrankaSimulator_Ws/install/ros2_data/lib:${LD_LIBRARY_PATH} PYTHONPATH=/home/manideep/FrankaSimulator_Ws/install/ros2_data/lib/python3.10/site-packages:${PYTHONPATH} /usr/bin/cmake --install /home/manideep/FrankaSimulator_Ws/build/ros2_actions
[28.119s] Level 1:colcon.colcon_core.environment:checking '/home/manideep/FrankaSimulator_Ws/install/ros2_actions' for CMake module files
[28.120s] Level 1:colcon.colcon_core.environment:checking '/home/manideep/FrankaSimulator_Ws/install/ros2_actions' for CMake config files
[28.120s] Level 1:colcon.colcon_core.shell:create_environment_hook('ros2_actions', 'cmake_prefix_path')
[28.121s] INFO:colcon.colcon_core.shell:Creating environment hook '/home/manideep/FrankaSimulator_Ws/install/ros2_actions/share/ros2_actions/hook/cmake_prefix_path.ps1'
[28.121s] INFO:colcon.colcon_core.shell:Creating environment descriptor '/home/manideep/FrankaSimulator_Ws/install/ros2_actions/share/ros2_actions/hook/cmake_prefix_path.dsv'
[28.121s] INFO:colcon.colcon_core.shell:Creating environment hook '/home/manideep/FrankaSimulator_Ws/install/ros2_actions/share/ros2_actions/hook/cmake_prefix_path.sh'
[28.122s] Level 1:colcon.colcon_core.environment:checking '/home/manideep/FrankaSimulator_Ws/install/ros2_actions/lib'
[28.122s] Level 1:colcon.colcon_core.environment:checking '/home/manideep/FrankaSimulator_Ws/install/ros2_actions/bin'
[28.122s] Level 1:colcon.colcon_core.environment:checking '/home/manideep/FrankaSimulator_Ws/install/ros2_actions/lib/pkgconfig/ros2_actions.pc'
[28.122s] Level 1:colcon.colcon_core.environment:checking '/home/manideep/FrankaSimulator_Ws/install/ros2_actions/lib/python3.10/site-packages'
[28.122s] Level 1:colcon.colcon_core.environment:checking '/home/manideep/FrankaSimulator_Ws/install/ros2_actions/bin'
[28.123s] INFO:colcon.colcon_core.shell:Creating package script '/home/manideep/FrankaSimulator_Ws/install/ros2_actions/share/ros2_actions/package.ps1'
[28.123s] INFO:colcon.colcon_core.shell:Creating package descriptor '/home/manideep/FrankaSimulator_Ws/install/ros2_actions/share/ros2_actions/package.dsv'
[28.123s] INFO:colcon.colcon_core.shell:Creating package script '/home/manideep/FrankaSimulator_Ws/install/ros2_actions/share/ros2_actions/package.sh'
[28.124s] INFO:colcon.colcon_core.shell:Creating package script '/home/manideep/FrankaSimulator_Ws/install/ros2_actions/share/ros2_actions/package.bash'
[28.124s] INFO:colcon.colcon_core.shell:Creating package script '/home/manideep/FrankaSimulator_Ws/install/ros2_actions/share/ros2_actions/package.zsh'
[28.124s] Level 1:colcon.colcon_core.environment:create_file_with_runtime_dependencies(/home/manideep/FrankaSimulator_Ws/install/ros2_actions/share/colcon-core/packages/ros2_actions)
[28.125s] Level 1:colcon.colcon_core.environment:create_environment_scripts_only(ros2_actions)
[28.125s] Level 1:colcon.colcon_core.environment:checking '/home/manideep/FrankaSimulator_Ws/install/ros2_actions' for CMake module files
[28.125s] Level 1:colcon.colcon_core.environment:checking '/home/manideep/FrankaSimulator_Ws/install/ros2_actions' for CMake config files
[28.125s] Level 1:colcon.colcon_core.shell:create_environment_hook('ros2_actions', 'cmake_prefix_path')
[28.125s] INFO:colcon.colcon_core.shell:Creating environment hook '/home/manideep/FrankaSimulator_Ws/install/ros2_actions/share/ros2_actions/hook/cmake_prefix_path.ps1'
[28.126s] INFO:colcon.colcon_core.shell:Creating environment descriptor '/home/manideep/FrankaSimulator_Ws/install/ros2_actions/share/ros2_actions/hook/cmake_prefix_path.dsv'
[28.126s] INFO:colcon.colcon_core.shell:Creating environment hook '/home/manideep/FrankaSimulator_Ws/install/ros2_actions/share/ros2_actions/hook/cmake_prefix_path.sh'
[28.126s] Level 1:colcon.colcon_core.environment:checking '/home/manideep/FrankaSimulator_Ws/install/ros2_actions/lib'
[28.126s] Level 1:colcon.colcon_core.environment:checking '/home/manideep/FrankaSimulator_Ws/install/ros2_actions/bin'
[28.126s] Level 1:colcon.colcon_core.environment:checking '/home/manideep/FrankaSimulator_Ws/install/ros2_actions/lib/pkgconfig/ros2_actions.pc'
[28.127s] Level 1:colcon.colcon_core.environment:checking '/home/manideep/FrankaSimulator_Ws/install/ros2_actions/lib/python3.10/site-packages'
[28.127s] Level 1:colcon.colcon_core.environment:checking '/home/manideep/FrankaSimulator_Ws/install/ros2_actions/bin'
[28.127s] INFO:colcon.colcon_core.shell:Creating package script '/home/manideep/FrankaSimulator_Ws/install/ros2_actions/share/ros2_actions/package.ps1'
[28.127s] INFO:colcon.colcon_core.shell:Creating package descriptor '/home/manideep/FrankaSimulator_Ws/install/ros2_actions/share/ros2_actions/package.dsv'
[28.127s] INFO:colcon.colcon_core.shell:Creating package script '/home/manideep/FrankaSimulator_Ws/install/ros2_actions/share/ros2_actions/package.sh'
[28.128s] INFO:colcon.colcon_core.shell:Creating package script '/home/manideep/FrankaSimulator_Ws/install/ros2_actions/share/ros2_actions/package.bash'
[28.128s] INFO:colcon.colcon_core.shell:Creating package script '/home/manideep/FrankaSimulator_Ws/install/ros2_actions/share/ros2_actions/package.zsh'
[28.128s] Level 1:colcon.colcon_core.environment:create_file_with_runtime_dependencies(/home/manideep/FrankaSimulator_Ws/install/ros2_actions/share/colcon-core/packages/ros2_actions)
[28.128s] DEBUG:colcon.colcon_parallel_executor.executor.parallel:closing loop
[28.128s] DEBUG:colcon.colcon_parallel_executor.executor.parallel:loop closed
[28.128s] DEBUG:colcon.colcon_parallel_executor.executor.parallel:run_until_complete finished with '0'
[28.128s] DEBUG:colcon.colcon_core.event_reactor:joining thread
[28.136s] INFO:colcon.colcon_core.plugin_system:Skipping extension 'colcon_notification.desktop_notification.terminal_notifier': Not used on non-Darwin systems
[28.136s] INFO:colcon.colcon_core.plugin_system:Skipping extension 'colcon_notification.desktop_notification.win32': Not used on non-Windows systems
[28.136s] INFO:colcon.colcon_notification.desktop_notification:Sending desktop notification using 'notify2'
[28.177s] DEBUG:colcon.colcon_core.event_reactor:joined thread
[28.177s] INFO:colcon.colcon_core.shell:Creating prefix script '/home/manideep/FrankaSimulator_Ws/install/local_setup.ps1'
[28.179s] INFO:colcon.colcon_core.shell:Creating prefix util module '/home/manideep/FrankaSimulator_Ws/install/_local_setup_util_ps1.py'
[28.182s] INFO:colcon.colcon_core.shell:Creating prefix chain script '/home/manideep/FrankaSimulator_Ws/install/setup.ps1'
[28.190s] INFO:colcon.colcon_core.shell:Creating prefix script '/home/manideep/FrankaSimulator_Ws/install/local_setup.sh'
[28.191s] INFO:colcon.colcon_core.shell:Creating prefix util module '/home/manideep/FrankaSimulator_Ws/install/_local_setup_util_sh.py'
[28.192s] INFO:colcon.colcon_core.shell:Creating prefix chain script '/home/manideep/FrankaSimulator_Ws/install/setup.sh'
[28.196s] INFO:colcon.colcon_core.shell:Creating prefix script '/home/manideep/FrankaSimulator_Ws/install/local_setup.bash'
[28.197s] INFO:colcon.colcon_core.shell:Creating prefix chain script '/home/manideep/FrankaSimulator_Ws/install/setup.bash'
[28.202s] INFO:colcon.colcon_core.shell:Creating prefix script '/home/manideep/FrankaSimulator_Ws/install/local_setup.zsh'
[28.204s] INFO:colcon.colcon_core.shell:Creating prefix chain script '/home/manideep/FrankaSimulator_Ws/install/setup.zsh'
