[0.150s] DEBUG:colcon:Command line arguments: ['/usr/bin/colcon', 'build']
[0.150s] DEBUG:colcon:Parsed command line arguments: Namespace(log_base=None, log_level=None, verb_name='build', build_base='build', install_base='install', merge_install=False, symlink_install=False, test_result_base=None, continue_on_error=False, executor='parallel', parallel_workers=16, event_handlers=None, ignore_user_meta=False, metas=['./colcon.meta'], base_paths=['.'], packages_ignore=None, packages_ignore_regex=None, paths=None, packages_up_to=None, packages_up_to_regex=None, packages_above=None, packages_above_and_dependencies=None, packages_above_depth=None, packages_select_by_dep=None, packages_skip_by_dep=None, packages_skip_up_to=None, packages_select_build_failed=False, packages_skip_build_finished=False, packages_select_test_failures=False, packages_skip_test_passed=False, packages_select=None, packages_skip=None, packages_select_regex=None, packages_skip_regex=None, packages_start=None, packages_end=None, allow_overriding=[], cmake_args=None, cmake_target=None, cmake_target_skip_unavailable=False, cmake_clean_cache=False, cmake_clean_first=False, cmake_force_configure=False, ament_cmake_args=None, catkin_cmake_args=None, catkin_skip_building_tests=False, mixin_files=None, mixin=None, verb_parser=<colcon_mixin.mixin.mixin_argument.MixinArgumentDecorator object at 0x76c49cd42cb0>, verb_extension=<colcon_core.verb.build.BuildVerb object at 0x76c49cd42740>, main=<bound method BuildVerb.main of <colcon_core.verb.build.BuildVerb object at 0x76c49cd42740>>, mixin_verb=('build',))
[0.334s] Level 1:colcon.colcon_core.package_discovery:discover_packages(colcon_meta) check parameters
[0.334s] Level 1:colcon.colcon_core.package_discovery:discover_packages(recursive) check parameters
[0.334s] Level 1:colcon.colcon_core.package_discovery:discover_packages(ignore) check parameters
[0.334s] Level 1:colcon.colcon_core.package_discovery:discover_packages(path) check parameters
[0.334s] Level 1:colcon.colcon_core.package_discovery:discover_packages(colcon_meta) discover
[0.334s] Level 1:colcon.colcon_core.package_discovery:discover_packages(recursive) discover
[0.334s] INFO:colcon.colcon_core.package_discovery:Crawling recursively for packages in '/home/manideep/FrankaSimulator_Ws/src'
[0.334s] Level 1:colcon.colcon_core.package_identification:_identify(.) by extensions ['ignore', 'ignore_ament_install']
[0.334s] Level 1:colcon.colcon_core.package_identification:_identify(.) by extension 'ignore'
[0.334s] Level 1:colcon.colcon_core.package_identification:_identify(.) by extension 'ignore_ament_install'
[0.334s] Level 1:colcon.colcon_core.package_identification:_identify(.) by extensions ['colcon_pkg']
[0.334s] Level 1:colcon.colcon_core.package_identification:_identify(.) by extension 'colcon_pkg'
[0.334s] Level 1:colcon.colcon_core.package_identification:_identify(.) by extensions ['colcon_meta']
[0.334s] Level 1:colcon.colcon_core.package_identification:_identify(.) by extension 'colcon_meta'
[0.334s] Level 1:colcon.colcon_core.package_identification:_identify(.) by extensions ['ros']
[0.334s] Level 1:colcon.colcon_core.package_identification:_identify(.) by extension 'ros'
[0.343s] Level 1:colcon.colcon_core.package_identification:_identify(.) by extensions ['cmake', 'python']
[0.343s] Level 1:colcon.colcon_core.package_identification:_identify(.) by extension 'cmake'
[0.343s] Level 1:colcon.colcon_core.package_identification:_identify(.) by extension 'python'
[0.343s] Level 1:colcon.colcon_core.package_identification:_identify(.) by extensions ['python_setup_py']
[0.343s] Level 1:colcon.colcon_core.package_identification:_identify(.) by extension 'python_setup_py'
[0.343s] Level 1:colcon.colcon_core.package_identification:_identify(PandaRobot) by extensions ['ignore', 'ignore_ament_install']
[0.344s] Level 1:colcon.colcon_core.package_identification:_identify(PandaRobot) by extension 'ignore'
[0.344s] Level 1:colcon.colcon_core.package_identification:_identify(PandaRobot) by extension 'ignore_ament_install'
[0.344s] Level 1:colcon.colcon_core.package_identification:_identify(PandaRobot) by extensions ['colcon_pkg']
[0.344s] Level 1:colcon.colcon_core.package_identification:_identify(PandaRobot) by extension 'colcon_pkg'
[0.344s] Level 1:colcon.colcon_core.package_identification:_identify(PandaRobot) by extensions ['colcon_meta']
[0.344s] Level 1:colcon.colcon_core.package_identification:_identify(PandaRobot) by extension 'colcon_meta'
[0.344s] Level 1:colcon.colcon_core.package_identification:_identify(PandaRobot) by extensions ['ros']
[0.344s] Level 1:colcon.colcon_core.package_identification:_identify(PandaRobot) by extension 'ros'
[0.344s] Level 1:colcon.colcon_core.package_identification:_identify(PandaRobot) by extensions ['cmake', 'python']
[0.344s] Level 1:colcon.colcon_core.package_identification:_identify(PandaRobot) by extension 'cmake'
[0.344s] Level 1:colcon.colcon_core.package_identification:_identify(PandaRobot) by extension 'python'
[0.344s] Level 1:colcon.colcon_core.package_identification:_identify(PandaRobot) by extensions ['python_setup_py']
[0.344s] Level 1:colcon.colcon_core.package_identification:_identify(PandaRobot) by extension 'python_setup_py'
[0.344s] Level 1:colcon.colcon_core.package_identification:_identify(PandaRobot/panda_ros2_gazebo) by extensions ['ignore', 'ignore_ament_install']
[0.344s] Level 1:colcon.colcon_core.package_identification:_identify(PandaRobot/panda_ros2_gazebo) by extension 'ignore'
[0.344s] Level 1:colcon.colcon_core.package_identification:_identify(PandaRobot/panda_ros2_gazebo) by extension 'ignore_ament_install'
[0.344s] Level 1:colcon.colcon_core.package_identification:_identify(PandaRobot/panda_ros2_gazebo) by extensions ['colcon_pkg']
[0.344s] Level 1:colcon.colcon_core.package_identification:_identify(PandaRobot/panda_ros2_gazebo) by extension 'colcon_pkg'
[0.344s] Level 1:colcon.colcon_core.package_identification:_identify(PandaRobot/panda_ros2_gazebo) by extensions ['colcon_meta']
[0.344s] Level 1:colcon.colcon_core.package_identification:_identify(PandaRobot/panda_ros2_gazebo) by extension 'colcon_meta'
[0.344s] Level 1:colcon.colcon_core.package_identification:_identify(PandaRobot/panda_ros2_gazebo) by extensions ['ros']
[0.344s] Level 1:colcon.colcon_core.package_identification:_identify(PandaRobot/panda_ros2_gazebo) by extension 'ros'
[0.346s] DEBUG:colcon.colcon_core.package_identification:Package 'PandaRobot/panda_ros2_gazebo' with type 'ros.ament_cmake' and name 'panda_ros2_gazebo'
[0.346s] Level 1:colcon.colcon_core.package_identification:_identify(PandaRobot/panda_ros2_moveit2) by extensions ['ignore', 'ignore_ament_install']
[0.346s] Level 1:colcon.colcon_core.package_identification:_identify(PandaRobot/panda_ros2_moveit2) by extension 'ignore'
[0.346s] Level 1:colcon.colcon_core.package_identification:_identify(PandaRobot/panda_ros2_moveit2) by extension 'ignore_ament_install'
[0.346s] Level 1:colcon.colcon_core.package_identification:_identify(PandaRobot/panda_ros2_moveit2) by extensions ['colcon_pkg']
[0.346s] Level 1:colcon.colcon_core.package_identification:_identify(PandaRobot/panda_ros2_moveit2) by extension 'colcon_pkg'
[0.346s] Level 1:colcon.colcon_core.package_identification:_identify(PandaRobot/panda_ros2_moveit2) by extensions ['colcon_meta']
[0.346s] Level 1:colcon.colcon_core.package_identification:_identify(PandaRobot/panda_ros2_moveit2) by extension 'colcon_meta'
[0.346s] Level 1:colcon.colcon_core.package_identification:_identify(PandaRobot/panda_ros2_moveit2) by extensions ['ros']
[0.346s] Level 1:colcon.colcon_core.package_identification:_identify(PandaRobot/panda_ros2_moveit2) by extension 'ros'
[0.347s] DEBUG:colcon.colcon_core.package_identification:Package 'PandaRobot/panda_ros2_moveit2' with type 'ros.ament_cmake' and name 'panda_ros2_moveit2'
[0.347s] Level 1:colcon.colcon_core.package_identification:_identify(build) by extensions ['ignore', 'ignore_ament_install']
[0.347s] Level 1:colcon.colcon_core.package_identification:_identify(build) by extension 'ignore'
[0.347s] Level 1:colcon.colcon_core.package_identification:_identify(build) ignored
[0.347s] Level 1:colcon.colcon_core.package_identification:_identify(gazebo_ros2_control) by extensions ['ignore', 'ignore_ament_install']
[0.347s] Level 1:colcon.colcon_core.package_identification:_identify(gazebo_ros2_control) by extension 'ignore'
[0.347s] Level 1:colcon.colcon_core.package_identification:_identify(gazebo_ros2_control) by extension 'ignore_ament_install'
[0.347s] Level 1:colcon.colcon_core.package_identification:_identify(gazebo_ros2_control) by extensions ['colcon_pkg']
[0.347s] Level 1:colcon.colcon_core.package_identification:_identify(gazebo_ros2_control) by extension 'colcon_pkg'
[0.347s] Level 1:colcon.colcon_core.package_identification:_identify(gazebo_ros2_control) by extensions ['colcon_meta']
[0.347s] Level 1:colcon.colcon_core.package_identification:_identify(gazebo_ros2_control) by extension 'colcon_meta'
[0.347s] Level 1:colcon.colcon_core.package_identification:_identify(gazebo_ros2_control) by extensions ['ros']
[0.347s] Level 1:colcon.colcon_core.package_identification:_identify(gazebo_ros2_control) by extension 'ros'
[0.347s] Level 1:colcon.colcon_core.package_identification:_identify(gazebo_ros2_control) by extensions ['cmake', 'python']
[0.347s] Level 1:colcon.colcon_core.package_identification:_identify(gazebo_ros2_control) by extension 'cmake'
[0.347s] Level 1:colcon.colcon_core.package_identification:_identify(gazebo_ros2_control) by extension 'python'
[0.347s] Level 1:colcon.colcon_core.package_identification:_identify(gazebo_ros2_control) by extensions ['python_setup_py']
[0.347s] Level 1:colcon.colcon_core.package_identification:_identify(gazebo_ros2_control) by extension 'python_setup_py'
[0.347s] Level 1:colcon.colcon_core.package_identification:_identify(gazebo_ros2_control/Docker) by extensions ['ignore', 'ignore_ament_install']
[0.347s] Level 1:colcon.colcon_core.package_identification:_identify(gazebo_ros2_control/Docker) by extension 'ignore'
[0.347s] Level 1:colcon.colcon_core.package_identification:_identify(gazebo_ros2_control/Docker) by extension 'ignore_ament_install'
[0.347s] Level 1:colcon.colcon_core.package_identification:_identify(gazebo_ros2_control/Docker) by extensions ['colcon_pkg']
[0.347s] Level 1:colcon.colcon_core.package_identification:_identify(gazebo_ros2_control/Docker) by extension 'colcon_pkg'
[0.347s] Level 1:colcon.colcon_core.package_identification:_identify(gazebo_ros2_control/Docker) by extensions ['colcon_meta']
[0.347s] Level 1:colcon.colcon_core.package_identification:_identify(gazebo_ros2_control/Docker) by extension 'colcon_meta'
[0.348s] Level 1:colcon.colcon_core.package_identification:_identify(gazebo_ros2_control/Docker) by extensions ['ros']
[0.348s] Level 1:colcon.colcon_core.package_identification:_identify(gazebo_ros2_control/Docker) by extension 'ros'
[0.348s] Level 1:colcon.colcon_core.package_identification:_identify(gazebo_ros2_control/Docker) by extensions ['cmake', 'python']
[0.348s] Level 1:colcon.colcon_core.package_identification:_identify(gazebo_ros2_control/Docker) by extension 'cmake'
[0.348s] Level 1:colcon.colcon_core.package_identification:_identify(gazebo_ros2_control/Docker) by extension 'python'
[0.348s] Level 1:colcon.colcon_core.package_identification:_identify(gazebo_ros2_control/Docker) by extensions ['python_setup_py']
[0.348s] Level 1:colcon.colcon_core.package_identification:_identify(gazebo_ros2_control/Docker) by extension 'python_setup_py'
[0.348s] Level 1:colcon.colcon_core.package_identification:_identify(gazebo_ros2_control/doc) by extensions ['ignore', 'ignore_ament_install']
[0.348s] Level 1:colcon.colcon_core.package_identification:_identify(gazebo_ros2_control/doc) by extension 'ignore'
[0.348s] Level 1:colcon.colcon_core.package_identification:_identify(gazebo_ros2_control/doc) by extension 'ignore_ament_install'
[0.348s] Level 1:colcon.colcon_core.package_identification:_identify(gazebo_ros2_control/doc) by extensions ['colcon_pkg']
[0.348s] Level 1:colcon.colcon_core.package_identification:_identify(gazebo_ros2_control/doc) by extension 'colcon_pkg'
[0.348s] Level 1:colcon.colcon_core.package_identification:_identify(gazebo_ros2_control/doc) by extensions ['colcon_meta']
[0.348s] Level 1:colcon.colcon_core.package_identification:_identify(gazebo_ros2_control/doc) by extension 'colcon_meta'
[0.348s] Level 1:colcon.colcon_core.package_identification:_identify(gazebo_ros2_control/doc) by extensions ['ros']
[0.348s] Level 1:colcon.colcon_core.package_identification:_identify(gazebo_ros2_control/doc) by extension 'ros'
[0.348s] Level 1:colcon.colcon_core.package_identification:_identify(gazebo_ros2_control/doc) by extensions ['cmake', 'python']
[0.348s] Level 1:colcon.colcon_core.package_identification:_identify(gazebo_ros2_control/doc) by extension 'cmake'
[0.348s] Level 1:colcon.colcon_core.package_identification:_identify(gazebo_ros2_control/doc) by extension 'python'
[0.348s] Level 1:colcon.colcon_core.package_identification:_identify(gazebo_ros2_control/doc) by extensions ['python_setup_py']
[0.348s] Level 1:colcon.colcon_core.package_identification:_identify(gazebo_ros2_control/doc) by extension 'python_setup_py'
[0.348s] Level 1:colcon.colcon_core.package_identification:_identify(gazebo_ros2_control/doc/img) by extensions ['ignore', 'ignore_ament_install']
[0.348s] Level 1:colcon.colcon_core.package_identification:_identify(gazebo_ros2_control/doc/img) by extension 'ignore'
[0.348s] Level 1:colcon.colcon_core.package_identification:_identify(gazebo_ros2_control/doc/img) by extension 'ignore_ament_install'
[0.348s] Level 1:colcon.colcon_core.package_identification:_identify(gazebo_ros2_control/doc/img) by extensions ['colcon_pkg']
[0.348s] Level 1:colcon.colcon_core.package_identification:_identify(gazebo_ros2_control/doc/img) by extension 'colcon_pkg'
[0.348s] Level 1:colcon.colcon_core.package_identification:_identify(gazebo_ros2_control/doc/img) by extensions ['colcon_meta']
[0.348s] Level 1:colcon.colcon_core.package_identification:_identify(gazebo_ros2_control/doc/img) by extension 'colcon_meta'
[0.348s] Level 1:colcon.colcon_core.package_identification:_identify(gazebo_ros2_control/doc/img) by extensions ['ros']
[0.348s] Level 1:colcon.colcon_core.package_identification:_identify(gazebo_ros2_control/doc/img) by extension 'ros'
[0.348s] Level 1:colcon.colcon_core.package_identification:_identify(gazebo_ros2_control/doc/img) by extensions ['cmake', 'python']
[0.348s] Level 1:colcon.colcon_core.package_identification:_identify(gazebo_ros2_control/doc/img) by extension 'cmake'
[0.348s] Level 1:colcon.colcon_core.package_identification:_identify(gazebo_ros2_control/doc/img) by extension 'python'
[0.348s] Level 1:colcon.colcon_core.package_identification:_identify(gazebo_ros2_control/doc/img) by extensions ['python_setup_py']
[0.348s] Level 1:colcon.colcon_core.package_identification:_identify(gazebo_ros2_control/doc/img) by extension 'python_setup_py'
[0.348s] Level 1:colcon.colcon_core.package_identification:_identify(gazebo_ros2_control/gazebo_ros2_control) by extensions ['ignore', 'ignore_ament_install']
[0.348s] Level 1:colcon.colcon_core.package_identification:_identify(gazebo_ros2_control/gazebo_ros2_control) by extension 'ignore'
[0.348s] Level 1:colcon.colcon_core.package_identification:_identify(gazebo_ros2_control/gazebo_ros2_control) by extension 'ignore_ament_install'
[0.349s] Level 1:colcon.colcon_core.package_identification:_identify(gazebo_ros2_control/gazebo_ros2_control) by extensions ['colcon_pkg']
[0.349s] Level 1:colcon.colcon_core.package_identification:_identify(gazebo_ros2_control/gazebo_ros2_control) by extension 'colcon_pkg'
[0.349s] Level 1:colcon.colcon_core.package_identification:_identify(gazebo_ros2_control/gazebo_ros2_control) by extensions ['colcon_meta']
[0.349s] Level 1:colcon.colcon_core.package_identification:_identify(gazebo_ros2_control/gazebo_ros2_control) by extension 'colcon_meta'
[0.349s] Level 1:colcon.colcon_core.package_identification:_identify(gazebo_ros2_control/gazebo_ros2_control) by extensions ['ros']
[0.349s] Level 1:colcon.colcon_core.package_identification:_identify(gazebo_ros2_control/gazebo_ros2_control) by extension 'ros'
[0.350s] DEBUG:colcon.colcon_core.package_identification:Package 'gazebo_ros2_control/gazebo_ros2_control' with type 'ros.ament_cmake' and name 'gazebo_ros2_control'
[0.350s] Level 1:colcon.colcon_core.package_identification:_identify(gazebo_ros2_control/gazebo_ros2_control_demos) by extensions ['ignore', 'ignore_ament_install']
[0.350s] Level 1:colcon.colcon_core.package_identification:_identify(gazebo_ros2_control/gazebo_ros2_control_demos) by extension 'ignore'
[0.350s] Level 1:colcon.colcon_core.package_identification:_identify(gazebo_ros2_control/gazebo_ros2_control_demos) by extension 'ignore_ament_install'
[0.350s] Level 1:colcon.colcon_core.package_identification:_identify(gazebo_ros2_control/gazebo_ros2_control_demos) by extensions ['colcon_pkg']
[0.350s] Level 1:colcon.colcon_core.package_identification:_identify(gazebo_ros2_control/gazebo_ros2_control_demos) by extension 'colcon_pkg'
[0.350s] Level 1:colcon.colcon_core.package_identification:_identify(gazebo_ros2_control/gazebo_ros2_control_demos) by extensions ['colcon_meta']
[0.350s] Level 1:colcon.colcon_core.package_identification:_identify(gazebo_ros2_control/gazebo_ros2_control_demos) by extension 'colcon_meta'
[0.350s] Level 1:colcon.colcon_core.package_identification:_identify(gazebo_ros2_control/gazebo_ros2_control_demos) by extensions ['ros']
[0.350s] Level 1:colcon.colcon_core.package_identification:_identify(gazebo_ros2_control/gazebo_ros2_control_demos) by extension 'ros'
[0.350s] DEBUG:colcon.colcon_core.package_identification:Package 'gazebo_ros2_control/gazebo_ros2_control_demos' with type 'ros.ament_cmake' and name 'gazebo_ros2_control_demos'
[0.350s] Level 1:colcon.colcon_core.package_identification:_identify(install) by extensions ['ignore', 'ignore_ament_install']
[0.350s] Level 1:colcon.colcon_core.package_identification:_identify(install) by extension 'ignore'
[0.351s] Level 1:colcon.colcon_core.package_identification:_identify(install) ignored
[0.351s] Level 1:colcon.colcon_core.package_identification:_identify(log) by extensions ['ignore', 'ignore_ament_install']
[0.351s] Level 1:colcon.colcon_core.package_identification:_identify(log) by extension 'ignore'
[0.351s] Level 1:colcon.colcon_core.package_identification:_identify(log) ignored
[0.351s] Level 1:colcon.colcon_core.package_identification:_identify(ros2_actions) by extensions ['ignore', 'ignore_ament_install']
[0.351s] Level 1:colcon.colcon_core.package_identification:_identify(ros2_actions) by extension 'ignore'
[0.351s] Level 1:colcon.colcon_core.package_identification:_identify(ros2_actions) by extension 'ignore_ament_install'
[0.351s] Level 1:colcon.colcon_core.package_identification:_identify(ros2_actions) by extensions ['colcon_pkg']
[0.351s] Level 1:colcon.colcon_core.package_identification:_identify(ros2_actions) by extension 'colcon_pkg'
[0.351s] Level 1:colcon.colcon_core.package_identification:_identify(ros2_actions) by extensions ['colcon_meta']
[0.351s] Level 1:colcon.colcon_core.package_identification:_identify(ros2_actions) by extension 'colcon_meta'
[0.351s] Level 1:colcon.colcon_core.package_identification:_identify(ros2_actions) by extensions ['ros']
[0.351s] Level 1:colcon.colcon_core.package_identification:_identify(ros2_actions) by extension 'ros'
[0.351s] DEBUG:colcon.colcon_core.package_identification:Package 'ros2_actions' with type 'ros.ament_cmake' and name 'ros2_actions'
[0.351s] Level 1:colcon.colcon_core.package_identification:_identify(ros2_data) by extensions ['ignore', 'ignore_ament_install']
[0.351s] Level 1:colcon.colcon_core.package_identification:_identify(ros2_data) by extension 'ignore'
[0.351s] Level 1:colcon.colcon_core.package_identification:_identify(ros2_data) by extension 'ignore_ament_install'
[0.351s] Level 1:colcon.colcon_core.package_identification:_identify(ros2_data) by extensions ['colcon_pkg']
[0.351s] Level 1:colcon.colcon_core.package_identification:_identify(ros2_data) by extension 'colcon_pkg'
[0.351s] Level 1:colcon.colcon_core.package_identification:_identify(ros2_data) by extensions ['colcon_meta']
[0.351s] Level 1:colcon.colcon_core.package_identification:_identify(ros2_data) by extension 'colcon_meta'
[0.352s] Level 1:colcon.colcon_core.package_identification:_identify(ros2_data) by extensions ['ros']
[0.352s] Level 1:colcon.colcon_core.package_identification:_identify(ros2_data) by extension 'ros'
[0.352s] DEBUG:colcon.colcon_core.package_identification:Package 'ros2_data' with type 'ros.ament_cmake' and name 'ros2_data'
[0.352s] Level 1:colcon.colcon_core.package_identification:_identify(teleop_keyboard_pkg) by extensions ['ignore', 'ignore_ament_install']
[0.352s] Level 1:colcon.colcon_core.package_identification:_identify(teleop_keyboard_pkg) by extension 'ignore'
[0.352s] Level 1:colcon.colcon_core.package_identification:_identify(teleop_keyboard_pkg) by extension 'ignore_ament_install'
[0.352s] Level 1:colcon.colcon_core.package_identification:_identify(teleop_keyboard_pkg) by extensions ['colcon_pkg']
[0.352s] Level 1:colcon.colcon_core.package_identification:_identify(teleop_keyboard_pkg) by extension 'colcon_pkg'
[0.352s] Level 1:colcon.colcon_core.package_identification:_identify(teleop_keyboard_pkg) by extensions ['colcon_meta']
[0.352s] Level 1:colcon.colcon_core.package_identification:_identify(teleop_keyboard_pkg) by extension 'colcon_meta'
[0.352s] Level 1:colcon.colcon_core.package_identification:_identify(teleop_keyboard_pkg) by extensions ['ros']
[0.352s] Level 1:colcon.colcon_core.package_identification:_identify(teleop_keyboard_pkg) by extension 'ros'
[0.353s] DEBUG:colcon.colcon_core.package_identification:Package 'teleop_keyboard_pkg' with type 'ros.ament_python' and name 'teleop_keyboard_pkg'
[0.353s] Level 1:colcon.colcon_core.package_discovery:discover_packages(recursive) using defaults
[0.353s] Level 1:colcon.colcon_core.package_discovery:discover_packages(ignore) discover
[0.353s] Level 1:colcon.colcon_core.package_discovery:discover_packages(ignore) using defaults
[0.353s] Level 1:colcon.colcon_core.package_discovery:discover_packages(path) discover
[0.353s] Level 1:colcon.colcon_core.package_discovery:discover_packages(path) using defaults
[0.386s] Level 1:colcon.colcon_core.package_discovery:discover_packages(prefix_path) check parameters
[0.386s] Level 1:colcon.colcon_core.package_discovery:discover_packages(prefix_path) discover
[0.389s] DEBUG:colcon.colcon_installed_package_information.package_discovery:Found 7 installed packages in /home/manideep/FrankaSimulator_Ws/install
[0.390s] DEBUG:colcon.colcon_installed_package_information.package_discovery:Found 56 installed packages in /home/manideep/ws_moveit2/install
[0.391s] DEBUG:colcon.colcon_installed_package_information.package_discovery:Found 382 installed packages in /opt/ros/humble
[0.394s] Level 1:colcon.colcon_core.package_discovery:discover_packages(prefix_path) using defaults
[0.478s] Level 5:colcon.colcon_core.verb:set package 'gazebo_ros2_control' build argument 'cmake_args' from command line to 'None'
[0.478s] Level 5:colcon.colcon_core.verb:set package 'gazebo_ros2_control' build argument 'cmake_target' from command line to 'None'
[0.478s] Level 5:colcon.colcon_core.verb:set package 'gazebo_ros2_control' build argument 'cmake_target_skip_unavailable' from command line to 'False'
[0.478s] Level 5:colcon.colcon_core.verb:set package 'gazebo_ros2_control' build argument 'cmake_clean_cache' from command line to 'False'
[0.478s] Level 5:colcon.colcon_core.verb:set package 'gazebo_ros2_control' build argument 'cmake_clean_first' from command line to 'False'
[0.478s] Level 5:colcon.colcon_core.verb:set package 'gazebo_ros2_control' build argument 'cmake_force_configure' from command line to 'False'
[0.478s] Level 5:colcon.colcon_core.verb:set package 'gazebo_ros2_control' build argument 'ament_cmake_args' from command line to 'None'
[0.478s] Level 5:colcon.colcon_core.verb:set package 'gazebo_ros2_control' build argument 'catkin_cmake_args' from command line to 'None'
[0.478s] Level 5:colcon.colcon_core.verb:set package 'gazebo_ros2_control' build argument 'catkin_skip_building_tests' from command line to 'False'
[0.478s] DEBUG:colcon.colcon_core.verb:Building package 'gazebo_ros2_control' with the following arguments: {'ament_cmake_args': None, 'build_base': '/home/manideep/FrankaSimulator_Ws/src/build/gazebo_ros2_control', 'catkin_cmake_args': None, 'catkin_skip_building_tests': False, 'cmake_args': None, 'cmake_clean_cache': False, 'cmake_clean_first': False, 'cmake_force_configure': False, 'cmake_target': None, 'cmake_target_skip_unavailable': False, 'install_base': '/home/manideep/FrankaSimulator_Ws/src/install/gazebo_ros2_control', 'merge_install': False, 'path': '/home/manideep/FrankaSimulator_Ws/src/gazebo_ros2_control/gazebo_ros2_control', 'symlink_install': False, 'test_result_base': None}
[0.478s] Level 5:colcon.colcon_core.verb:set package 'panda_ros2_gazebo' build argument 'cmake_args' from command line to 'None'
[0.478s] Level 5:colcon.colcon_core.verb:set package 'panda_ros2_gazebo' build argument 'cmake_target' from command line to 'None'
[0.478s] Level 5:colcon.colcon_core.verb:set package 'panda_ros2_gazebo' build argument 'cmake_target_skip_unavailable' from command line to 'False'
[0.478s] Level 5:colcon.colcon_core.verb:set package 'panda_ros2_gazebo' build argument 'cmake_clean_cache' from command line to 'False'
[0.478s] Level 5:colcon.colcon_core.verb:set package 'panda_ros2_gazebo' build argument 'cmake_clean_first' from command line to 'False'
[0.478s] Level 5:colcon.colcon_core.verb:set package 'panda_ros2_gazebo' build argument 'cmake_force_configure' from command line to 'False'
[0.478s] Level 5:colcon.colcon_core.verb:set package 'panda_ros2_gazebo' build argument 'ament_cmake_args' from command line to 'None'
[0.478s] Level 5:colcon.colcon_core.verb:set package 'panda_ros2_gazebo' build argument 'catkin_cmake_args' from command line to 'None'
[0.478s] Level 5:colcon.colcon_core.verb:set package 'panda_ros2_gazebo' build argument 'catkin_skip_building_tests' from command line to 'False'
[0.478s] DEBUG:colcon.colcon_core.verb:Building package 'panda_ros2_gazebo' with the following arguments: {'ament_cmake_args': None, 'build_base': '/home/manideep/FrankaSimulator_Ws/src/build/panda_ros2_gazebo', 'catkin_cmake_args': None, 'catkin_skip_building_tests': False, 'cmake_args': None, 'cmake_clean_cache': False, 'cmake_clean_first': False, 'cmake_force_configure': False, 'cmake_target': None, 'cmake_target_skip_unavailable': False, 'install_base': '/home/manideep/FrankaSimulator_Ws/src/install/panda_ros2_gazebo', 'merge_install': False, 'path': '/home/manideep/FrankaSimulator_Ws/src/PandaRobot/panda_ros2_gazebo', 'symlink_install': False, 'test_result_base': None}
[0.478s] Level 5:colcon.colcon_core.verb:set package 'ros2_data' build argument 'cmake_args' from command line to 'None'
[0.478s] Level 5:colcon.colcon_core.verb:set package 'ros2_data' build argument 'cmake_target' from command line to 'None'
[0.479s] Level 5:colcon.colcon_core.verb:set package 'ros2_data' build argument 'cmake_target_skip_unavailable' from command line to 'False'
[0.479s] Level 5:colcon.colcon_core.verb:set package 'ros2_data' build argument 'cmake_clean_cache' from command line to 'False'
[0.479s] Level 5:colcon.colcon_core.verb:set package 'ros2_data' build argument 'cmake_clean_first' from command line to 'False'
[0.479s] Level 5:colcon.colcon_core.verb:set package 'ros2_data' build argument 'cmake_force_configure' from command line to 'False'
[0.479s] Level 5:colcon.colcon_core.verb:set package 'ros2_data' build argument 'ament_cmake_args' from command line to 'None'
[0.479s] Level 5:colcon.colcon_core.verb:set package 'ros2_data' build argument 'catkin_cmake_args' from command line to 'None'
[0.479s] Level 5:colcon.colcon_core.verb:set package 'ros2_data' build argument 'catkin_skip_building_tests' from command line to 'False'
[0.479s] DEBUG:colcon.colcon_core.verb:Building package 'ros2_data' with the following arguments: {'ament_cmake_args': None, 'build_base': '/home/manideep/FrankaSimulator_Ws/src/build/ros2_data', 'catkin_cmake_args': None, 'catkin_skip_building_tests': False, 'cmake_args': None, 'cmake_clean_cache': False, 'cmake_clean_first': False, 'cmake_force_configure': False, 'cmake_target': None, 'cmake_target_skip_unavailable': False, 'install_base': '/home/manideep/FrankaSimulator_Ws/src/install/ros2_data', 'merge_install': False, 'path': '/home/manideep/FrankaSimulator_Ws/src/ros2_data', 'symlink_install': False, 'test_result_base': None}
[0.479s] Level 5:colcon.colcon_core.verb:set package 'teleop_keyboard_pkg' build argument 'cmake_args' from command line to 'None'
[0.479s] Level 5:colcon.colcon_core.verb:set package 'teleop_keyboard_pkg' build argument 'cmake_target' from command line to 'None'
[0.479s] Level 5:colcon.colcon_core.verb:set package 'teleop_keyboard_pkg' build argument 'cmake_target_skip_unavailable' from command line to 'False'
[0.479s] Level 5:colcon.colcon_core.verb:set package 'teleop_keyboard_pkg' build argument 'cmake_clean_cache' from command line to 'False'
[0.479s] Level 5:colcon.colcon_core.verb:set package 'teleop_keyboard_pkg' build argument 'cmake_clean_first' from command line to 'False'
[0.479s] Level 5:colcon.colcon_core.verb:set package 'teleop_keyboard_pkg' build argument 'cmake_force_configure' from command line to 'False'
[0.479s] Level 5:colcon.colcon_core.verb:set package 'teleop_keyboard_pkg' build argument 'ament_cmake_args' from command line to 'None'
[0.479s] Level 5:colcon.colcon_core.verb:set package 'teleop_keyboard_pkg' build argument 'catkin_cmake_args' from command line to 'None'
[0.479s] Level 5:colcon.colcon_core.verb:set package 'teleop_keyboard_pkg' build argument 'catkin_skip_building_tests' from command line to 'False'
[0.479s] DEBUG:colcon.colcon_core.verb:Building package 'teleop_keyboard_pkg' with the following arguments: {'ament_cmake_args': None, 'build_base': '/home/manideep/FrankaSimulator_Ws/src/build/teleop_keyboard_pkg', 'catkin_cmake_args': None, 'catkin_skip_building_tests': False, 'cmake_args': None, 'cmake_clean_cache': False, 'cmake_clean_first': False, 'cmake_force_configure': False, 'cmake_target': None, 'cmake_target_skip_unavailable': False, 'install_base': '/home/manideep/FrankaSimulator_Ws/src/install/teleop_keyboard_pkg', 'merge_install': False, 'path': '/home/manideep/FrankaSimulator_Ws/src/teleop_keyboard_pkg', 'symlink_install': False, 'test_result_base': None}
[0.479s] Level 5:colcon.colcon_core.verb:set package 'gazebo_ros2_control_demos' build argument 'cmake_args' from command line to 'None'
[0.479s] Level 5:colcon.colcon_core.verb:set package 'gazebo_ros2_control_demos' build argument 'cmake_target' from command line to 'None'
[0.479s] Level 5:colcon.colcon_core.verb:set package 'gazebo_ros2_control_demos' build argument 'cmake_target_skip_unavailable' from command line to 'False'
[0.479s] Level 5:colcon.colcon_core.verb:set package 'gazebo_ros2_control_demos' build argument 'cmake_clean_cache' from command line to 'False'
[0.479s] Level 5:colcon.colcon_core.verb:set package 'gazebo_ros2_control_demos' build argument 'cmake_clean_first' from command line to 'False'
[0.479s] Level 5:colcon.colcon_core.verb:set package 'gazebo_ros2_control_demos' build argument 'cmake_force_configure' from command line to 'False'
[0.479s] Level 5:colcon.colcon_core.verb:set package 'gazebo_ros2_control_demos' build argument 'ament_cmake_args' from command line to 'None'
[0.479s] Level 5:colcon.colcon_core.verb:set package 'gazebo_ros2_control_demos' build argument 'catkin_cmake_args' from command line to 'None'
[0.479s] Level 5:colcon.colcon_core.verb:set package 'gazebo_ros2_control_demos' build argument 'catkin_skip_building_tests' from command line to 'False'
[0.479s] DEBUG:colcon.colcon_core.verb:Building package 'gazebo_ros2_control_demos' with the following arguments: {'ament_cmake_args': None, 'build_base': '/home/manideep/FrankaSimulator_Ws/src/build/gazebo_ros2_control_demos', 'catkin_cmake_args': None, 'catkin_skip_building_tests': False, 'cmake_args': None, 'cmake_clean_cache': False, 'cmake_clean_first': False, 'cmake_force_configure': False, 'cmake_target': None, 'cmake_target_skip_unavailable': False, 'install_base': '/home/manideep/FrankaSimulator_Ws/src/install/gazebo_ros2_control_demos', 'merge_install': False, 'path': '/home/manideep/FrankaSimulator_Ws/src/gazebo_ros2_control/gazebo_ros2_control_demos', 'symlink_install': False, 'test_result_base': None}
[0.479s] Level 5:colcon.colcon_core.verb:set package 'panda_ros2_moveit2' build argument 'cmake_args' from command line to 'None'
[0.479s] Level 5:colcon.colcon_core.verb:set package 'panda_ros2_moveit2' build argument 'cmake_target' from command line to 'None'
[0.479s] Level 5:colcon.colcon_core.verb:set package 'panda_ros2_moveit2' build argument 'cmake_target_skip_unavailable' from command line to 'False'
[0.480s] Level 5:colcon.colcon_core.verb:set package 'panda_ros2_moveit2' build argument 'cmake_clean_cache' from command line to 'False'
[0.480s] Level 5:colcon.colcon_core.verb:set package 'panda_ros2_moveit2' build argument 'cmake_clean_first' from command line to 'False'
[0.480s] Level 5:colcon.colcon_core.verb:set package 'panda_ros2_moveit2' build argument 'cmake_force_configure' from command line to 'False'
[0.480s] Level 5:colcon.colcon_core.verb:set package 'panda_ros2_moveit2' build argument 'ament_cmake_args' from command line to 'None'
[0.480s] Level 5:colcon.colcon_core.verb:set package 'panda_ros2_moveit2' build argument 'catkin_cmake_args' from command line to 'None'
[0.480s] Level 5:colcon.colcon_core.verb:set package 'panda_ros2_moveit2' build argument 'catkin_skip_building_tests' from command line to 'False'
[0.480s] DEBUG:colcon.colcon_core.verb:Building package 'panda_ros2_moveit2' with the following arguments: {'ament_cmake_args': None, 'build_base': '/home/manideep/FrankaSimulator_Ws/src/build/panda_ros2_moveit2', 'catkin_cmake_args': None, 'catkin_skip_building_tests': False, 'cmake_args': None, 'cmake_clean_cache': False, 'cmake_clean_first': False, 'cmake_force_configure': False, 'cmake_target': None, 'cmake_target_skip_unavailable': False, 'install_base': '/home/manideep/FrankaSimulator_Ws/src/install/panda_ros2_moveit2', 'merge_install': False, 'path': '/home/manideep/FrankaSimulator_Ws/src/PandaRobot/panda_ros2_moveit2', 'symlink_install': False, 'test_result_base': None}
[0.480s] Level 5:colcon.colcon_core.verb:set package 'ros2_actions' build argument 'cmake_args' from command line to 'None'
[0.480s] Level 5:colcon.colcon_core.verb:set package 'ros2_actions' build argument 'cmake_target' from command line to 'None'
[0.480s] Level 5:colcon.colcon_core.verb:set package 'ros2_actions' build argument 'cmake_target_skip_unavailable' from command line to 'False'
[0.480s] Level 5:colcon.colcon_core.verb:set package 'ros2_actions' build argument 'cmake_clean_cache' from command line to 'False'
[0.480s] Level 5:colcon.colcon_core.verb:set package 'ros2_actions' build argument 'cmake_clean_first' from command line to 'False'
[0.480s] Level 5:colcon.colcon_core.verb:set package 'ros2_actions' build argument 'cmake_force_configure' from command line to 'False'
[0.480s] Level 5:colcon.colcon_core.verb:set package 'ros2_actions' build argument 'ament_cmake_args' from command line to 'None'
[0.480s] Level 5:colcon.colcon_core.verb:set package 'ros2_actions' build argument 'catkin_cmake_args' from command line to 'None'
[0.480s] Level 5:colcon.colcon_core.verb:set package 'ros2_actions' build argument 'catkin_skip_building_tests' from command line to 'False'
[0.480s] DEBUG:colcon.colcon_core.verb:Building package 'ros2_actions' with the following arguments: {'ament_cmake_args': None, 'build_base': '/home/manideep/FrankaSimulator_Ws/src/build/ros2_actions', 'catkin_cmake_args': None, 'catkin_skip_building_tests': False, 'cmake_args': None, 'cmake_clean_cache': False, 'cmake_clean_first': False, 'cmake_force_configure': False, 'cmake_target': None, 'cmake_target_skip_unavailable': False, 'install_base': '/home/manideep/FrankaSimulator_Ws/src/install/ros2_actions', 'merge_install': False, 'path': '/home/manideep/FrankaSimulator_Ws/src/ros2_actions', 'symlink_install': False, 'test_result_base': None}
[0.480s] INFO:colcon.colcon_core.executor:Executing jobs using 'parallel' executor
[0.481s] DEBUG:colcon.colcon_parallel_executor.executor.parallel:run_until_complete
[0.481s] INFO:colcon.colcon_ros.task.ament_cmake.build:Building ROS package in '/home/manideep/FrankaSimulator_Ws/src/ros2_data' with build type 'ament_cmake'
[0.481s] INFO:colcon.colcon_cmake.task.cmake.build:Building CMake package in '/home/manideep/FrankaSimulator_Ws/src/ros2_data'
[0.484s] INFO:colcon.colcon_core.plugin_system:Skipping extension 'colcon_core.shell.bat': Not used on non-Windows systems
[0.484s] INFO:colcon.colcon_core.shell:Skip shell extension 'powershell' for command environment: Not usable outside of PowerShell
[0.484s] DEBUG:colcon.colcon_core.shell:Skip shell extension 'dsv' for command environment
[0.489s] INFO:colcon.colcon_ros.task.ament_cmake.build:Building ROS package in '/home/manideep/FrankaSimulator_Ws/src/gazebo_ros2_control/gazebo_ros2_control' with build type 'ament_cmake'
[0.489s] INFO:colcon.colcon_cmake.task.cmake.build:Building CMake package in '/home/manideep/FrankaSimulator_Ws/src/gazebo_ros2_control/gazebo_ros2_control'
[0.489s] INFO:colcon.colcon_core.shell:Skip shell extension 'powershell' for command environment: Not usable outside of PowerShell
[0.489s] DEBUG:colcon.colcon_core.shell:Skip shell extension 'dsv' for command environment
[0.493s] INFO:colcon.colcon_ros.task.ament_cmake.build:Building ROS package in '/home/manideep/FrankaSimulator_Ws/src/PandaRobot/panda_ros2_gazebo' with build type 'ament_cmake'
[0.493s] INFO:colcon.colcon_cmake.task.cmake.build:Building CMake package in '/home/manideep/FrankaSimulator_Ws/src/PandaRobot/panda_ros2_gazebo'
[0.493s] INFO:colcon.colcon_core.shell:Skip shell extension 'powershell' for command environment: Not usable outside of PowerShell
[0.493s] DEBUG:colcon.colcon_core.shell:Skip shell extension 'dsv' for command environment
[0.499s] INFO:colcon.colcon_ros.task.ament_python.build:Building ROS package in '/home/manideep/FrankaSimulator_Ws/src/teleop_keyboard_pkg' with build type 'ament_python'
[0.499s] Level 1:colcon.colcon_core.shell:create_environment_hook('teleop_keyboard_pkg', 'ament_prefix_path')
[0.500s] INFO:colcon.colcon_core.shell:Creating environment hook '/home/manideep/FrankaSimulator_Ws/src/install/teleop_keyboard_pkg/share/teleop_keyboard_pkg/hook/ament_prefix_path.ps1'
[0.500s] INFO:colcon.colcon_core.shell:Creating environment descriptor '/home/manideep/FrankaSimulator_Ws/src/install/teleop_keyboard_pkg/share/teleop_keyboard_pkg/hook/ament_prefix_path.dsv'
[0.500s] INFO:colcon.colcon_core.shell:Creating environment hook '/home/manideep/FrankaSimulator_Ws/src/install/teleop_keyboard_pkg/share/teleop_keyboard_pkg/hook/ament_prefix_path.sh'
[0.501s] INFO:colcon.colcon_core.shell:Skip shell extension 'powershell' for command environment: Not usable outside of PowerShell
[0.501s] DEBUG:colcon.colcon_core.shell:Skip shell extension 'dsv' for command environment
[0.509s] DEBUG:colcon.colcon_core.event_handler.log_command:Invoking command in '/home/manideep/FrankaSimulator_Ws/src/build/ros2_data': CMAKE_PREFIX_PATH=${CMAKE_PREFIX_PATH}:/home/manideep/FrankaSimulator_Ws/install/teleop_keyboard_pkg:/home/manideep/ws_moveit2/install/moveit_configs_utils:/home/manideep/ws_moveit2/install/launch_param_builder:/opt/ros/humble /usr/bin/cmake --build /home/manideep/FrankaSimulator_Ws/src/build/ros2_data -- -j16 -l16
[0.512s] DEBUG:colcon.colcon_core.event_handler.log_command:Invoking command in '/home/manideep/FrankaSimulator_Ws/src/build/gazebo_ros2_control': CMAKE_PREFIX_PATH=${CMAKE_PREFIX_PATH}:/home/manideep/FrankaSimulator_Ws/install/teleop_keyboard_pkg:/home/manideep/ws_moveit2/install/moveit_configs_utils:/home/manideep/ws_moveit2/install/launch_param_builder:/opt/ros/humble /usr/bin/cmake --build /home/manideep/FrankaSimulator_Ws/src/build/gazebo_ros2_control -- -j16 -l16
[0.514s] DEBUG:colcon.colcon_core.event_handler.log_command:Invoking command in '/home/manideep/FrankaSimulator_Ws/src/build/panda_ros2_gazebo': CMAKE_PREFIX_PATH=${CMAKE_PREFIX_PATH}:/home/manideep/FrankaSimulator_Ws/install/teleop_keyboard_pkg:/home/manideep/ws_moveit2/install/moveit_configs_utils:/home/manideep/ws_moveit2/install/launch_param_builder:/opt/ros/humble /usr/bin/cmake --build /home/manideep/FrankaSimulator_Ws/src/build/panda_ros2_gazebo -- -j16 -l16
[0.743s] WARNING:colcon.colcon_ros.task.ament_python.build:Package 'teleop_keyboard_pkg' doesn't explicitly install a marker in the package index (colcon-ros currently does it implicitly but that fallback will be removed in the future)
[0.743s] WARNING:colcon.colcon_ros.task.ament_python.build:Package 'teleop_keyboard_pkg' doesn't explicitly install the 'package.xml' file (colcon-ros currently does it implicitly but that fallback will be removed in the future)
[0.744s] INFO:colcon.colcon_core.task.python.build:Building Python package in '/home/manideep/FrankaSimulator_Ws/src/teleop_keyboard_pkg'
[0.744s] INFO:colcon.colcon_core.shell:Skip shell extension 'powershell' for command environment: Not usable outside of PowerShell
[0.744s] DEBUG:colcon.colcon_core.shell:Skip shell extension 'dsv' for command environment
[0.750s] DEBUG:colcon.colcon_core.event_handler.log_command:Invoked command in '/home/manideep/FrankaSimulator_Ws/src/build/panda_ros2_gazebo' returned '0': CMAKE_PREFIX_PATH=${CMAKE_PREFIX_PATH}:/home/manideep/FrankaSimulator_Ws/install/teleop_keyboard_pkg:/home/manideep/ws_moveit2/install/moveit_configs_utils:/home/manideep/ws_moveit2/install/launch_param_builder:/opt/ros/humble /usr/bin/cmake --build /home/manideep/FrankaSimulator_Ws/src/build/panda_ros2_gazebo -- -j16 -l16
[0.762s] DEBUG:colcon.colcon_core.event_handler.log_command:Invoking command in '/home/manideep/FrankaSimulator_Ws/src/build/panda_ros2_gazebo': CMAKE_PREFIX_PATH=${CMAKE_PREFIX_PATH}:/home/manideep/FrankaSimulator_Ws/install/teleop_keyboard_pkg:/home/manideep/ws_moveit2/install/moveit_configs_utils:/home/manideep/ws_moveit2/install/launch_param_builder:/opt/ros/humble /usr/bin/cmake --install /home/manideep/FrankaSimulator_Ws/src/build/panda_ros2_gazebo
[0.763s] DEBUG:colcon.colcon_core.event_handler.log_command:Invoked command in '/home/manideep/FrankaSimulator_Ws/src/build/gazebo_ros2_control' returned '0': CMAKE_PREFIX_PATH=${CMAKE_PREFIX_PATH}:/home/manideep/FrankaSimulator_Ws/install/teleop_keyboard_pkg:/home/manideep/ws_moveit2/install/moveit_configs_utils:/home/manideep/ws_moveit2/install/launch_param_builder:/opt/ros/humble /usr/bin/cmake --build /home/manideep/FrankaSimulator_Ws/src/build/gazebo_ros2_control -- -j16 -l16
[0.764s] DEBUG:colcon.colcon_core.event_handler.log_command:Invoking command in '/home/manideep/FrankaSimulator_Ws/src/build/gazebo_ros2_control': CMAKE_PREFIX_PATH=${CMAKE_PREFIX_PATH}:/home/manideep/FrankaSimulator_Ws/install/teleop_keyboard_pkg:/home/manideep/ws_moveit2/install/moveit_configs_utils:/home/manideep/ws_moveit2/install/launch_param_builder:/opt/ros/humble /usr/bin/cmake --install /home/manideep/FrankaSimulator_Ws/src/build/gazebo_ros2_control
[0.774s] Level 1:colcon.colcon_core.environment:create_environment_scripts_only(panda_ros2_gazebo)
[0.780s] DEBUG:colcon.colcon_core.event_handler.log_command:Invoked command in '/home/manideep/FrankaSimulator_Ws/src/build/panda_ros2_gazebo' returned '0': CMAKE_PREFIX_PATH=${CMAKE_PREFIX_PATH}:/home/manideep/FrankaSimulator_Ws/install/teleop_keyboard_pkg:/home/manideep/ws_moveit2/install/moveit_configs_utils:/home/manideep/ws_moveit2/install/launch_param_builder:/opt/ros/humble /usr/bin/cmake --install /home/manideep/FrankaSimulator_Ws/src/build/panda_ros2_gazebo
[0.780s] Level 1:colcon.colcon_core.environment:checking '/home/manideep/FrankaSimulator_Ws/src/install/panda_ros2_gazebo' for CMake module files
[0.781s] Level 1:colcon.colcon_core.environment:checking '/home/manideep/FrankaSimulator_Ws/src/install/panda_ros2_gazebo' for CMake config files
[0.781s] Level 1:colcon.colcon_core.shell:create_environment_hook('panda_ros2_gazebo', 'cmake_prefix_path')
[0.781s] INFO:colcon.colcon_core.shell:Creating environment hook '/home/manideep/FrankaSimulator_Ws/src/install/panda_ros2_gazebo/share/panda_ros2_gazebo/hook/cmake_prefix_path.ps1'
[0.782s] INFO:colcon.colcon_core.shell:Creating environment descriptor '/home/manideep/FrankaSimulator_Ws/src/install/panda_ros2_gazebo/share/panda_ros2_gazebo/hook/cmake_prefix_path.dsv'
[0.782s] INFO:colcon.colcon_core.shell:Creating environment hook '/home/manideep/FrankaSimulator_Ws/src/install/panda_ros2_gazebo/share/panda_ros2_gazebo/hook/cmake_prefix_path.sh'
[0.782s] Level 1:colcon.colcon_core.environment:checking '/home/manideep/FrankaSimulator_Ws/src/install/panda_ros2_gazebo/bin'
[0.782s] Level 1:colcon.colcon_core.environment:checking '/home/manideep/FrankaSimulator_Ws/src/install/panda_ros2_gazebo/lib/pkgconfig/panda_ros2_gazebo.pc'
[0.783s] Level 1:colcon.colcon_core.environment:checking '/home/manideep/FrankaSimulator_Ws/src/install/panda_ros2_gazebo/lib/python3.10/site-packages'
[0.783s] Level 1:colcon.colcon_core.environment:checking '/home/manideep/FrankaSimulator_Ws/src/install/panda_ros2_gazebo/bin'
[0.783s] INFO:colcon.colcon_core.shell:Creating package script '/home/manideep/FrankaSimulator_Ws/src/install/panda_ros2_gazebo/share/panda_ros2_gazebo/package.ps1'
[0.784s] INFO:colcon.colcon_core.shell:Creating package descriptor '/home/manideep/FrankaSimulator_Ws/src/install/panda_ros2_gazebo/share/panda_ros2_gazebo/package.dsv'
[0.784s] INFO:colcon.colcon_core.shell:Creating package script '/home/manideep/FrankaSimulator_Ws/src/install/panda_ros2_gazebo/share/panda_ros2_gazebo/package.sh'
[0.785s] INFO:colcon.colcon_core.shell:Creating package script '/home/manideep/FrankaSimulator_Ws/src/install/panda_ros2_gazebo/share/panda_ros2_gazebo/package.bash'
[0.785s] INFO:colcon.colcon_core.shell:Creating package script '/home/manideep/FrankaSimulator_Ws/src/install/panda_ros2_gazebo/share/panda_ros2_gazebo/package.zsh'
[0.785s] Level 1:colcon.colcon_core.environment:create_file_with_runtime_dependencies(/home/manideep/FrankaSimulator_Ws/src/install/panda_ros2_gazebo/share/colcon-core/packages/panda_ros2_gazebo)
[0.786s] Level 1:colcon.colcon_core.environment:create_environment_scripts_only(panda_ros2_gazebo)
[0.786s] Level 1:colcon.colcon_core.environment:checking '/home/manideep/FrankaSimulator_Ws/src/install/panda_ros2_gazebo' for CMake module files
[0.786s] Level 1:colcon.colcon_core.environment:checking '/home/manideep/FrankaSimulator_Ws/src/install/panda_ros2_gazebo' for CMake config files
[0.786s] Level 1:colcon.colcon_core.shell:create_environment_hook('panda_ros2_gazebo', 'cmake_prefix_path')
[0.787s] INFO:colcon.colcon_core.shell:Creating environment hook '/home/manideep/FrankaSimulator_Ws/src/install/panda_ros2_gazebo/share/panda_ros2_gazebo/hook/cmake_prefix_path.ps1'
[0.787s] INFO:colcon.colcon_core.shell:Creating environment descriptor '/home/manideep/FrankaSimulator_Ws/src/install/panda_ros2_gazebo/share/panda_ros2_gazebo/hook/cmake_prefix_path.dsv'
[0.787s] INFO:colcon.colcon_core.shell:Creating environment hook '/home/manideep/FrankaSimulator_Ws/src/install/panda_ros2_gazebo/share/panda_ros2_gazebo/hook/cmake_prefix_path.sh'
[0.788s] Level 1:colcon.colcon_core.environment:checking '/home/manideep/FrankaSimulator_Ws/src/install/panda_ros2_gazebo/bin'
[0.788s] Level 1:colcon.colcon_core.environment:checking '/home/manideep/FrankaSimulator_Ws/src/install/panda_ros2_gazebo/lib/pkgconfig/panda_ros2_gazebo.pc'
[0.788s] Level 1:colcon.colcon_core.environment:checking '/home/manideep/FrankaSimulator_Ws/src/install/panda_ros2_gazebo/lib/python3.10/site-packages'
[0.788s] Level 1:colcon.colcon_core.environment:checking '/home/manideep/FrankaSimulator_Ws/src/install/panda_ros2_gazebo/bin'
[0.788s] INFO:colcon.colcon_core.shell:Creating package script '/home/manideep/FrankaSimulator_Ws/src/install/panda_ros2_gazebo/share/panda_ros2_gazebo/package.ps1'
[0.788s] INFO:colcon.colcon_core.shell:Creating package descriptor '/home/manideep/FrankaSimulator_Ws/src/install/panda_ros2_gazebo/share/panda_ros2_gazebo/package.dsv'
[0.789s] INFO:colcon.colcon_core.shell:Creating package script '/home/manideep/FrankaSimulator_Ws/src/install/panda_ros2_gazebo/share/panda_ros2_gazebo/package.sh'
[0.789s] INFO:colcon.colcon_core.shell:Creating package script '/home/manideep/FrankaSimulator_Ws/src/install/panda_ros2_gazebo/share/panda_ros2_gazebo/package.bash'
[0.789s] INFO:colcon.colcon_core.shell:Creating package script '/home/manideep/FrankaSimulator_Ws/src/install/panda_ros2_gazebo/share/panda_ros2_gazebo/package.zsh'
[0.789s] Level 1:colcon.colcon_core.environment:create_file_with_runtime_dependencies(/home/manideep/FrankaSimulator_Ws/src/install/panda_ros2_gazebo/share/colcon-core/packages/panda_ros2_gazebo)
[0.790s] Level 1:colcon.colcon_core.environment:create_environment_scripts_only(gazebo_ros2_control)
[0.790s] Level 1:colcon.colcon_core.environment:checking '/home/manideep/FrankaSimulator_Ws/src/install/gazebo_ros2_control' for CMake module files
[0.791s] DEBUG:colcon.colcon_core.event_handler.log_command:Invoked command in '/home/manideep/FrankaSimulator_Ws/src/build/gazebo_ros2_control' returned '0': CMAKE_PREFIX_PATH=${CMAKE_PREFIX_PATH}:/home/manideep/FrankaSimulator_Ws/install/teleop_keyboard_pkg:/home/manideep/ws_moveit2/install/moveit_configs_utils:/home/manideep/ws_moveit2/install/launch_param_builder:/opt/ros/humble /usr/bin/cmake --install /home/manideep/FrankaSimulator_Ws/src/build/gazebo_ros2_control
[0.791s] Level 1:colcon.colcon_core.environment:checking '/home/manideep/FrankaSimulator_Ws/src/install/gazebo_ros2_control' for CMake config files
[0.791s] Level 1:colcon.colcon_core.shell:create_environment_hook('gazebo_ros2_control', 'cmake_prefix_path')
[0.791s] INFO:colcon.colcon_core.shell:Creating environment hook '/home/manideep/FrankaSimulator_Ws/src/install/gazebo_ros2_control/share/gazebo_ros2_control/hook/cmake_prefix_path.ps1'
[0.791s] INFO:colcon.colcon_core.shell:Creating environment descriptor '/home/manideep/FrankaSimulator_Ws/src/install/gazebo_ros2_control/share/gazebo_ros2_control/hook/cmake_prefix_path.dsv'
[0.792s] INFO:colcon.colcon_core.shell:Creating environment hook '/home/manideep/FrankaSimulator_Ws/src/install/gazebo_ros2_control/share/gazebo_ros2_control/hook/cmake_prefix_path.sh'
[0.792s] Level 1:colcon.colcon_core.environment:checking '/home/manideep/FrankaSimulator_Ws/src/install/gazebo_ros2_control/lib'
[0.792s] Level 1:colcon.colcon_core.shell:create_environment_hook('gazebo_ros2_control', 'ld_library_path_lib')
[0.792s] INFO:colcon.colcon_core.shell:Creating environment hook '/home/manideep/FrankaSimulator_Ws/src/install/gazebo_ros2_control/share/gazebo_ros2_control/hook/ld_library_path_lib.ps1'
[0.793s] INFO:colcon.colcon_core.shell:Creating environment descriptor '/home/manideep/FrankaSimulator_Ws/src/install/gazebo_ros2_control/share/gazebo_ros2_control/hook/ld_library_path_lib.dsv'
[0.793s] INFO:colcon.colcon_core.shell:Creating environment hook '/home/manideep/FrankaSimulator_Ws/src/install/gazebo_ros2_control/share/gazebo_ros2_control/hook/ld_library_path_lib.sh'
[0.793s] Level 1:colcon.colcon_core.environment:checking '/home/manideep/FrankaSimulator_Ws/src/install/gazebo_ros2_control/bin'
[0.793s] Level 1:colcon.colcon_core.environment:checking '/home/manideep/FrankaSimulator_Ws/src/install/gazebo_ros2_control/lib/pkgconfig/gazebo_ros2_control.pc'
[0.793s] Level 1:colcon.colcon_core.environment:checking '/home/manideep/FrankaSimulator_Ws/src/install/gazebo_ros2_control/lib/python3.10/site-packages'
[0.793s] Level 1:colcon.colcon_core.environment:checking '/home/manideep/FrankaSimulator_Ws/src/install/gazebo_ros2_control/bin'
[0.793s] INFO:colcon.colcon_core.shell:Creating package script '/home/manideep/FrankaSimulator_Ws/src/install/gazebo_ros2_control/share/gazebo_ros2_control/package.ps1'
[0.794s] INFO:colcon.colcon_core.shell:Creating package descriptor '/home/manideep/FrankaSimulator_Ws/src/install/gazebo_ros2_control/share/gazebo_ros2_control/package.dsv'
[0.794s] INFO:colcon.colcon_core.shell:Creating package script '/home/manideep/FrankaSimulator_Ws/src/install/gazebo_ros2_control/share/gazebo_ros2_control/package.sh'
[0.794s] INFO:colcon.colcon_core.shell:Creating package script '/home/manideep/FrankaSimulator_Ws/src/install/gazebo_ros2_control/share/gazebo_ros2_control/package.bash'
[0.794s] INFO:colcon.colcon_core.shell:Creating package script '/home/manideep/FrankaSimulator_Ws/src/install/gazebo_ros2_control/share/gazebo_ros2_control/package.zsh'
[0.794s] Level 1:colcon.colcon_core.environment:create_file_with_runtime_dependencies(/home/manideep/FrankaSimulator_Ws/src/install/gazebo_ros2_control/share/colcon-core/packages/gazebo_ros2_control)
[0.795s] Level 1:colcon.colcon_core.environment:create_environment_scripts_only(gazebo_ros2_control)
[0.795s] Level 1:colcon.colcon_core.environment:checking '/home/manideep/FrankaSimulator_Ws/src/install/gazebo_ros2_control' for CMake module files
[0.795s] Level 1:colcon.colcon_core.environment:checking '/home/manideep/FrankaSimulator_Ws/src/install/gazebo_ros2_control' for CMake config files
[0.795s] Level 1:colcon.colcon_core.shell:create_environment_hook('gazebo_ros2_control', 'cmake_prefix_path')
[0.796s] INFO:colcon.colcon_core.shell:Creating environment hook '/home/manideep/FrankaSimulator_Ws/src/install/gazebo_ros2_control/share/gazebo_ros2_control/hook/cmake_prefix_path.ps1'
[0.796s] INFO:colcon.colcon_core.shell:Creating environment descriptor '/home/manideep/FrankaSimulator_Ws/src/install/gazebo_ros2_control/share/gazebo_ros2_control/hook/cmake_prefix_path.dsv'
[0.796s] INFO:colcon.colcon_core.shell:Creating environment hook '/home/manideep/FrankaSimulator_Ws/src/install/gazebo_ros2_control/share/gazebo_ros2_control/hook/cmake_prefix_path.sh'
[0.796s] Level 1:colcon.colcon_core.environment:checking '/home/manideep/FrankaSimulator_Ws/src/install/gazebo_ros2_control/lib'
[0.796s] Level 1:colcon.colcon_core.shell:create_environment_hook('gazebo_ros2_control', 'ld_library_path_lib')
[0.796s] INFO:colcon.colcon_core.shell:Creating environment hook '/home/manideep/FrankaSimulator_Ws/src/install/gazebo_ros2_control/share/gazebo_ros2_control/hook/ld_library_path_lib.ps1'
[0.797s] INFO:colcon.colcon_core.shell:Creating environment descriptor '/home/manideep/FrankaSimulator_Ws/src/install/gazebo_ros2_control/share/gazebo_ros2_control/hook/ld_library_path_lib.dsv'
[0.797s] INFO:colcon.colcon_core.shell:Creating environment hook '/home/manideep/FrankaSimulator_Ws/src/install/gazebo_ros2_control/share/gazebo_ros2_control/hook/ld_library_path_lib.sh'
[0.797s] Level 1:colcon.colcon_core.environment:checking '/home/manideep/FrankaSimulator_Ws/src/install/gazebo_ros2_control/bin'
[0.797s] Level 1:colcon.colcon_core.environment:checking '/home/manideep/FrankaSimulator_Ws/src/install/gazebo_ros2_control/lib/pkgconfig/gazebo_ros2_control.pc'
[0.797s] Level 1:colcon.colcon_core.environment:checking '/home/manideep/FrankaSimulator_Ws/src/install/gazebo_ros2_control/lib/python3.10/site-packages'
[0.797s] Level 1:colcon.colcon_core.environment:checking '/home/manideep/FrankaSimulator_Ws/src/install/gazebo_ros2_control/bin'
[0.798s] INFO:colcon.colcon_core.shell:Creating package script '/home/manideep/FrankaSimulator_Ws/src/install/gazebo_ros2_control/share/gazebo_ros2_control/package.ps1'
[0.798s] INFO:colcon.colcon_core.shell:Creating package descriptor '/home/manideep/FrankaSimulator_Ws/src/install/gazebo_ros2_control/share/gazebo_ros2_control/package.dsv'
[0.798s] INFO:colcon.colcon_core.shell:Creating package script '/home/manideep/FrankaSimulator_Ws/src/install/gazebo_ros2_control/share/gazebo_ros2_control/package.sh'
[0.798s] INFO:colcon.colcon_core.shell:Creating package script '/home/manideep/FrankaSimulator_Ws/src/install/gazebo_ros2_control/share/gazebo_ros2_control/package.bash'
[0.799s] INFO:colcon.colcon_core.shell:Creating package script '/home/manideep/FrankaSimulator_Ws/src/install/gazebo_ros2_control/share/gazebo_ros2_control/package.zsh'
[0.799s] Level 1:colcon.colcon_core.environment:create_file_with_runtime_dependencies(/home/manideep/FrankaSimulator_Ws/src/install/gazebo_ros2_control/share/colcon-core/packages/gazebo_ros2_control)
[0.799s] INFO:colcon.colcon_ros.task.ament_cmake.build:Building ROS package in '/home/manideep/FrankaSimulator_Ws/src/gazebo_ros2_control/gazebo_ros2_control_demos' with build type 'ament_cmake'
[0.799s] INFO:colcon.colcon_cmake.task.cmake.build:Building CMake package in '/home/manideep/FrankaSimulator_Ws/src/gazebo_ros2_control/gazebo_ros2_control_demos'
[0.799s] INFO:colcon.colcon_core.shell:Skip shell extension 'powershell' for command environment: Not usable outside of PowerShell
[0.799s] DEBUG:colcon.colcon_core.shell:Skip shell extension 'dsv' for command environment
[0.814s] DEBUG:colcon.colcon_core.event_handler.log_command:Invoking command in '/home/manideep/FrankaSimulator_Ws/src/build/gazebo_ros2_control_demos': AMENT_PREFIX_PATH=/home/manideep/FrankaSimulator_Ws/src/install/gazebo_ros2_control:${AMENT_PREFIX_PATH} CMAKE_PREFIX_PATH=/home/manideep/FrankaSimulator_Ws/src/install/gazebo_ros2_control:/home/manideep/FrankaSimulator_Ws/install/ros2_actions:/home/manideep/FrankaSimulator_Ws/install/panda_ros2_moveit2:/home/manideep/FrankaSimulator_Ws/install/ros2_data:/home/manideep/FrankaSimulator_Ws/install/panda_ros2_gazebo:/home/manideep/FrankaSimulator_Ws/install/gazebo_ros2_control_demos:/home/manideep/FrankaSimulator_Ws/install/gazebo_ros2_control:/home/manideep/ws_moveit2/install/pilz_industrial_motion_planner_testutils:/home/manideep/ws_moveit2/install/moveit_runtime:/home/manideep/ws_moveit2/install/moveit2_tutorials:/home/manideep/ws_moveit2/install/moveit:/home/manideep/ws_moveit2/install/moveit_planners:/home/manideep/ws_moveit2/install/pilz_industrial_motion_planner:/home/manideep/ws_moveit2/install/moveit_visual_tools:/home/manideep/ws_moveit2/install/moveit_task_constructor_visualization:/home/manideep/ws_moveit2/install/moveit_task_constructor_demo:/home/manideep/ws_moveit2/install/moveit_task_constructor_capabilities:/home/manideep/ws_moveit2/install/moveit_task_constructor_core:/home/manideep/ws_moveit2/install/moveit_ros_control_interface:/home/manideep/ws_moveit2/install/moveit_plugins:/home/manideep/ws_moveit2/install/moveit_simple_controller_manager:/home/manideep/ws_moveit2/install/moveit_setup_assistant:/home/manideep/ws_moveit2/install/moveit_setup_srdf_plugins:/home/manideep/ws_moveit2/install/moveit_setup_core_plugins:/home/manideep/ws_moveit2/install/moveit_setup_controllers:/home/manideep/ws_moveit2/install/moveit_setup_app_plugins:/home/manideep/ws_moveit2/install/moveit_setup_framework:/home/manideep/ws_moveit2/install/moveit_servo:/home/manideep/ws_moveit2/install/moveit_ros:/home/manideep/ws_moveit2/install/moveit_ros_visualization:/home/manideep/ws_moveit2/install/moveit_hybrid_planning:/home/manideep/ws_moveit2/install/moveit_ros_planning_interface:/home/manideep/ws_moveit2/install/moveit_ros_benchmarks:/home/manideep/ws_moveit2/install/moveit_ros_warehouse:/home/manideep/ws_moveit2/install/moveit_ros_robot_interaction:/home/manideep/ws_moveit2/install/moveit_ros_perception:/home/manideep/ws_moveit2/install/moveit_resources_prbt_pg70_support:/home/manideep/ws_moveit2/install/moveit_resources_prbt_moveit_config:/home/manideep/ws_moveit2/install/moveit_ros_move_group:/home/manideep/ws_moveit2/install/moveit_planners_ompl:/home/manideep/ws_moveit2/install/moveit_ros_planning:/home/manideep/ws_moveit2/install/moveit_ros_occupancy_map_monitor:/home/manideep/ws_moveit2/install/moveit_resources_prbt_ikfast_manipulator_plugin:/home/manideep/ws_moveit2/install/moveit_planners_chomp:/home/manideep/ws_moveit2/install/moveit_kinematics:/home/manideep/ws_moveit2/install/moveit_chomp_optimizer_adapter:/home/manideep/ws_moveit2/install/chomp_motion_planner:/home/manideep/ws_moveit2/install/moveit_core:/home/manideep/ws_moveit2/install/srdfdom:/home/manideep/ws_moveit2/install/rviz_marker_tools:/home/manideep/ws_moveit2/install/rosparam_shortcuts:/home/manideep/ws_moveit2/install/my_environment_package:/home/manideep/ws_moveit2/install/moveit_task_constructor_msgs:/home/manideep/ws_moveit2/install/moveit_resources_prbt_support:/home/manideep/ws_moveit2/install/moveit_resources:/home/manideep/ws_moveit2/install/moveit_resources_pr2_description:/home/manideep/ws_moveit2/install/moveit_resources_panda_moveit_config:/home/manideep/ws_moveit2/install/moveit_resources_panda_description:/home/manideep/ws_moveit2/install/moveit_resources_fanuc_moveit_config:/home/manideep/ws_moveit2/install/moveit_resources_fanuc_description:/home/manideep/ws_moveit2/install/moveit_common:/home/manideep/FrankaSimulator_Ws/install/teleop_keyboard_pkg:/home/manideep/ws_moveit2/install/moveit_configs_utils:/home/manideep/ws_moveit2/install/launch_param_builder:/opt/ros/humble LD_LIBRARY_PATH=/home/manideep/FrankaSimulator_Ws/src/install/gazebo_ros2_control/lib:${LD_LIBRARY_PATH} /usr/bin/cmake --build /home/manideep/FrankaSimulator_Ws/src/build/gazebo_ros2_control_demos -- -j16 -l16
[0.817s] DEBUG:colcon.colcon_core.event_handler.log_command:Invoked command in '/home/manideep/FrankaSimulator_Ws/src/build/ros2_data' returned '0': CMAKE_PREFIX_PATH=${CMAKE_PREFIX_PATH}:/home/manideep/FrankaSimulator_Ws/install/teleop_keyboard_pkg:/home/manideep/ws_moveit2/install/moveit_configs_utils:/home/manideep/ws_moveit2/install/launch_param_builder:/opt/ros/humble /usr/bin/cmake --build /home/manideep/FrankaSimulator_Ws/src/build/ros2_data -- -j16 -l16
[0.819s] DEBUG:colcon.colcon_core.event_handler.log_command:Invoking command in '/home/manideep/FrankaSimulator_Ws/src/build/ros2_data': CMAKE_PREFIX_PATH=${CMAKE_PREFIX_PATH}:/home/manideep/FrankaSimulator_Ws/install/teleop_keyboard_pkg:/home/manideep/ws_moveit2/install/moveit_configs_utils:/home/manideep/ws_moveit2/install/launch_param_builder:/opt/ros/humble /usr/bin/cmake --install /home/manideep/FrankaSimulator_Ws/src/build/ros2_data
[0.869s] Level 1:colcon.colcon_core.environment:create_environment_scripts_only(ros2_data)
[0.870s] Level 1:colcon.colcon_core.environment:checking '/home/manideep/FrankaSimulator_Ws/src/install/ros2_data' for CMake module files
[0.870s] DEBUG:colcon.colcon_core.event_handler.log_command:Invoked command in '/home/manideep/FrankaSimulator_Ws/src/build/ros2_data' returned '0': CMAKE_PREFIX_PATH=${CMAKE_PREFIX_PATH}:/home/manideep/FrankaSimulator_Ws/install/teleop_keyboard_pkg:/home/manideep/ws_moveit2/install/moveit_configs_utils:/home/manideep/ws_moveit2/install/launch_param_builder:/opt/ros/humble /usr/bin/cmake --install /home/manideep/FrankaSimulator_Ws/src/build/ros2_data
[0.871s] Level 1:colcon.colcon_core.environment:checking '/home/manideep/FrankaSimulator_Ws/src/install/ros2_data' for CMake config files
[0.872s] Level 1:colcon.colcon_core.shell:create_environment_hook('ros2_data', 'cmake_prefix_path')
[0.872s] INFO:colcon.colcon_core.shell:Creating environment hook '/home/manideep/FrankaSimulator_Ws/src/install/ros2_data/share/ros2_data/hook/cmake_prefix_path.ps1'
[0.872s] INFO:colcon.colcon_core.shell:Creating environment descriptor '/home/manideep/FrankaSimulator_Ws/src/install/ros2_data/share/ros2_data/hook/cmake_prefix_path.dsv'
[0.873s] INFO:colcon.colcon_core.shell:Creating environment hook '/home/manideep/FrankaSimulator_Ws/src/install/ros2_data/share/ros2_data/hook/cmake_prefix_path.sh'
[0.874s] Level 1:colcon.colcon_core.environment:checking '/home/manideep/FrankaSimulator_Ws/src/install/ros2_data/lib'
[0.874s] Level 1:colcon.colcon_core.shell:create_environment_hook('ros2_data', 'ld_library_path_lib')
[0.874s] INFO:colcon.colcon_core.shell:Creating environment hook '/home/manideep/FrankaSimulator_Ws/src/install/ros2_data/share/ros2_data/hook/ld_library_path_lib.ps1'
[0.875s] INFO:colcon.colcon_core.shell:Creating environment descriptor '/home/manideep/FrankaSimulator_Ws/src/install/ros2_data/share/ros2_data/hook/ld_library_path_lib.dsv'
[0.875s] INFO:colcon.colcon_core.shell:Creating environment hook '/home/manideep/FrankaSimulator_Ws/src/install/ros2_data/share/ros2_data/hook/ld_library_path_lib.sh'
[0.876s] Level 1:colcon.colcon_core.environment:checking '/home/manideep/FrankaSimulator_Ws/src/install/ros2_data/bin'
[0.876s] Level 1:colcon.colcon_core.environment:checking '/home/manideep/FrankaSimulator_Ws/src/install/ros2_data/lib/pkgconfig/ros2_data.pc'
[0.876s] Level 1:colcon.colcon_core.environment:checking '/home/manideep/FrankaSimulator_Ws/src/install/ros2_data/lib/python3.10/site-packages'
[0.876s] Level 1:colcon.colcon_core.shell:create_environment_hook('ros2_data', 'pythonpath')
[0.876s] INFO:colcon.colcon_core.shell:Creating environment hook '/home/manideep/FrankaSimulator_Ws/src/install/ros2_data/share/ros2_data/hook/pythonpath.ps1'
[0.876s] INFO:colcon.colcon_core.shell:Creating environment descriptor '/home/manideep/FrankaSimulator_Ws/src/install/ros2_data/share/ros2_data/hook/pythonpath.dsv'
[0.876s] INFO:colcon.colcon_core.shell:Creating environment hook '/home/manideep/FrankaSimulator_Ws/src/install/ros2_data/share/ros2_data/hook/pythonpath.sh'
[0.877s] Level 1:colcon.colcon_core.environment:checking '/home/manideep/FrankaSimulator_Ws/src/install/ros2_data/bin'
[0.877s] INFO:colcon.colcon_core.shell:Creating package script '/home/manideep/FrankaSimulator_Ws/src/install/ros2_data/share/ros2_data/package.ps1'
[0.877s] INFO:colcon.colcon_core.shell:Creating package descriptor '/home/manideep/FrankaSimulator_Ws/src/install/ros2_data/share/ros2_data/package.dsv'
[0.877s] INFO:colcon.colcon_core.shell:Creating package script '/home/manideep/FrankaSimulator_Ws/src/install/ros2_data/share/ros2_data/package.sh'
[0.878s] INFO:colcon.colcon_core.shell:Creating package script '/home/manideep/FrankaSimulator_Ws/src/install/ros2_data/share/ros2_data/package.bash'
[0.878s] INFO:colcon.colcon_core.shell:Creating package script '/home/manideep/FrankaSimulator_Ws/src/install/ros2_data/share/ros2_data/package.zsh'
[0.878s] Level 1:colcon.colcon_core.environment:create_file_with_runtime_dependencies(/home/manideep/FrankaSimulator_Ws/src/install/ros2_data/share/colcon-core/packages/ros2_data)
[0.878s] Level 1:colcon.colcon_core.environment:create_environment_scripts_only(ros2_data)
[0.879s] Level 1:colcon.colcon_core.environment:checking '/home/manideep/FrankaSimulator_Ws/src/install/ros2_data' for CMake module files
[0.879s] Level 1:colcon.colcon_core.environment:checking '/home/manideep/FrankaSimulator_Ws/src/install/ros2_data' for CMake config files
[0.879s] Level 1:colcon.colcon_core.shell:create_environment_hook('ros2_data', 'cmake_prefix_path')
[0.879s] INFO:colcon.colcon_core.shell:Creating environment hook '/home/manideep/FrankaSimulator_Ws/src/install/ros2_data/share/ros2_data/hook/cmake_prefix_path.ps1'
[0.880s] INFO:colcon.colcon_core.shell:Creating environment descriptor '/home/manideep/FrankaSimulator_Ws/src/install/ros2_data/share/ros2_data/hook/cmake_prefix_path.dsv'
[0.880s] INFO:colcon.colcon_core.shell:Creating environment hook '/home/manideep/FrankaSimulator_Ws/src/install/ros2_data/share/ros2_data/hook/cmake_prefix_path.sh'
[0.880s] Level 1:colcon.colcon_core.environment:checking '/home/manideep/FrankaSimulator_Ws/src/install/ros2_data/lib'
[0.880s] Level 1:colcon.colcon_core.shell:create_environment_hook('ros2_data', 'ld_library_path_lib')
[0.881s] INFO:colcon.colcon_core.shell:Creating environment hook '/home/manideep/FrankaSimulator_Ws/src/install/ros2_data/share/ros2_data/hook/ld_library_path_lib.ps1'
[0.881s] INFO:colcon.colcon_core.shell:Creating environment descriptor '/home/manideep/FrankaSimulator_Ws/src/install/ros2_data/share/ros2_data/hook/ld_library_path_lib.dsv'
[0.881s] INFO:colcon.colcon_core.shell:Creating environment hook '/home/manideep/FrankaSimulator_Ws/src/install/ros2_data/share/ros2_data/hook/ld_library_path_lib.sh'
[0.882s] Level 1:colcon.colcon_core.environment:checking '/home/manideep/FrankaSimulator_Ws/src/install/ros2_data/bin'
[0.882s] Level 1:colcon.colcon_core.environment:checking '/home/manideep/FrankaSimulator_Ws/src/install/ros2_data/lib/pkgconfig/ros2_data.pc'
[0.882s] Level 1:colcon.colcon_core.environment:checking '/home/manideep/FrankaSimulator_Ws/src/install/ros2_data/lib/python3.10/site-packages'
[0.882s] Level 1:colcon.colcon_core.shell:create_environment_hook('ros2_data', 'pythonpath')
[0.882s] INFO:colcon.colcon_core.shell:Creating environment hook '/home/manideep/FrankaSimulator_Ws/src/install/ros2_data/share/ros2_data/hook/pythonpath.ps1'
[0.882s] INFO:colcon.colcon_core.shell:Creating environment descriptor '/home/manideep/FrankaSimulator_Ws/src/install/ros2_data/share/ros2_data/hook/pythonpath.dsv'
[0.882s] INFO:colcon.colcon_core.shell:Creating environment hook '/home/manideep/FrankaSimulator_Ws/src/install/ros2_data/share/ros2_data/hook/pythonpath.sh'
[0.883s] Level 1:colcon.colcon_core.environment:checking '/home/manideep/FrankaSimulator_Ws/src/install/ros2_data/bin'
[0.883s] INFO:colcon.colcon_core.shell:Creating package script '/home/manideep/FrankaSimulator_Ws/src/install/ros2_data/share/ros2_data/package.ps1'
[0.884s] INFO:colcon.colcon_core.shell:Creating package descriptor '/home/manideep/FrankaSimulator_Ws/src/install/ros2_data/share/ros2_data/package.dsv'
[0.884s] INFO:colcon.colcon_core.shell:Creating package script '/home/manideep/FrankaSimulator_Ws/src/install/ros2_data/share/ros2_data/package.sh'
[0.884s] INFO:colcon.colcon_core.shell:Creating package script '/home/manideep/FrankaSimulator_Ws/src/install/ros2_data/share/ros2_data/package.bash'
[0.885s] INFO:colcon.colcon_core.shell:Creating package script '/home/manideep/FrankaSimulator_Ws/src/install/ros2_data/share/ros2_data/package.zsh'
[0.885s] Level 1:colcon.colcon_core.environment:create_file_with_runtime_dependencies(/home/manideep/FrankaSimulator_Ws/src/install/ros2_data/share/colcon-core/packages/ros2_data)
[0.885s] INFO:colcon.colcon_ros.task.ament_cmake.build:Building ROS package in '/home/manideep/FrankaSimulator_Ws/src/PandaRobot/panda_ros2_moveit2' with build type 'ament_cmake'
[0.885s] INFO:colcon.colcon_cmake.task.cmake.build:Building CMake package in '/home/manideep/FrankaSimulator_Ws/src/PandaRobot/panda_ros2_moveit2'
[0.885s] INFO:colcon.colcon_core.shell:Skip shell extension 'powershell' for command environment: Not usable outside of PowerShell
[0.885s] DEBUG:colcon.colcon_core.shell:Skip shell extension 'dsv' for command environment
[0.890s] INFO:colcon.colcon_ros.task.ament_cmake.build:Building ROS package in '/home/manideep/FrankaSimulator_Ws/src/ros2_actions' with build type 'ament_cmake'
[0.890s] INFO:colcon.colcon_cmake.task.cmake.build:Building CMake package in '/home/manideep/FrankaSimulator_Ws/src/ros2_actions'
[0.890s] INFO:colcon.colcon_core.shell:Skip shell extension 'powershell' for command environment: Not usable outside of PowerShell
[0.890s] DEBUG:colcon.colcon_core.shell:Skip shell extension 'dsv' for command environment
[0.896s] DEBUG:colcon.colcon_core.event_handler.log_command:Invoked command in '/home/manideep/FrankaSimulator_Ws/src/build/gazebo_ros2_control_demos' returned '0': AMENT_PREFIX_PATH=/home/manideep/FrankaSimulator_Ws/src/install/gazebo_ros2_control:${AMENT_PREFIX_PATH} CMAKE_PREFIX_PATH=/home/manideep/FrankaSimulator_Ws/src/install/gazebo_ros2_control:/home/manideep/FrankaSimulator_Ws/install/ros2_actions:/home/manideep/FrankaSimulator_Ws/install/panda_ros2_moveit2:/home/manideep/FrankaSimulator_Ws/install/ros2_data:/home/manideep/FrankaSimulator_Ws/install/panda_ros2_gazebo:/home/manideep/FrankaSimulator_Ws/install/gazebo_ros2_control_demos:/home/manideep/FrankaSimulator_Ws/install/gazebo_ros2_control:/home/manideep/ws_moveit2/install/pilz_industrial_motion_planner_testutils:/home/manideep/ws_moveit2/install/moveit_runtime:/home/manideep/ws_moveit2/install/moveit2_tutorials:/home/manideep/ws_moveit2/install/moveit:/home/manideep/ws_moveit2/install/moveit_planners:/home/manideep/ws_moveit2/install/pilz_industrial_motion_planner:/home/manideep/ws_moveit2/install/moveit_visual_tools:/home/manideep/ws_moveit2/install/moveit_task_constructor_visualization:/home/manideep/ws_moveit2/install/moveit_task_constructor_demo:/home/manideep/ws_moveit2/install/moveit_task_constructor_capabilities:/home/manideep/ws_moveit2/install/moveit_task_constructor_core:/home/manideep/ws_moveit2/install/moveit_ros_control_interface:/home/manideep/ws_moveit2/install/moveit_plugins:/home/manideep/ws_moveit2/install/moveit_simple_controller_manager:/home/manideep/ws_moveit2/install/moveit_setup_assistant:/home/manideep/ws_moveit2/install/moveit_setup_srdf_plugins:/home/manideep/ws_moveit2/install/moveit_setup_core_plugins:/home/manideep/ws_moveit2/install/moveit_setup_controllers:/home/manideep/ws_moveit2/install/moveit_setup_app_plugins:/home/manideep/ws_moveit2/install/moveit_setup_framework:/home/manideep/ws_moveit2/install/moveit_servo:/home/manideep/ws_moveit2/install/moveit_ros:/home/manideep/ws_moveit2/install/moveit_ros_visualization:/home/manideep/ws_moveit2/install/moveit_hybrid_planning:/home/manideep/ws_moveit2/install/moveit_ros_planning_interface:/home/manideep/ws_moveit2/install/moveit_ros_benchmarks:/home/manideep/ws_moveit2/install/moveit_ros_warehouse:/home/manideep/ws_moveit2/install/moveit_ros_robot_interaction:/home/manideep/ws_moveit2/install/moveit_ros_perception:/home/manideep/ws_moveit2/install/moveit_resources_prbt_pg70_support:/home/manideep/ws_moveit2/install/moveit_resources_prbt_moveit_config:/home/manideep/ws_moveit2/install/moveit_ros_move_group:/home/manideep/ws_moveit2/install/moveit_planners_ompl:/home/manideep/ws_moveit2/install/moveit_ros_planning:/home/manideep/ws_moveit2/install/moveit_ros_occupancy_map_monitor:/home/manideep/ws_moveit2/install/moveit_resources_prbt_ikfast_manipulator_plugin:/home/manideep/ws_moveit2/install/moveit_planners_chomp:/home/manideep/ws_moveit2/install/moveit_kinematics:/home/manideep/ws_moveit2/install/moveit_chomp_optimizer_adapter:/home/manideep/ws_moveit2/install/chomp_motion_planner:/home/manideep/ws_moveit2/install/moveit_core:/home/manideep/ws_moveit2/install/srdfdom:/home/manideep/ws_moveit2/install/rviz_marker_tools:/home/manideep/ws_moveit2/install/rosparam_shortcuts:/home/manideep/ws_moveit2/install/my_environment_package:/home/manideep/ws_moveit2/install/moveit_task_constructor_msgs:/home/manideep/ws_moveit2/install/moveit_resources_prbt_support:/home/manideep/ws_moveit2/install/moveit_resources:/home/manideep/ws_moveit2/install/moveit_resources_pr2_description:/home/manideep/ws_moveit2/install/moveit_resources_panda_moveit_config:/home/manideep/ws_moveit2/install/moveit_resources_panda_description:/home/manideep/ws_moveit2/install/moveit_resources_fanuc_moveit_config:/home/manideep/ws_moveit2/install/moveit_resources_fanuc_description:/home/manideep/ws_moveit2/install/moveit_common:/home/manideep/FrankaSimulator_Ws/install/teleop_keyboard_pkg:/home/manideep/ws_moveit2/install/moveit_configs_utils:/home/manideep/ws_moveit2/install/launch_param_builder:/opt/ros/humble LD_LIBRARY_PATH=/home/manideep/FrankaSimulator_Ws/src/install/gazebo_ros2_control/lib:${LD_LIBRARY_PATH} /usr/bin/cmake --build /home/manideep/FrankaSimulator_Ws/src/build/gazebo_ros2_control_demos -- -j16 -l16
[0.899s] DEBUG:colcon.colcon_core.event_handler.log_command:Invoking command in '/home/manideep/FrankaSimulator_Ws/src/build/gazebo_ros2_control_demos': AMENT_PREFIX_PATH=/home/manideep/FrankaSimulator_Ws/src/install/gazebo_ros2_control:${AMENT_PREFIX_PATH} CMAKE_PREFIX_PATH=/home/manideep/FrankaSimulator_Ws/src/install/gazebo_ros2_control:/home/manideep/FrankaSimulator_Ws/install/ros2_actions:/home/manideep/FrankaSimulator_Ws/install/panda_ros2_moveit2:/home/manideep/FrankaSimulator_Ws/install/ros2_data:/home/manideep/FrankaSimulator_Ws/install/panda_ros2_gazebo:/home/manideep/FrankaSimulator_Ws/install/gazebo_ros2_control_demos:/home/manideep/FrankaSimulator_Ws/install/gazebo_ros2_control:/home/manideep/ws_moveit2/install/pilz_industrial_motion_planner_testutils:/home/manideep/ws_moveit2/install/moveit_runtime:/home/manideep/ws_moveit2/install/moveit2_tutorials:/home/manideep/ws_moveit2/install/moveit:/home/manideep/ws_moveit2/install/moveit_planners:/home/manideep/ws_moveit2/install/pilz_industrial_motion_planner:/home/manideep/ws_moveit2/install/moveit_visual_tools:/home/manideep/ws_moveit2/install/moveit_task_constructor_visualization:/home/manideep/ws_moveit2/install/moveit_task_constructor_demo:/home/manideep/ws_moveit2/install/moveit_task_constructor_capabilities:/home/manideep/ws_moveit2/install/moveit_task_constructor_core:/home/manideep/ws_moveit2/install/moveit_ros_control_interface:/home/manideep/ws_moveit2/install/moveit_plugins:/home/manideep/ws_moveit2/install/moveit_simple_controller_manager:/home/manideep/ws_moveit2/install/moveit_setup_assistant:/home/manideep/ws_moveit2/install/moveit_setup_srdf_plugins:/home/manideep/ws_moveit2/install/moveit_setup_core_plugins:/home/manideep/ws_moveit2/install/moveit_setup_controllers:/home/manideep/ws_moveit2/install/moveit_setup_app_plugins:/home/manideep/ws_moveit2/install/moveit_setup_framework:/home/manideep/ws_moveit2/install/moveit_servo:/home/manideep/ws_moveit2/install/moveit_ros:/home/manideep/ws_moveit2/install/moveit_ros_visualization:/home/manideep/ws_moveit2/install/moveit_hybrid_planning:/home/manideep/ws_moveit2/install/moveit_ros_planning_interface:/home/manideep/ws_moveit2/install/moveit_ros_benchmarks:/home/manideep/ws_moveit2/install/moveit_ros_warehouse:/home/manideep/ws_moveit2/install/moveit_ros_robot_interaction:/home/manideep/ws_moveit2/install/moveit_ros_perception:/home/manideep/ws_moveit2/install/moveit_resources_prbt_pg70_support:/home/manideep/ws_moveit2/install/moveit_resources_prbt_moveit_config:/home/manideep/ws_moveit2/install/moveit_ros_move_group:/home/manideep/ws_moveit2/install/moveit_planners_ompl:/home/manideep/ws_moveit2/install/moveit_ros_planning:/home/manideep/ws_moveit2/install/moveit_ros_occupancy_map_monitor:/home/manideep/ws_moveit2/install/moveit_resources_prbt_ikfast_manipulator_plugin:/home/manideep/ws_moveit2/install/moveit_planners_chomp:/home/manideep/ws_moveit2/install/moveit_kinematics:/home/manideep/ws_moveit2/install/moveit_chomp_optimizer_adapter:/home/manideep/ws_moveit2/install/chomp_motion_planner:/home/manideep/ws_moveit2/install/moveit_core:/home/manideep/ws_moveit2/install/srdfdom:/home/manideep/ws_moveit2/install/rviz_marker_tools:/home/manideep/ws_moveit2/install/rosparam_shortcuts:/home/manideep/ws_moveit2/install/my_environment_package:/home/manideep/ws_moveit2/install/moveit_task_constructor_msgs:/home/manideep/ws_moveit2/install/moveit_resources_prbt_support:/home/manideep/ws_moveit2/install/moveit_resources:/home/manideep/ws_moveit2/install/moveit_resources_pr2_description:/home/manideep/ws_moveit2/install/moveit_resources_panda_moveit_config:/home/manideep/ws_moveit2/install/moveit_resources_panda_description:/home/manideep/ws_moveit2/install/moveit_resources_fanuc_moveit_config:/home/manideep/ws_moveit2/install/moveit_resources_fanuc_description:/home/manideep/ws_moveit2/install/moveit_common:/home/manideep/FrankaSimulator_Ws/install/teleop_keyboard_pkg:/home/manideep/ws_moveit2/install/moveit_configs_utils:/home/manideep/ws_moveit2/install/launch_param_builder:/opt/ros/humble LD_LIBRARY_PATH=/home/manideep/FrankaSimulator_Ws/src/install/gazebo_ros2_control/lib:${LD_LIBRARY_PATH} /usr/bin/cmake --install /home/manideep/FrankaSimulator_Ws/src/build/gazebo_ros2_control_demos
[0.904s] DEBUG:colcon.colcon_core.event_handler.log_command:Invoking command in '/home/manideep/FrankaSimulator_Ws/src/build/panda_ros2_moveit2': AMENT_PREFIX_PATH=/home/manideep/FrankaSimulator_Ws/src/install/ros2_data:${AMENT_PREFIX_PATH} CMAKE_PREFIX_PATH=/home/manideep/FrankaSimulator_Ws/src/install/ros2_data:/home/manideep/FrankaSimulator_Ws/install/ros2_actions:/home/manideep/FrankaSimulator_Ws/install/panda_ros2_moveit2:/home/manideep/FrankaSimulator_Ws/install/ros2_data:/home/manideep/FrankaSimulator_Ws/install/panda_ros2_gazebo:/home/manideep/FrankaSimulator_Ws/install/gazebo_ros2_control_demos:/home/manideep/FrankaSimulator_Ws/install/gazebo_ros2_control:/home/manideep/ws_moveit2/install/pilz_industrial_motion_planner_testutils:/home/manideep/ws_moveit2/install/moveit_runtime:/home/manideep/ws_moveit2/install/moveit2_tutorials:/home/manideep/ws_moveit2/install/moveit:/home/manideep/ws_moveit2/install/moveit_planners:/home/manideep/ws_moveit2/install/pilz_industrial_motion_planner:/home/manideep/ws_moveit2/install/moveit_visual_tools:/home/manideep/ws_moveit2/install/moveit_task_constructor_visualization:/home/manideep/ws_moveit2/install/moveit_task_constructor_demo:/home/manideep/ws_moveit2/install/moveit_task_constructor_capabilities:/home/manideep/ws_moveit2/install/moveit_task_constructor_core:/home/manideep/ws_moveit2/install/moveit_ros_control_interface:/home/manideep/ws_moveit2/install/moveit_plugins:/home/manideep/ws_moveit2/install/moveit_simple_controller_manager:/home/manideep/ws_moveit2/install/moveit_setup_assistant:/home/manideep/ws_moveit2/install/moveit_setup_srdf_plugins:/home/manideep/ws_moveit2/install/moveit_setup_core_plugins:/home/manideep/ws_moveit2/install/moveit_setup_controllers:/home/manideep/ws_moveit2/install/moveit_setup_app_plugins:/home/manideep/ws_moveit2/install/moveit_setup_framework:/home/manideep/ws_moveit2/install/moveit_servo:/home/manideep/ws_moveit2/install/moveit_ros:/home/manideep/ws_moveit2/install/moveit_ros_visualization:/home/manideep/ws_moveit2/install/moveit_hybrid_planning:/home/manideep/ws_moveit2/install/moveit_ros_planning_interface:/home/manideep/ws_moveit2/install/moveit_ros_benchmarks:/home/manideep/ws_moveit2/install/moveit_ros_warehouse:/home/manideep/ws_moveit2/install/moveit_ros_robot_interaction:/home/manideep/ws_moveit2/install/moveit_ros_perception:/home/manideep/ws_moveit2/install/moveit_resources_prbt_pg70_support:/home/manideep/ws_moveit2/install/moveit_resources_prbt_moveit_config:/home/manideep/ws_moveit2/install/moveit_ros_move_group:/home/manideep/ws_moveit2/install/moveit_planners_ompl:/home/manideep/ws_moveit2/install/moveit_ros_planning:/home/manideep/ws_moveit2/install/moveit_ros_occupancy_map_monitor:/home/manideep/ws_moveit2/install/moveit_resources_prbt_ikfast_manipulator_plugin:/home/manideep/ws_moveit2/install/moveit_planners_chomp:/home/manideep/ws_moveit2/install/moveit_kinematics:/home/manideep/ws_moveit2/install/moveit_chomp_optimizer_adapter:/home/manideep/ws_moveit2/install/chomp_motion_planner:/home/manideep/ws_moveit2/install/moveit_core:/home/manideep/ws_moveit2/install/srdfdom:/home/manideep/ws_moveit2/install/rviz_marker_tools:/home/manideep/ws_moveit2/install/rosparam_shortcuts:/home/manideep/ws_moveit2/install/my_environment_package:/home/manideep/ws_moveit2/install/moveit_task_constructor_msgs:/home/manideep/ws_moveit2/install/moveit_resources_prbt_support:/home/manideep/ws_moveit2/install/moveit_resources:/home/manideep/ws_moveit2/install/moveit_resources_pr2_description:/home/manideep/ws_moveit2/install/moveit_resources_panda_moveit_config:/home/manideep/ws_moveit2/install/moveit_resources_panda_description:/home/manideep/ws_moveit2/install/moveit_resources_fanuc_moveit_config:/home/manideep/ws_moveit2/install/moveit_resources_fanuc_description:/home/manideep/ws_moveit2/install/moveit_common:/home/manideep/FrankaSimulator_Ws/install/teleop_keyboard_pkg:/home/manideep/ws_moveit2/install/moveit_configs_utils:/home/manideep/ws_moveit2/install/launch_param_builder:/opt/ros/humble LD_LIBRARY_PATH=/home/manideep/FrankaSimulator_Ws/src/install/ros2_data/lib:${LD_LIBRARY_PATH} PYTHONPATH=/home/manideep/FrankaSimulator_Ws/src/install/ros2_data/lib/python3.10/site-packages:${PYTHONPATH} /usr/bin/cmake --build /home/manideep/FrankaSimulator_Ws/src/build/panda_ros2_moveit2 -- -j16 -l16
[0.906s] DEBUG:colcon.colcon_core.event_handler.log_command:Invoking command in '/home/manideep/FrankaSimulator_Ws/src/build/ros2_actions': AMENT_PREFIX_PATH=/home/manideep/FrankaSimulator_Ws/src/install/ros2_data:${AMENT_PREFIX_PATH} CMAKE_PREFIX_PATH=/home/manideep/FrankaSimulator_Ws/src/install/ros2_data:/home/manideep/FrankaSimulator_Ws/install/ros2_actions:/home/manideep/FrankaSimulator_Ws/install/panda_ros2_moveit2:/home/manideep/FrankaSimulator_Ws/install/ros2_data:/home/manideep/FrankaSimulator_Ws/install/panda_ros2_gazebo:/home/manideep/FrankaSimulator_Ws/install/gazebo_ros2_control_demos:/home/manideep/FrankaSimulator_Ws/install/gazebo_ros2_control:/home/manideep/ws_moveit2/install/pilz_industrial_motion_planner_testutils:/home/manideep/ws_moveit2/install/moveit_runtime:/home/manideep/ws_moveit2/install/moveit2_tutorials:/home/manideep/ws_moveit2/install/moveit:/home/manideep/ws_moveit2/install/moveit_planners:/home/manideep/ws_moveit2/install/pilz_industrial_motion_planner:/home/manideep/ws_moveit2/install/moveit_visual_tools:/home/manideep/ws_moveit2/install/moveit_task_constructor_visualization:/home/manideep/ws_moveit2/install/moveit_task_constructor_demo:/home/manideep/ws_moveit2/install/moveit_task_constructor_capabilities:/home/manideep/ws_moveit2/install/moveit_task_constructor_core:/home/manideep/ws_moveit2/install/moveit_ros_control_interface:/home/manideep/ws_moveit2/install/moveit_plugins:/home/manideep/ws_moveit2/install/moveit_simple_controller_manager:/home/manideep/ws_moveit2/install/moveit_setup_assistant:/home/manideep/ws_moveit2/install/moveit_setup_srdf_plugins:/home/manideep/ws_moveit2/install/moveit_setup_core_plugins:/home/manideep/ws_moveit2/install/moveit_setup_controllers:/home/manideep/ws_moveit2/install/moveit_setup_app_plugins:/home/manideep/ws_moveit2/install/moveit_setup_framework:/home/manideep/ws_moveit2/install/moveit_servo:/home/manideep/ws_moveit2/install/moveit_ros:/home/manideep/ws_moveit2/install/moveit_ros_visualization:/home/manideep/ws_moveit2/install/moveit_hybrid_planning:/home/manideep/ws_moveit2/install/moveit_ros_planning_interface:/home/manideep/ws_moveit2/install/moveit_ros_benchmarks:/home/manideep/ws_moveit2/install/moveit_ros_warehouse:/home/manideep/ws_moveit2/install/moveit_ros_robot_interaction:/home/manideep/ws_moveit2/install/moveit_ros_perception:/home/manideep/ws_moveit2/install/moveit_resources_prbt_pg70_support:/home/manideep/ws_moveit2/install/moveit_resources_prbt_moveit_config:/home/manideep/ws_moveit2/install/moveit_ros_move_group:/home/manideep/ws_moveit2/install/moveit_planners_ompl:/home/manideep/ws_moveit2/install/moveit_ros_planning:/home/manideep/ws_moveit2/install/moveit_ros_occupancy_map_monitor:/home/manideep/ws_moveit2/install/moveit_resources_prbt_ikfast_manipulator_plugin:/home/manideep/ws_moveit2/install/moveit_planners_chomp:/home/manideep/ws_moveit2/install/moveit_kinematics:/home/manideep/ws_moveit2/install/moveit_chomp_optimizer_adapter:/home/manideep/ws_moveit2/install/chomp_motion_planner:/home/manideep/ws_moveit2/install/moveit_core:/home/manideep/ws_moveit2/install/srdfdom:/home/manideep/ws_moveit2/install/rviz_marker_tools:/home/manideep/ws_moveit2/install/rosparam_shortcuts:/home/manideep/ws_moveit2/install/my_environment_package:/home/manideep/ws_moveit2/install/moveit_task_constructor_msgs:/home/manideep/ws_moveit2/install/moveit_resources_prbt_support:/home/manideep/ws_moveit2/install/moveit_resources:/home/manideep/ws_moveit2/install/moveit_resources_pr2_description:/home/manideep/ws_moveit2/install/moveit_resources_panda_moveit_config:/home/manideep/ws_moveit2/install/moveit_resources_panda_description:/home/manideep/ws_moveit2/install/moveit_resources_fanuc_moveit_config:/home/manideep/ws_moveit2/install/moveit_resources_fanuc_description:/home/manideep/ws_moveit2/install/moveit_common:/home/manideep/FrankaSimulator_Ws/install/teleop_keyboard_pkg:/home/manideep/ws_moveit2/install/moveit_configs_utils:/home/manideep/ws_moveit2/install/launch_param_builder:/opt/ros/humble LD_LIBRARY_PATH=/home/manideep/FrankaSimulator_Ws/src/install/ros2_data/lib:${LD_LIBRARY_PATH} PYTHONPATH=/home/manideep/FrankaSimulator_Ws/src/install/ros2_data/lib/python3.10/site-packages:${PYTHONPATH} /usr/bin/cmake --build /home/manideep/FrankaSimulator_Ws/src/build/ros2_actions -- -j16 -l16
[0.908s] Level 1:colcon.colcon_core.environment:create_environment_scripts_only(gazebo_ros2_control_demos)
[0.908s] Level 1:colcon.colcon_core.environment:checking '/home/manideep/FrankaSimulator_Ws/src/install/gazebo_ros2_control_demos' for CMake module files
[0.909s] Level 1:colcon.colcon_core.environment:checking '/home/manideep/FrankaSimulator_Ws/src/install/gazebo_ros2_control_demos' for CMake config files
[0.910s] DEBUG:colcon.colcon_core.event_handler.log_command:Invoked command in '/home/manideep/FrankaSimulator_Ws/src/build/gazebo_ros2_control_demos' returned '0': AMENT_PREFIX_PATH=/home/manideep/FrankaSimulator_Ws/src/install/gazebo_ros2_control:${AMENT_PREFIX_PATH} CMAKE_PREFIX_PATH=/home/manideep/FrankaSimulator_Ws/src/install/gazebo_ros2_control:/home/manideep/FrankaSimulator_Ws/install/ros2_actions:/home/manideep/FrankaSimulator_Ws/install/panda_ros2_moveit2:/home/manideep/FrankaSimulator_Ws/install/ros2_data:/home/manideep/FrankaSimulator_Ws/install/panda_ros2_gazebo:/home/manideep/FrankaSimulator_Ws/install/gazebo_ros2_control_demos:/home/manideep/FrankaSimulator_Ws/install/gazebo_ros2_control:/home/manideep/ws_moveit2/install/pilz_industrial_motion_planner_testutils:/home/manideep/ws_moveit2/install/moveit_runtime:/home/manideep/ws_moveit2/install/moveit2_tutorials:/home/manideep/ws_moveit2/install/moveit:/home/manideep/ws_moveit2/install/moveit_planners:/home/manideep/ws_moveit2/install/pilz_industrial_motion_planner:/home/manideep/ws_moveit2/install/moveit_visual_tools:/home/manideep/ws_moveit2/install/moveit_task_constructor_visualization:/home/manideep/ws_moveit2/install/moveit_task_constructor_demo:/home/manideep/ws_moveit2/install/moveit_task_constructor_capabilities:/home/manideep/ws_moveit2/install/moveit_task_constructor_core:/home/manideep/ws_moveit2/install/moveit_ros_control_interface:/home/manideep/ws_moveit2/install/moveit_plugins:/home/manideep/ws_moveit2/install/moveit_simple_controller_manager:/home/manideep/ws_moveit2/install/moveit_setup_assistant:/home/manideep/ws_moveit2/install/moveit_setup_srdf_plugins:/home/manideep/ws_moveit2/install/moveit_setup_core_plugins:/home/manideep/ws_moveit2/install/moveit_setup_controllers:/home/manideep/ws_moveit2/install/moveit_setup_app_plugins:/home/manideep/ws_moveit2/install/moveit_setup_framework:/home/manideep/ws_moveit2/install/moveit_servo:/home/manideep/ws_moveit2/install/moveit_ros:/home/manideep/ws_moveit2/install/moveit_ros_visualization:/home/manideep/ws_moveit2/install/moveit_hybrid_planning:/home/manideep/ws_moveit2/install/moveit_ros_planning_interface:/home/manideep/ws_moveit2/install/moveit_ros_benchmarks:/home/manideep/ws_moveit2/install/moveit_ros_warehouse:/home/manideep/ws_moveit2/install/moveit_ros_robot_interaction:/home/manideep/ws_moveit2/install/moveit_ros_perception:/home/manideep/ws_moveit2/install/moveit_resources_prbt_pg70_support:/home/manideep/ws_moveit2/install/moveit_resources_prbt_moveit_config:/home/manideep/ws_moveit2/install/moveit_ros_move_group:/home/manideep/ws_moveit2/install/moveit_planners_ompl:/home/manideep/ws_moveit2/install/moveit_ros_planning:/home/manideep/ws_moveit2/install/moveit_ros_occupancy_map_monitor:/home/manideep/ws_moveit2/install/moveit_resources_prbt_ikfast_manipulator_plugin:/home/manideep/ws_moveit2/install/moveit_planners_chomp:/home/manideep/ws_moveit2/install/moveit_kinematics:/home/manideep/ws_moveit2/install/moveit_chomp_optimizer_adapter:/home/manideep/ws_moveit2/install/chomp_motion_planner:/home/manideep/ws_moveit2/install/moveit_core:/home/manideep/ws_moveit2/install/srdfdom:/home/manideep/ws_moveit2/install/rviz_marker_tools:/home/manideep/ws_moveit2/install/rosparam_shortcuts:/home/manideep/ws_moveit2/install/my_environment_package:/home/manideep/ws_moveit2/install/moveit_task_constructor_msgs:/home/manideep/ws_moveit2/install/moveit_resources_prbt_support:/home/manideep/ws_moveit2/install/moveit_resources:/home/manideep/ws_moveit2/install/moveit_resources_pr2_description:/home/manideep/ws_moveit2/install/moveit_resources_panda_moveit_config:/home/manideep/ws_moveit2/install/moveit_resources_panda_description:/home/manideep/ws_moveit2/install/moveit_resources_fanuc_moveit_config:/home/manideep/ws_moveit2/install/moveit_resources_fanuc_description:/home/manideep/ws_moveit2/install/moveit_common:/home/manideep/FrankaSimulator_Ws/install/teleop_keyboard_pkg:/home/manideep/ws_moveit2/install/moveit_configs_utils:/home/manideep/ws_moveit2/install/launch_param_builder:/opt/ros/humble LD_LIBRARY_PATH=/home/manideep/FrankaSimulator_Ws/src/install/gazebo_ros2_control/lib:${LD_LIBRARY_PATH} /usr/bin/cmake --install /home/manideep/FrankaSimulator_Ws/src/build/gazebo_ros2_control_demos
[0.910s] Level 1:colcon.colcon_core.shell:create_environment_hook('gazebo_ros2_control_demos', 'cmake_prefix_path')
[0.911s] INFO:colcon.colcon_core.shell:Creating environment hook '/home/manideep/FrankaSimulator_Ws/src/install/gazebo_ros2_control_demos/share/gazebo_ros2_control_demos/hook/cmake_prefix_path.ps1'
[0.911s] INFO:colcon.colcon_core.shell:Creating environment descriptor '/home/manideep/FrankaSimulator_Ws/src/install/gazebo_ros2_control_demos/share/gazebo_ros2_control_demos/hook/cmake_prefix_path.dsv'
[0.912s] INFO:colcon.colcon_core.shell:Creating environment hook '/home/manideep/FrankaSimulator_Ws/src/install/gazebo_ros2_control_demos/share/gazebo_ros2_control_demos/hook/cmake_prefix_path.sh'
[0.912s] Level 1:colcon.colcon_core.environment:checking '/home/manideep/FrankaSimulator_Ws/src/install/gazebo_ros2_control_demos/lib'
[0.912s] Level 1:colcon.colcon_core.environment:checking '/home/manideep/FrankaSimulator_Ws/src/install/gazebo_ros2_control_demos/bin'
[0.912s] Level 1:colcon.colcon_core.environment:checking '/home/manideep/FrankaSimulator_Ws/src/install/gazebo_ros2_control_demos/lib/pkgconfig/gazebo_ros2_control_demos.pc'
[0.912s] Level 1:colcon.colcon_core.environment:checking '/home/manideep/FrankaSimulator_Ws/src/install/gazebo_ros2_control_demos/lib/python3.10/site-packages'
[0.912s] Level 1:colcon.colcon_core.environment:checking '/home/manideep/FrankaSimulator_Ws/src/install/gazebo_ros2_control_demos/bin'
[0.913s] INFO:colcon.colcon_core.shell:Creating package script '/home/manideep/FrankaSimulator_Ws/src/install/gazebo_ros2_control_demos/share/gazebo_ros2_control_demos/package.ps1'
[0.913s] INFO:colcon.colcon_core.shell:Creating package descriptor '/home/manideep/FrankaSimulator_Ws/src/install/gazebo_ros2_control_demos/share/gazebo_ros2_control_demos/package.dsv'
[0.914s] INFO:colcon.colcon_core.shell:Creating package script '/home/manideep/FrankaSimulator_Ws/src/install/gazebo_ros2_control_demos/share/gazebo_ros2_control_demos/package.sh'
[0.914s] INFO:colcon.colcon_core.shell:Creating package script '/home/manideep/FrankaSimulator_Ws/src/install/gazebo_ros2_control_demos/share/gazebo_ros2_control_demos/package.bash'
[0.914s] INFO:colcon.colcon_core.shell:Creating package script '/home/manideep/FrankaSimulator_Ws/src/install/gazebo_ros2_control_demos/share/gazebo_ros2_control_demos/package.zsh'
[0.914s] Level 1:colcon.colcon_core.environment:create_file_with_runtime_dependencies(/home/manideep/FrankaSimulator_Ws/src/install/gazebo_ros2_control_demos/share/colcon-core/packages/gazebo_ros2_control_demos)
[0.915s] Level 1:colcon.colcon_core.environment:create_environment_scripts_only(gazebo_ros2_control_demos)
[0.915s] Level 1:colcon.colcon_core.environment:checking '/home/manideep/FrankaSimulator_Ws/src/install/gazebo_ros2_control_demos' for CMake module files
[0.915s] Level 1:colcon.colcon_core.environment:checking '/home/manideep/FrankaSimulator_Ws/src/install/gazebo_ros2_control_demos' for CMake config files
[0.915s] Level 1:colcon.colcon_core.shell:create_environment_hook('gazebo_ros2_control_demos', 'cmake_prefix_path')
[0.916s] INFO:colcon.colcon_core.shell:Creating environment hook '/home/manideep/FrankaSimulator_Ws/src/install/gazebo_ros2_control_demos/share/gazebo_ros2_control_demos/hook/cmake_prefix_path.ps1'
[0.916s] INFO:colcon.colcon_core.shell:Creating environment descriptor '/home/manideep/FrankaSimulator_Ws/src/install/gazebo_ros2_control_demos/share/gazebo_ros2_control_demos/hook/cmake_prefix_path.dsv'
[0.916s] INFO:colcon.colcon_core.shell:Creating environment hook '/home/manideep/FrankaSimulator_Ws/src/install/gazebo_ros2_control_demos/share/gazebo_ros2_control_demos/hook/cmake_prefix_path.sh'
[0.916s] Level 1:colcon.colcon_core.environment:checking '/home/manideep/FrankaSimulator_Ws/src/install/gazebo_ros2_control_demos/lib'
[0.917s] Level 1:colcon.colcon_core.environment:checking '/home/manideep/FrankaSimulator_Ws/src/install/gazebo_ros2_control_demos/bin'
[0.917s] Level 1:colcon.colcon_core.environment:checking '/home/manideep/FrankaSimulator_Ws/src/install/gazebo_ros2_control_demos/lib/pkgconfig/gazebo_ros2_control_demos.pc'
[0.917s] Level 1:colcon.colcon_core.environment:checking '/home/manideep/FrankaSimulator_Ws/src/install/gazebo_ros2_control_demos/lib/python3.10/site-packages'
[0.917s] Level 1:colcon.colcon_core.environment:checking '/home/manideep/FrankaSimulator_Ws/src/install/gazebo_ros2_control_demos/bin'
[0.917s] INFO:colcon.colcon_core.shell:Creating package script '/home/manideep/FrankaSimulator_Ws/src/install/gazebo_ros2_control_demos/share/gazebo_ros2_control_demos/package.ps1'
[0.917s] INFO:colcon.colcon_core.shell:Creating package descriptor '/home/manideep/FrankaSimulator_Ws/src/install/gazebo_ros2_control_demos/share/gazebo_ros2_control_demos/package.dsv'
[0.918s] INFO:colcon.colcon_core.shell:Creating package script '/home/manideep/FrankaSimulator_Ws/src/install/gazebo_ros2_control_demos/share/gazebo_ros2_control_demos/package.sh'
[0.918s] INFO:colcon.colcon_core.shell:Creating package script '/home/manideep/FrankaSimulator_Ws/src/install/gazebo_ros2_control_demos/share/gazebo_ros2_control_demos/package.bash'
[0.918s] INFO:colcon.colcon_core.shell:Creating package script '/home/manideep/FrankaSimulator_Ws/src/install/gazebo_ros2_control_demos/share/gazebo_ros2_control_demos/package.zsh'
[0.918s] Level 1:colcon.colcon_core.environment:create_file_with_runtime_dependencies(/home/manideep/FrankaSimulator_Ws/src/install/gazebo_ros2_control_demos/share/colcon-core/packages/gazebo_ros2_control_demos)
[0.947s] DEBUG:colcon.colcon_core.event_handler.log_command:Invoked command in '/home/manideep/FrankaSimulator_Ws/src/build/panda_ros2_moveit2' returned '0': AMENT_PREFIX_PATH=/home/manideep/FrankaSimulator_Ws/src/install/ros2_data:${AMENT_PREFIX_PATH} CMAKE_PREFIX_PATH=/home/manideep/FrankaSimulator_Ws/src/install/ros2_data:/home/manideep/FrankaSimulator_Ws/install/ros2_actions:/home/manideep/FrankaSimulator_Ws/install/panda_ros2_moveit2:/home/manideep/FrankaSimulator_Ws/install/ros2_data:/home/manideep/FrankaSimulator_Ws/install/panda_ros2_gazebo:/home/manideep/FrankaSimulator_Ws/install/gazebo_ros2_control_demos:/home/manideep/FrankaSimulator_Ws/install/gazebo_ros2_control:/home/manideep/ws_moveit2/install/pilz_industrial_motion_planner_testutils:/home/manideep/ws_moveit2/install/moveit_runtime:/home/manideep/ws_moveit2/install/moveit2_tutorials:/home/manideep/ws_moveit2/install/moveit:/home/manideep/ws_moveit2/install/moveit_planners:/home/manideep/ws_moveit2/install/pilz_industrial_motion_planner:/home/manideep/ws_moveit2/install/moveit_visual_tools:/home/manideep/ws_moveit2/install/moveit_task_constructor_visualization:/home/manideep/ws_moveit2/install/moveit_task_constructor_demo:/home/manideep/ws_moveit2/install/moveit_task_constructor_capabilities:/home/manideep/ws_moveit2/install/moveit_task_constructor_core:/home/manideep/ws_moveit2/install/moveit_ros_control_interface:/home/manideep/ws_moveit2/install/moveit_plugins:/home/manideep/ws_moveit2/install/moveit_simple_controller_manager:/home/manideep/ws_moveit2/install/moveit_setup_assistant:/home/manideep/ws_moveit2/install/moveit_setup_srdf_plugins:/home/manideep/ws_moveit2/install/moveit_setup_core_plugins:/home/manideep/ws_moveit2/install/moveit_setup_controllers:/home/manideep/ws_moveit2/install/moveit_setup_app_plugins:/home/manideep/ws_moveit2/install/moveit_setup_framework:/home/manideep/ws_moveit2/install/moveit_servo:/home/manideep/ws_moveit2/install/moveit_ros:/home/manideep/ws_moveit2/install/moveit_ros_visualization:/home/manideep/ws_moveit2/install/moveit_hybrid_planning:/home/manideep/ws_moveit2/install/moveit_ros_planning_interface:/home/manideep/ws_moveit2/install/moveit_ros_benchmarks:/home/manideep/ws_moveit2/install/moveit_ros_warehouse:/home/manideep/ws_moveit2/install/moveit_ros_robot_interaction:/home/manideep/ws_moveit2/install/moveit_ros_perception:/home/manideep/ws_moveit2/install/moveit_resources_prbt_pg70_support:/home/manideep/ws_moveit2/install/moveit_resources_prbt_moveit_config:/home/manideep/ws_moveit2/install/moveit_ros_move_group:/home/manideep/ws_moveit2/install/moveit_planners_ompl:/home/manideep/ws_moveit2/install/moveit_ros_planning:/home/manideep/ws_moveit2/install/moveit_ros_occupancy_map_monitor:/home/manideep/ws_moveit2/install/moveit_resources_prbt_ikfast_manipulator_plugin:/home/manideep/ws_moveit2/install/moveit_planners_chomp:/home/manideep/ws_moveit2/install/moveit_kinematics:/home/manideep/ws_moveit2/install/moveit_chomp_optimizer_adapter:/home/manideep/ws_moveit2/install/chomp_motion_planner:/home/manideep/ws_moveit2/install/moveit_core:/home/manideep/ws_moveit2/install/srdfdom:/home/manideep/ws_moveit2/install/rviz_marker_tools:/home/manideep/ws_moveit2/install/rosparam_shortcuts:/home/manideep/ws_moveit2/install/my_environment_package:/home/manideep/ws_moveit2/install/moveit_task_constructor_msgs:/home/manideep/ws_moveit2/install/moveit_resources_prbt_support:/home/manideep/ws_moveit2/install/moveit_resources:/home/manideep/ws_moveit2/install/moveit_resources_pr2_description:/home/manideep/ws_moveit2/install/moveit_resources_panda_moveit_config:/home/manideep/ws_moveit2/install/moveit_resources_panda_description:/home/manideep/ws_moveit2/install/moveit_resources_fanuc_moveit_config:/home/manideep/ws_moveit2/install/moveit_resources_fanuc_description:/home/manideep/ws_moveit2/install/moveit_common:/home/manideep/FrankaSimulator_Ws/install/teleop_keyboard_pkg:/home/manideep/ws_moveit2/install/moveit_configs_utils:/home/manideep/ws_moveit2/install/launch_param_builder:/opt/ros/humble LD_LIBRARY_PATH=/home/manideep/FrankaSimulator_Ws/src/install/ros2_data/lib:${LD_LIBRARY_PATH} PYTHONPATH=/home/manideep/FrankaSimulator_Ws/src/install/ros2_data/lib/python3.10/site-packages:${PYTHONPATH} /usr/bin/cmake --build /home/manideep/FrankaSimulator_Ws/src/build/panda_ros2_moveit2 -- -j16 -l16
[0.949s] DEBUG:colcon.colcon_core.event_handler.log_command:Invoking command in '/home/manideep/FrankaSimulator_Ws/src/build/panda_ros2_moveit2': AMENT_PREFIX_PATH=/home/manideep/FrankaSimulator_Ws/src/install/ros2_data:${AMENT_PREFIX_PATH} CMAKE_PREFIX_PATH=/home/manideep/FrankaSimulator_Ws/src/install/ros2_data:/home/manideep/FrankaSimulator_Ws/install/ros2_actions:/home/manideep/FrankaSimulator_Ws/install/panda_ros2_moveit2:/home/manideep/FrankaSimulator_Ws/install/ros2_data:/home/manideep/FrankaSimulator_Ws/install/panda_ros2_gazebo:/home/manideep/FrankaSimulator_Ws/install/gazebo_ros2_control_demos:/home/manideep/FrankaSimulator_Ws/install/gazebo_ros2_control:/home/manideep/ws_moveit2/install/pilz_industrial_motion_planner_testutils:/home/manideep/ws_moveit2/install/moveit_runtime:/home/manideep/ws_moveit2/install/moveit2_tutorials:/home/manideep/ws_moveit2/install/moveit:/home/manideep/ws_moveit2/install/moveit_planners:/home/manideep/ws_moveit2/install/pilz_industrial_motion_planner:/home/manideep/ws_moveit2/install/moveit_visual_tools:/home/manideep/ws_moveit2/install/moveit_task_constructor_visualization:/home/manideep/ws_moveit2/install/moveit_task_constructor_demo:/home/manideep/ws_moveit2/install/moveit_task_constructor_capabilities:/home/manideep/ws_moveit2/install/moveit_task_constructor_core:/home/manideep/ws_moveit2/install/moveit_ros_control_interface:/home/manideep/ws_moveit2/install/moveit_plugins:/home/manideep/ws_moveit2/install/moveit_simple_controller_manager:/home/manideep/ws_moveit2/install/moveit_setup_assistant:/home/manideep/ws_moveit2/install/moveit_setup_srdf_plugins:/home/manideep/ws_moveit2/install/moveit_setup_core_plugins:/home/manideep/ws_moveit2/install/moveit_setup_controllers:/home/manideep/ws_moveit2/install/moveit_setup_app_plugins:/home/manideep/ws_moveit2/install/moveit_setup_framework:/home/manideep/ws_moveit2/install/moveit_servo:/home/manideep/ws_moveit2/install/moveit_ros:/home/manideep/ws_moveit2/install/moveit_ros_visualization:/home/manideep/ws_moveit2/install/moveit_hybrid_planning:/home/manideep/ws_moveit2/install/moveit_ros_planning_interface:/home/manideep/ws_moveit2/install/moveit_ros_benchmarks:/home/manideep/ws_moveit2/install/moveit_ros_warehouse:/home/manideep/ws_moveit2/install/moveit_ros_robot_interaction:/home/manideep/ws_moveit2/install/moveit_ros_perception:/home/manideep/ws_moveit2/install/moveit_resources_prbt_pg70_support:/home/manideep/ws_moveit2/install/moveit_resources_prbt_moveit_config:/home/manideep/ws_moveit2/install/moveit_ros_move_group:/home/manideep/ws_moveit2/install/moveit_planners_ompl:/home/manideep/ws_moveit2/install/moveit_ros_planning:/home/manideep/ws_moveit2/install/moveit_ros_occupancy_map_monitor:/home/manideep/ws_moveit2/install/moveit_resources_prbt_ikfast_manipulator_plugin:/home/manideep/ws_moveit2/install/moveit_planners_chomp:/home/manideep/ws_moveit2/install/moveit_kinematics:/home/manideep/ws_moveit2/install/moveit_chomp_optimizer_adapter:/home/manideep/ws_moveit2/install/chomp_motion_planner:/home/manideep/ws_moveit2/install/moveit_core:/home/manideep/ws_moveit2/install/srdfdom:/home/manideep/ws_moveit2/install/rviz_marker_tools:/home/manideep/ws_moveit2/install/rosparam_shortcuts:/home/manideep/ws_moveit2/install/my_environment_package:/home/manideep/ws_moveit2/install/moveit_task_constructor_msgs:/home/manideep/ws_moveit2/install/moveit_resources_prbt_support:/home/manideep/ws_moveit2/install/moveit_resources:/home/manideep/ws_moveit2/install/moveit_resources_pr2_description:/home/manideep/ws_moveit2/install/moveit_resources_panda_moveit_config:/home/manideep/ws_moveit2/install/moveit_resources_panda_description:/home/manideep/ws_moveit2/install/moveit_resources_fanuc_moveit_config:/home/manideep/ws_moveit2/install/moveit_resources_fanuc_description:/home/manideep/ws_moveit2/install/moveit_common:/home/manideep/FrankaSimulator_Ws/install/teleop_keyboard_pkg:/home/manideep/ws_moveit2/install/moveit_configs_utils:/home/manideep/ws_moveit2/install/launch_param_builder:/opt/ros/humble LD_LIBRARY_PATH=/home/manideep/FrankaSimulator_Ws/src/install/ros2_data/lib:${LD_LIBRARY_PATH} PYTHONPATH=/home/manideep/FrankaSimulator_Ws/src/install/ros2_data/lib/python3.10/site-packages:${PYTHONPATH} /usr/bin/cmake --install /home/manideep/FrankaSimulator_Ws/src/build/panda_ros2_moveit2
[0.965s] Level 1:colcon.colcon_core.environment:create_environment_scripts_only(panda_ros2_moveit2)
[0.966s] Level 1:colcon.colcon_core.environment:checking '/home/manideep/FrankaSimulator_Ws/src/install/panda_ros2_moveit2' for CMake module files
[0.966s] DEBUG:colcon.colcon_core.event_handler.log_command:Invoked command in '/home/manideep/FrankaSimulator_Ws/src/build/panda_ros2_moveit2' returned '0': AMENT_PREFIX_PATH=/home/manideep/FrankaSimulator_Ws/src/install/ros2_data:${AMENT_PREFIX_PATH} CMAKE_PREFIX_PATH=/home/manideep/FrankaSimulator_Ws/src/install/ros2_data:/home/manideep/FrankaSimulator_Ws/install/ros2_actions:/home/manideep/FrankaSimulator_Ws/install/panda_ros2_moveit2:/home/manideep/FrankaSimulator_Ws/install/ros2_data:/home/manideep/FrankaSimulator_Ws/install/panda_ros2_gazebo:/home/manideep/FrankaSimulator_Ws/install/gazebo_ros2_control_demos:/home/manideep/FrankaSimulator_Ws/install/gazebo_ros2_control:/home/manideep/ws_moveit2/install/pilz_industrial_motion_planner_testutils:/home/manideep/ws_moveit2/install/moveit_runtime:/home/manideep/ws_moveit2/install/moveit2_tutorials:/home/manideep/ws_moveit2/install/moveit:/home/manideep/ws_moveit2/install/moveit_planners:/home/manideep/ws_moveit2/install/pilz_industrial_motion_planner:/home/manideep/ws_moveit2/install/moveit_visual_tools:/home/manideep/ws_moveit2/install/moveit_task_constructor_visualization:/home/manideep/ws_moveit2/install/moveit_task_constructor_demo:/home/manideep/ws_moveit2/install/moveit_task_constructor_capabilities:/home/manideep/ws_moveit2/install/moveit_task_constructor_core:/home/manideep/ws_moveit2/install/moveit_ros_control_interface:/home/manideep/ws_moveit2/install/moveit_plugins:/home/manideep/ws_moveit2/install/moveit_simple_controller_manager:/home/manideep/ws_moveit2/install/moveit_setup_assistant:/home/manideep/ws_moveit2/install/moveit_setup_srdf_plugins:/home/manideep/ws_moveit2/install/moveit_setup_core_plugins:/home/manideep/ws_moveit2/install/moveit_setup_controllers:/home/manideep/ws_moveit2/install/moveit_setup_app_plugins:/home/manideep/ws_moveit2/install/moveit_setup_framework:/home/manideep/ws_moveit2/install/moveit_servo:/home/manideep/ws_moveit2/install/moveit_ros:/home/manideep/ws_moveit2/install/moveit_ros_visualization:/home/manideep/ws_moveit2/install/moveit_hybrid_planning:/home/manideep/ws_moveit2/install/moveit_ros_planning_interface:/home/manideep/ws_moveit2/install/moveit_ros_benchmarks:/home/manideep/ws_moveit2/install/moveit_ros_warehouse:/home/manideep/ws_moveit2/install/moveit_ros_robot_interaction:/home/manideep/ws_moveit2/install/moveit_ros_perception:/home/manideep/ws_moveit2/install/moveit_resources_prbt_pg70_support:/home/manideep/ws_moveit2/install/moveit_resources_prbt_moveit_config:/home/manideep/ws_moveit2/install/moveit_ros_move_group:/home/manideep/ws_moveit2/install/moveit_planners_ompl:/home/manideep/ws_moveit2/install/moveit_ros_planning:/home/manideep/ws_moveit2/install/moveit_ros_occupancy_map_monitor:/home/manideep/ws_moveit2/install/moveit_resources_prbt_ikfast_manipulator_plugin:/home/manideep/ws_moveit2/install/moveit_planners_chomp:/home/manideep/ws_moveit2/install/moveit_kinematics:/home/manideep/ws_moveit2/install/moveit_chomp_optimizer_adapter:/home/manideep/ws_moveit2/install/chomp_motion_planner:/home/manideep/ws_moveit2/install/moveit_core:/home/manideep/ws_moveit2/install/srdfdom:/home/manideep/ws_moveit2/install/rviz_marker_tools:/home/manideep/ws_moveit2/install/rosparam_shortcuts:/home/manideep/ws_moveit2/install/my_environment_package:/home/manideep/ws_moveit2/install/moveit_task_constructor_msgs:/home/manideep/ws_moveit2/install/moveit_resources_prbt_support:/home/manideep/ws_moveit2/install/moveit_resources:/home/manideep/ws_moveit2/install/moveit_resources_pr2_description:/home/manideep/ws_moveit2/install/moveit_resources_panda_moveit_config:/home/manideep/ws_moveit2/install/moveit_resources_panda_description:/home/manideep/ws_moveit2/install/moveit_resources_fanuc_moveit_config:/home/manideep/ws_moveit2/install/moveit_resources_fanuc_description:/home/manideep/ws_moveit2/install/moveit_common:/home/manideep/FrankaSimulator_Ws/install/teleop_keyboard_pkg:/home/manideep/ws_moveit2/install/moveit_configs_utils:/home/manideep/ws_moveit2/install/launch_param_builder:/opt/ros/humble LD_LIBRARY_PATH=/home/manideep/FrankaSimulator_Ws/src/install/ros2_data/lib:${LD_LIBRARY_PATH} PYTHONPATH=/home/manideep/FrankaSimulator_Ws/src/install/ros2_data/lib/python3.10/site-packages:${PYTHONPATH} /usr/bin/cmake --install /home/manideep/FrankaSimulator_Ws/src/build/panda_ros2_moveit2
[0.967s] Level 1:colcon.colcon_core.environment:checking '/home/manideep/FrankaSimulator_Ws/src/install/panda_ros2_moveit2' for CMake config files
[0.967s] Level 1:colcon.colcon_core.shell:create_environment_hook('panda_ros2_moveit2', 'cmake_prefix_path')
[0.967s] INFO:colcon.colcon_core.shell:Creating environment hook '/home/manideep/FrankaSimulator_Ws/src/install/panda_ros2_moveit2/share/panda_ros2_moveit2/hook/cmake_prefix_path.ps1'
[0.968s] INFO:colcon.colcon_core.shell:Creating environment descriptor '/home/manideep/FrankaSimulator_Ws/src/install/panda_ros2_moveit2/share/panda_ros2_moveit2/hook/cmake_prefix_path.dsv'
[0.968s] INFO:colcon.colcon_core.shell:Creating environment hook '/home/manideep/FrankaSimulator_Ws/src/install/panda_ros2_moveit2/share/panda_ros2_moveit2/hook/cmake_prefix_path.sh'
[0.968s] Level 1:colcon.colcon_core.environment:checking '/home/manideep/FrankaSimulator_Ws/src/install/panda_ros2_moveit2/bin'
[0.968s] Level 1:colcon.colcon_core.environment:checking '/home/manideep/FrankaSimulator_Ws/src/install/panda_ros2_moveit2/lib/pkgconfig/panda_ros2_moveit2.pc'
[0.969s] Level 1:colcon.colcon_core.environment:checking '/home/manideep/FrankaSimulator_Ws/src/install/panda_ros2_moveit2/lib/python3.10/site-packages'
[0.969s] Level 1:colcon.colcon_core.environment:checking '/home/manideep/FrankaSimulator_Ws/src/install/panda_ros2_moveit2/bin'
[0.969s] INFO:colcon.colcon_core.shell:Creating package script '/home/manideep/FrankaSimulator_Ws/src/install/panda_ros2_moveit2/share/panda_ros2_moveit2/package.ps1'
[0.970s] INFO:colcon.colcon_core.shell:Creating package descriptor '/home/manideep/FrankaSimulator_Ws/src/install/panda_ros2_moveit2/share/panda_ros2_moveit2/package.dsv'
[0.970s] INFO:colcon.colcon_core.shell:Creating package script '/home/manideep/FrankaSimulator_Ws/src/install/panda_ros2_moveit2/share/panda_ros2_moveit2/package.sh'
[0.970s] INFO:colcon.colcon_core.shell:Creating package script '/home/manideep/FrankaSimulator_Ws/src/install/panda_ros2_moveit2/share/panda_ros2_moveit2/package.bash'
[0.971s] INFO:colcon.colcon_core.shell:Creating package script '/home/manideep/FrankaSimulator_Ws/src/install/panda_ros2_moveit2/share/panda_ros2_moveit2/package.zsh'
[0.971s] Level 1:colcon.colcon_core.environment:create_file_with_runtime_dependencies(/home/manideep/FrankaSimulator_Ws/src/install/panda_ros2_moveit2/share/colcon-core/packages/panda_ros2_moveit2)
[0.971s] Level 1:colcon.colcon_core.environment:create_environment_scripts_only(panda_ros2_moveit2)
[0.972s] Level 1:colcon.colcon_core.environment:checking '/home/manideep/FrankaSimulator_Ws/src/install/panda_ros2_moveit2' for CMake module files
[0.972s] Level 1:colcon.colcon_core.environment:checking '/home/manideep/FrankaSimulator_Ws/src/install/panda_ros2_moveit2' for CMake config files
[0.972s] Level 1:colcon.colcon_core.shell:create_environment_hook('panda_ros2_moveit2', 'cmake_prefix_path')
[0.972s] INFO:colcon.colcon_core.shell:Creating environment hook '/home/manideep/FrankaSimulator_Ws/src/install/panda_ros2_moveit2/share/panda_ros2_moveit2/hook/cmake_prefix_path.ps1'
[0.973s] INFO:colcon.colcon_core.shell:Creating environment descriptor '/home/manideep/FrankaSimulator_Ws/src/install/panda_ros2_moveit2/share/panda_ros2_moveit2/hook/cmake_prefix_path.dsv'
[0.973s] INFO:colcon.colcon_core.shell:Creating environment hook '/home/manideep/FrankaSimulator_Ws/src/install/panda_ros2_moveit2/share/panda_ros2_moveit2/hook/cmake_prefix_path.sh'
[0.974s] Level 1:colcon.colcon_core.environment:checking '/home/manideep/FrankaSimulator_Ws/src/install/panda_ros2_moveit2/bin'
[0.974s] Level 1:colcon.colcon_core.environment:checking '/home/manideep/FrankaSimulator_Ws/src/install/panda_ros2_moveit2/lib/pkgconfig/panda_ros2_moveit2.pc'
[0.974s] Level 1:colcon.colcon_core.environment:checking '/home/manideep/FrankaSimulator_Ws/src/install/panda_ros2_moveit2/lib/python3.10/site-packages'
[0.974s] Level 1:colcon.colcon_core.environment:checking '/home/manideep/FrankaSimulator_Ws/src/install/panda_ros2_moveit2/bin'
[0.974s] INFO:colcon.colcon_core.shell:Creating package script '/home/manideep/FrankaSimulator_Ws/src/install/panda_ros2_moveit2/share/panda_ros2_moveit2/package.ps1'
[0.975s] INFO:colcon.colcon_core.shell:Creating package descriptor '/home/manideep/FrankaSimulator_Ws/src/install/panda_ros2_moveit2/share/panda_ros2_moveit2/package.dsv'
[0.975s] INFO:colcon.colcon_core.shell:Creating package script '/home/manideep/FrankaSimulator_Ws/src/install/panda_ros2_moveit2/share/panda_ros2_moveit2/package.sh'
[0.975s] INFO:colcon.colcon_core.shell:Creating package script '/home/manideep/FrankaSimulator_Ws/src/install/panda_ros2_moveit2/share/panda_ros2_moveit2/package.bash'
[0.975s] INFO:colcon.colcon_core.shell:Creating package script '/home/manideep/FrankaSimulator_Ws/src/install/panda_ros2_moveit2/share/panda_ros2_moveit2/package.zsh'
[0.976s] Level 1:colcon.colcon_core.environment:create_file_with_runtime_dependencies(/home/manideep/FrankaSimulator_Ws/src/install/panda_ros2_moveit2/share/colcon-core/packages/panda_ros2_moveit2)
[1.003s] DEBUG:colcon.colcon_core.event_handler.log_command:Invoked command in '/home/manideep/FrankaSimulator_Ws/src/build/ros2_actions' returned '0': AMENT_PREFIX_PATH=/home/manideep/FrankaSimulator_Ws/src/install/ros2_data:${AMENT_PREFIX_PATH} CMAKE_PREFIX_PATH=/home/manideep/FrankaSimulator_Ws/src/install/ros2_data:/home/manideep/FrankaSimulator_Ws/install/ros2_actions:/home/manideep/FrankaSimulator_Ws/install/panda_ros2_moveit2:/home/manideep/FrankaSimulator_Ws/install/ros2_data:/home/manideep/FrankaSimulator_Ws/install/panda_ros2_gazebo:/home/manideep/FrankaSimulator_Ws/install/gazebo_ros2_control_demos:/home/manideep/FrankaSimulator_Ws/install/gazebo_ros2_control:/home/manideep/ws_moveit2/install/pilz_industrial_motion_planner_testutils:/home/manideep/ws_moveit2/install/moveit_runtime:/home/manideep/ws_moveit2/install/moveit2_tutorials:/home/manideep/ws_moveit2/install/moveit:/home/manideep/ws_moveit2/install/moveit_planners:/home/manideep/ws_moveit2/install/pilz_industrial_motion_planner:/home/manideep/ws_moveit2/install/moveit_visual_tools:/home/manideep/ws_moveit2/install/moveit_task_constructor_visualization:/home/manideep/ws_moveit2/install/moveit_task_constructor_demo:/home/manideep/ws_moveit2/install/moveit_task_constructor_capabilities:/home/manideep/ws_moveit2/install/moveit_task_constructor_core:/home/manideep/ws_moveit2/install/moveit_ros_control_interface:/home/manideep/ws_moveit2/install/moveit_plugins:/home/manideep/ws_moveit2/install/moveit_simple_controller_manager:/home/manideep/ws_moveit2/install/moveit_setup_assistant:/home/manideep/ws_moveit2/install/moveit_setup_srdf_plugins:/home/manideep/ws_moveit2/install/moveit_setup_core_plugins:/home/manideep/ws_moveit2/install/moveit_setup_controllers:/home/manideep/ws_moveit2/install/moveit_setup_app_plugins:/home/manideep/ws_moveit2/install/moveit_setup_framework:/home/manideep/ws_moveit2/install/moveit_servo:/home/manideep/ws_moveit2/install/moveit_ros:/home/manideep/ws_moveit2/install/moveit_ros_visualization:/home/manideep/ws_moveit2/install/moveit_hybrid_planning:/home/manideep/ws_moveit2/install/moveit_ros_planning_interface:/home/manideep/ws_moveit2/install/moveit_ros_benchmarks:/home/manideep/ws_moveit2/install/moveit_ros_warehouse:/home/manideep/ws_moveit2/install/moveit_ros_robot_interaction:/home/manideep/ws_moveit2/install/moveit_ros_perception:/home/manideep/ws_moveit2/install/moveit_resources_prbt_pg70_support:/home/manideep/ws_moveit2/install/moveit_resources_prbt_moveit_config:/home/manideep/ws_moveit2/install/moveit_ros_move_group:/home/manideep/ws_moveit2/install/moveit_planners_ompl:/home/manideep/ws_moveit2/install/moveit_ros_planning:/home/manideep/ws_moveit2/install/moveit_ros_occupancy_map_monitor:/home/manideep/ws_moveit2/install/moveit_resources_prbt_ikfast_manipulator_plugin:/home/manideep/ws_moveit2/install/moveit_planners_chomp:/home/manideep/ws_moveit2/install/moveit_kinematics:/home/manideep/ws_moveit2/install/moveit_chomp_optimizer_adapter:/home/manideep/ws_moveit2/install/chomp_motion_planner:/home/manideep/ws_moveit2/install/moveit_core:/home/manideep/ws_moveit2/install/srdfdom:/home/manideep/ws_moveit2/install/rviz_marker_tools:/home/manideep/ws_moveit2/install/rosparam_shortcuts:/home/manideep/ws_moveit2/install/my_environment_package:/home/manideep/ws_moveit2/install/moveit_task_constructor_msgs:/home/manideep/ws_moveit2/install/moveit_resources_prbt_support:/home/manideep/ws_moveit2/install/moveit_resources:/home/manideep/ws_moveit2/install/moveit_resources_pr2_description:/home/manideep/ws_moveit2/install/moveit_resources_panda_moveit_config:/home/manideep/ws_moveit2/install/moveit_resources_panda_description:/home/manideep/ws_moveit2/install/moveit_resources_fanuc_moveit_config:/home/manideep/ws_moveit2/install/moveit_resources_fanuc_description:/home/manideep/ws_moveit2/install/moveit_common:/home/manideep/FrankaSimulator_Ws/install/teleop_keyboard_pkg:/home/manideep/ws_moveit2/install/moveit_configs_utils:/home/manideep/ws_moveit2/install/launch_param_builder:/opt/ros/humble LD_LIBRARY_PATH=/home/manideep/FrankaSimulator_Ws/src/install/ros2_data/lib:${LD_LIBRARY_PATH} PYTHONPATH=/home/manideep/FrankaSimulator_Ws/src/install/ros2_data/lib/python3.10/site-packages:${PYTHONPATH} /usr/bin/cmake --build /home/manideep/FrankaSimulator_Ws/src/build/ros2_actions -- -j16 -l16
[1.005s] DEBUG:colcon.colcon_core.event_handler.log_command:Invoking command in '/home/manideep/FrankaSimulator_Ws/src/build/ros2_actions': AMENT_PREFIX_PATH=/home/manideep/FrankaSimulator_Ws/src/install/ros2_data:${AMENT_PREFIX_PATH} CMAKE_PREFIX_PATH=/home/manideep/FrankaSimulator_Ws/src/install/ros2_data:/home/manideep/FrankaSimulator_Ws/install/ros2_actions:/home/manideep/FrankaSimulator_Ws/install/panda_ros2_moveit2:/home/manideep/FrankaSimulator_Ws/install/ros2_data:/home/manideep/FrankaSimulator_Ws/install/panda_ros2_gazebo:/home/manideep/FrankaSimulator_Ws/install/gazebo_ros2_control_demos:/home/manideep/FrankaSimulator_Ws/install/gazebo_ros2_control:/home/manideep/ws_moveit2/install/pilz_industrial_motion_planner_testutils:/home/manideep/ws_moveit2/install/moveit_runtime:/home/manideep/ws_moveit2/install/moveit2_tutorials:/home/manideep/ws_moveit2/install/moveit:/home/manideep/ws_moveit2/install/moveit_planners:/home/manideep/ws_moveit2/install/pilz_industrial_motion_planner:/home/manideep/ws_moveit2/install/moveit_visual_tools:/home/manideep/ws_moveit2/install/moveit_task_constructor_visualization:/home/manideep/ws_moveit2/install/moveit_task_constructor_demo:/home/manideep/ws_moveit2/install/moveit_task_constructor_capabilities:/home/manideep/ws_moveit2/install/moveit_task_constructor_core:/home/manideep/ws_moveit2/install/moveit_ros_control_interface:/home/manideep/ws_moveit2/install/moveit_plugins:/home/manideep/ws_moveit2/install/moveit_simple_controller_manager:/home/manideep/ws_moveit2/install/moveit_setup_assistant:/home/manideep/ws_moveit2/install/moveit_setup_srdf_plugins:/home/manideep/ws_moveit2/install/moveit_setup_core_plugins:/home/manideep/ws_moveit2/install/moveit_setup_controllers:/home/manideep/ws_moveit2/install/moveit_setup_app_plugins:/home/manideep/ws_moveit2/install/moveit_setup_framework:/home/manideep/ws_moveit2/install/moveit_servo:/home/manideep/ws_moveit2/install/moveit_ros:/home/manideep/ws_moveit2/install/moveit_ros_visualization:/home/manideep/ws_moveit2/install/moveit_hybrid_planning:/home/manideep/ws_moveit2/install/moveit_ros_planning_interface:/home/manideep/ws_moveit2/install/moveit_ros_benchmarks:/home/manideep/ws_moveit2/install/moveit_ros_warehouse:/home/manideep/ws_moveit2/install/moveit_ros_robot_interaction:/home/manideep/ws_moveit2/install/moveit_ros_perception:/home/manideep/ws_moveit2/install/moveit_resources_prbt_pg70_support:/home/manideep/ws_moveit2/install/moveit_resources_prbt_moveit_config:/home/manideep/ws_moveit2/install/moveit_ros_move_group:/home/manideep/ws_moveit2/install/moveit_planners_ompl:/home/manideep/ws_moveit2/install/moveit_ros_planning:/home/manideep/ws_moveit2/install/moveit_ros_occupancy_map_monitor:/home/manideep/ws_moveit2/install/moveit_resources_prbt_ikfast_manipulator_plugin:/home/manideep/ws_moveit2/install/moveit_planners_chomp:/home/manideep/ws_moveit2/install/moveit_kinematics:/home/manideep/ws_moveit2/install/moveit_chomp_optimizer_adapter:/home/manideep/ws_moveit2/install/chomp_motion_planner:/home/manideep/ws_moveit2/install/moveit_core:/home/manideep/ws_moveit2/install/srdfdom:/home/manideep/ws_moveit2/install/rviz_marker_tools:/home/manideep/ws_moveit2/install/rosparam_shortcuts:/home/manideep/ws_moveit2/install/my_environment_package:/home/manideep/ws_moveit2/install/moveit_task_constructor_msgs:/home/manideep/ws_moveit2/install/moveit_resources_prbt_support:/home/manideep/ws_moveit2/install/moveit_resources:/home/manideep/ws_moveit2/install/moveit_resources_pr2_description:/home/manideep/ws_moveit2/install/moveit_resources_panda_moveit_config:/home/manideep/ws_moveit2/install/moveit_resources_panda_description:/home/manideep/ws_moveit2/install/moveit_resources_fanuc_moveit_config:/home/manideep/ws_moveit2/install/moveit_resources_fanuc_description:/home/manideep/ws_moveit2/install/moveit_common:/home/manideep/FrankaSimulator_Ws/install/teleop_keyboard_pkg:/home/manideep/ws_moveit2/install/moveit_configs_utils:/home/manideep/ws_moveit2/install/launch_param_builder:/opt/ros/humble LD_LIBRARY_PATH=/home/manideep/FrankaSimulator_Ws/src/install/ros2_data/lib:${LD_LIBRARY_PATH} PYTHONPATH=/home/manideep/FrankaSimulator_Ws/src/install/ros2_data/lib/python3.10/site-packages:${PYTHONPATH} /usr/bin/cmake --install /home/manideep/FrankaSimulator_Ws/src/build/ros2_actions
[1.018s] Level 1:colcon.colcon_core.environment:create_environment_scripts_only(ros2_actions)
[1.018s] Level 1:colcon.colcon_core.environment:checking '/home/manideep/FrankaSimulator_Ws/src/install/ros2_actions' for CMake module files
[1.018s] DEBUG:colcon.colcon_core.event_handler.log_command:Invoked command in '/home/manideep/FrankaSimulator_Ws/src/build/ros2_actions' returned '0': AMENT_PREFIX_PATH=/home/manideep/FrankaSimulator_Ws/src/install/ros2_data:${AMENT_PREFIX_PATH} CMAKE_PREFIX_PATH=/home/manideep/FrankaSimulator_Ws/src/install/ros2_data:/home/manideep/FrankaSimulator_Ws/install/ros2_actions:/home/manideep/FrankaSimulator_Ws/install/panda_ros2_moveit2:/home/manideep/FrankaSimulator_Ws/install/ros2_data:/home/manideep/FrankaSimulator_Ws/install/panda_ros2_gazebo:/home/manideep/FrankaSimulator_Ws/install/gazebo_ros2_control_demos:/home/manideep/FrankaSimulator_Ws/install/gazebo_ros2_control:/home/manideep/ws_moveit2/install/pilz_industrial_motion_planner_testutils:/home/manideep/ws_moveit2/install/moveit_runtime:/home/manideep/ws_moveit2/install/moveit2_tutorials:/home/manideep/ws_moveit2/install/moveit:/home/manideep/ws_moveit2/install/moveit_planners:/home/manideep/ws_moveit2/install/pilz_industrial_motion_planner:/home/manideep/ws_moveit2/install/moveit_visual_tools:/home/manideep/ws_moveit2/install/moveit_task_constructor_visualization:/home/manideep/ws_moveit2/install/moveit_task_constructor_demo:/home/manideep/ws_moveit2/install/moveit_task_constructor_capabilities:/home/manideep/ws_moveit2/install/moveit_task_constructor_core:/home/manideep/ws_moveit2/install/moveit_ros_control_interface:/home/manideep/ws_moveit2/install/moveit_plugins:/home/manideep/ws_moveit2/install/moveit_simple_controller_manager:/home/manideep/ws_moveit2/install/moveit_setup_assistant:/home/manideep/ws_moveit2/install/moveit_setup_srdf_plugins:/home/manideep/ws_moveit2/install/moveit_setup_core_plugins:/home/manideep/ws_moveit2/install/moveit_setup_controllers:/home/manideep/ws_moveit2/install/moveit_setup_app_plugins:/home/manideep/ws_moveit2/install/moveit_setup_framework:/home/manideep/ws_moveit2/install/moveit_servo:/home/manideep/ws_moveit2/install/moveit_ros:/home/manideep/ws_moveit2/install/moveit_ros_visualization:/home/manideep/ws_moveit2/install/moveit_hybrid_planning:/home/manideep/ws_moveit2/install/moveit_ros_planning_interface:/home/manideep/ws_moveit2/install/moveit_ros_benchmarks:/home/manideep/ws_moveit2/install/moveit_ros_warehouse:/home/manideep/ws_moveit2/install/moveit_ros_robot_interaction:/home/manideep/ws_moveit2/install/moveit_ros_perception:/home/manideep/ws_moveit2/install/moveit_resources_prbt_pg70_support:/home/manideep/ws_moveit2/install/moveit_resources_prbt_moveit_config:/home/manideep/ws_moveit2/install/moveit_ros_move_group:/home/manideep/ws_moveit2/install/moveit_planners_ompl:/home/manideep/ws_moveit2/install/moveit_ros_planning:/home/manideep/ws_moveit2/install/moveit_ros_occupancy_map_monitor:/home/manideep/ws_moveit2/install/moveit_resources_prbt_ikfast_manipulator_plugin:/home/manideep/ws_moveit2/install/moveit_planners_chomp:/home/manideep/ws_moveit2/install/moveit_kinematics:/home/manideep/ws_moveit2/install/moveit_chomp_optimizer_adapter:/home/manideep/ws_moveit2/install/chomp_motion_planner:/home/manideep/ws_moveit2/install/moveit_core:/home/manideep/ws_moveit2/install/srdfdom:/home/manideep/ws_moveit2/install/rviz_marker_tools:/home/manideep/ws_moveit2/install/rosparam_shortcuts:/home/manideep/ws_moveit2/install/my_environment_package:/home/manideep/ws_moveit2/install/moveit_task_constructor_msgs:/home/manideep/ws_moveit2/install/moveit_resources_prbt_support:/home/manideep/ws_moveit2/install/moveit_resources:/home/manideep/ws_moveit2/install/moveit_resources_pr2_description:/home/manideep/ws_moveit2/install/moveit_resources_panda_moveit_config:/home/manideep/ws_moveit2/install/moveit_resources_panda_description:/home/manideep/ws_moveit2/install/moveit_resources_fanuc_moveit_config:/home/manideep/ws_moveit2/install/moveit_resources_fanuc_description:/home/manideep/ws_moveit2/install/moveit_common:/home/manideep/FrankaSimulator_Ws/install/teleop_keyboard_pkg:/home/manideep/ws_moveit2/install/moveit_configs_utils:/home/manideep/ws_moveit2/install/launch_param_builder:/opt/ros/humble LD_LIBRARY_PATH=/home/manideep/FrankaSimulator_Ws/src/install/ros2_data/lib:${LD_LIBRARY_PATH} PYTHONPATH=/home/manideep/FrankaSimulator_Ws/src/install/ros2_data/lib/python3.10/site-packages:${PYTHONPATH} /usr/bin/cmake --install /home/manideep/FrankaSimulator_Ws/src/build/ros2_actions
[1.019s] Level 1:colcon.colcon_core.environment:checking '/home/manideep/FrankaSimulator_Ws/src/install/ros2_actions' for CMake config files
[1.020s] Level 1:colcon.colcon_core.shell:create_environment_hook('ros2_actions', 'cmake_prefix_path')
[1.020s] INFO:colcon.colcon_core.shell:Creating environment hook '/home/manideep/FrankaSimulator_Ws/src/install/ros2_actions/share/ros2_actions/hook/cmake_prefix_path.ps1'
[1.020s] INFO:colcon.colcon_core.shell:Creating environment descriptor '/home/manideep/FrankaSimulator_Ws/src/install/ros2_actions/share/ros2_actions/hook/cmake_prefix_path.dsv'
[1.021s] INFO:colcon.colcon_core.shell:Creating environment hook '/home/manideep/FrankaSimulator_Ws/src/install/ros2_actions/share/ros2_actions/hook/cmake_prefix_path.sh'
[1.021s] Level 1:colcon.colcon_core.environment:checking '/home/manideep/FrankaSimulator_Ws/src/install/ros2_actions/lib'
[1.021s] Level 1:colcon.colcon_core.environment:checking '/home/manideep/FrankaSimulator_Ws/src/install/ros2_actions/bin'
[1.021s] Level 1:colcon.colcon_core.environment:checking '/home/manideep/FrankaSimulator_Ws/src/install/ros2_actions/lib/pkgconfig/ros2_actions.pc'
[1.021s] Level 1:colcon.colcon_core.environment:checking '/home/manideep/FrankaSimulator_Ws/src/install/ros2_actions/lib/python3.10/site-packages'
[1.021s] Level 1:colcon.colcon_core.environment:checking '/home/manideep/FrankaSimulator_Ws/src/install/ros2_actions/bin'
[1.022s] INFO:colcon.colcon_core.shell:Creating package script '/home/manideep/FrankaSimulator_Ws/src/install/ros2_actions/share/ros2_actions/package.ps1'
[1.022s] INFO:colcon.colcon_core.shell:Creating package descriptor '/home/manideep/FrankaSimulator_Ws/src/install/ros2_actions/share/ros2_actions/package.dsv'
[1.022s] INFO:colcon.colcon_core.shell:Creating package script '/home/manideep/FrankaSimulator_Ws/src/install/ros2_actions/share/ros2_actions/package.sh'
[1.022s] INFO:colcon.colcon_core.shell:Creating package script '/home/manideep/FrankaSimulator_Ws/src/install/ros2_actions/share/ros2_actions/package.bash'
[1.023s] INFO:colcon.colcon_core.shell:Creating package script '/home/manideep/FrankaSimulator_Ws/src/install/ros2_actions/share/ros2_actions/package.zsh'
[1.023s] Level 1:colcon.colcon_core.environment:create_file_with_runtime_dependencies(/home/manideep/FrankaSimulator_Ws/src/install/ros2_actions/share/colcon-core/packages/ros2_actions)
[1.023s] Level 1:colcon.colcon_core.environment:create_environment_scripts_only(ros2_actions)
[1.023s] Level 1:colcon.colcon_core.environment:checking '/home/manideep/FrankaSimulator_Ws/src/install/ros2_actions' for CMake module files
[1.023s] Level 1:colcon.colcon_core.environment:checking '/home/manideep/FrankaSimulator_Ws/src/install/ros2_actions' for CMake config files
[1.024s] Level 1:colcon.colcon_core.shell:create_environment_hook('ros2_actions', 'cmake_prefix_path')
[1.024s] INFO:colcon.colcon_core.shell:Creating environment hook '/home/manideep/FrankaSimulator_Ws/src/install/ros2_actions/share/ros2_actions/hook/cmake_prefix_path.ps1'
[1.024s] INFO:colcon.colcon_core.shell:Creating environment descriptor '/home/manideep/FrankaSimulator_Ws/src/install/ros2_actions/share/ros2_actions/hook/cmake_prefix_path.dsv'
[1.024s] INFO:colcon.colcon_core.shell:Creating environment hook '/home/manideep/FrankaSimulator_Ws/src/install/ros2_actions/share/ros2_actions/hook/cmake_prefix_path.sh'
[1.025s] Level 1:colcon.colcon_core.environment:checking '/home/manideep/FrankaSimulator_Ws/src/install/ros2_actions/lib'
[1.025s] Level 1:colcon.colcon_core.environment:checking '/home/manideep/FrankaSimulator_Ws/src/install/ros2_actions/bin'
[1.025s] Level 1:colcon.colcon_core.environment:checking '/home/manideep/FrankaSimulator_Ws/src/install/ros2_actions/lib/pkgconfig/ros2_actions.pc'
[1.025s] Level 1:colcon.colcon_core.environment:checking '/home/manideep/FrankaSimulator_Ws/src/install/ros2_actions/lib/python3.10/site-packages'
[1.025s] Level 1:colcon.colcon_core.environment:checking '/home/manideep/FrankaSimulator_Ws/src/install/ros2_actions/bin'
[1.025s] INFO:colcon.colcon_core.shell:Creating package script '/home/manideep/FrankaSimulator_Ws/src/install/ros2_actions/share/ros2_actions/package.ps1'
[1.025s] INFO:colcon.colcon_core.shell:Creating package descriptor '/home/manideep/FrankaSimulator_Ws/src/install/ros2_actions/share/ros2_actions/package.dsv'
[1.026s] INFO:colcon.colcon_core.shell:Creating package script '/home/manideep/FrankaSimulator_Ws/src/install/ros2_actions/share/ros2_actions/package.sh'
[1.026s] INFO:colcon.colcon_core.shell:Creating package script '/home/manideep/FrankaSimulator_Ws/src/install/ros2_actions/share/ros2_actions/package.bash'
[1.026s] INFO:colcon.colcon_core.shell:Creating package script '/home/manideep/FrankaSimulator_Ws/src/install/ros2_actions/share/ros2_actions/package.zsh'
[1.027s] Level 1:colcon.colcon_core.environment:create_file_with_runtime_dependencies(/home/manideep/FrankaSimulator_Ws/src/install/ros2_actions/share/colcon-core/packages/ros2_actions)
[1.080s] DEBUG:colcon.colcon_core.event_handler.log_command:Invoking command in '/home/manideep/FrankaSimulator_Ws/src/teleop_keyboard_pkg': PYTHONPATH=/home/manideep/FrankaSimulator_Ws/src/build/teleop_keyboard_pkg/prefix_override:/usr/lib/python3/dist-packages/colcon_core/task/python/colcon_distutils_commands:/home/manideep/FrankaSimulator_Ws/src/install/teleop_keyboard_pkg/lib/python3.10/site-packages:${PYTHONPATH} /usr/bin/python3 -W ignore:setup.py install is deprecated -W ignore:easy_install command is deprecated setup.py egg_info --egg-base ../build/teleop_keyboard_pkg build --build-base /home/manideep/FrankaSimulator_Ws/src/build/teleop_keyboard_pkg/build install --record /home/manideep/FrankaSimulator_Ws/src/build/teleop_keyboard_pkg/install.log --single-version-externally-managed
[1.286s] Level 1:colcon.colcon_core.environment:checking '/home/manideep/FrankaSimulator_Ws/src/install/teleop_keyboard_pkg' for CMake module files
[1.286s] DEBUG:colcon.colcon_core.event_handler.log_command:Invoked command in '/home/manideep/FrankaSimulator_Ws/src/teleop_keyboard_pkg' returned '0': PYTHONPATH=/home/manideep/FrankaSimulator_Ws/src/build/teleop_keyboard_pkg/prefix_override:/usr/lib/python3/dist-packages/colcon_core/task/python/colcon_distutils_commands:/home/manideep/FrankaSimulator_Ws/src/install/teleop_keyboard_pkg/lib/python3.10/site-packages:${PYTHONPATH} /usr/bin/python3 -W ignore:setup.py install is deprecated -W ignore:easy_install command is deprecated setup.py egg_info --egg-base ../build/teleop_keyboard_pkg build --build-base /home/manideep/FrankaSimulator_Ws/src/build/teleop_keyboard_pkg/build install --record /home/manideep/FrankaSimulator_Ws/src/build/teleop_keyboard_pkg/install.log --single-version-externally-managed
[1.287s] Level 1:colcon.colcon_core.environment:checking '/home/manideep/FrankaSimulator_Ws/src/install/teleop_keyboard_pkg' for CMake config files
[1.287s] Level 1:colcon.colcon_core.environment:checking '/home/manideep/FrankaSimulator_Ws/src/install/teleop_keyboard_pkg/lib'
[1.287s] Level 1:colcon.colcon_core.environment:checking '/home/manideep/FrankaSimulator_Ws/src/install/teleop_keyboard_pkg/bin'
[1.287s] Level 1:colcon.colcon_core.environment:checking '/home/manideep/FrankaSimulator_Ws/src/install/teleop_keyboard_pkg/lib/pkgconfig/teleop_keyboard_pkg.pc'
[1.287s] Level 1:colcon.colcon_core.environment:checking '/home/manideep/FrankaSimulator_Ws/src/install/teleop_keyboard_pkg/lib/python3.10/site-packages'
[1.287s] Level 1:colcon.colcon_core.shell:create_environment_hook('teleop_keyboard_pkg', 'pythonpath')
[1.288s] INFO:colcon.colcon_core.shell:Creating environment hook '/home/manideep/FrankaSimulator_Ws/src/install/teleop_keyboard_pkg/share/teleop_keyboard_pkg/hook/pythonpath.ps1'
[1.288s] INFO:colcon.colcon_core.shell:Creating environment descriptor '/home/manideep/FrankaSimulator_Ws/src/install/teleop_keyboard_pkg/share/teleop_keyboard_pkg/hook/pythonpath.dsv'
[1.288s] INFO:colcon.colcon_core.shell:Creating environment hook '/home/manideep/FrankaSimulator_Ws/src/install/teleop_keyboard_pkg/share/teleop_keyboard_pkg/hook/pythonpath.sh'
[1.289s] Level 1:colcon.colcon_core.environment:checking '/home/manideep/FrankaSimulator_Ws/src/install/teleop_keyboard_pkg/bin'
[1.289s] Level 1:colcon.colcon_core.environment:create_environment_scripts_only(teleop_keyboard_pkg)
[1.289s] INFO:colcon.colcon_core.shell:Creating package script '/home/manideep/FrankaSimulator_Ws/src/install/teleop_keyboard_pkg/share/teleop_keyboard_pkg/package.ps1'
[1.289s] INFO:colcon.colcon_core.shell:Creating package descriptor '/home/manideep/FrankaSimulator_Ws/src/install/teleop_keyboard_pkg/share/teleop_keyboard_pkg/package.dsv'
[1.289s] INFO:colcon.colcon_core.shell:Creating package script '/home/manideep/FrankaSimulator_Ws/src/install/teleop_keyboard_pkg/share/teleop_keyboard_pkg/package.sh'
[1.290s] INFO:colcon.colcon_core.shell:Creating package script '/home/manideep/FrankaSimulator_Ws/src/install/teleop_keyboard_pkg/share/teleop_keyboard_pkg/package.bash'
[1.290s] INFO:colcon.colcon_core.shell:Creating package script '/home/manideep/FrankaSimulator_Ws/src/install/teleop_keyboard_pkg/share/teleop_keyboard_pkg/package.zsh'
[1.290s] Level 1:colcon.colcon_core.environment:create_file_with_runtime_dependencies(/home/manideep/FrankaSimulator_Ws/src/install/teleop_keyboard_pkg/share/colcon-core/packages/teleop_keyboard_pkg)
[1.290s] DEBUG:colcon.colcon_parallel_executor.executor.parallel:closing loop
[1.290s] DEBUG:colcon.colcon_parallel_executor.executor.parallel:loop closed
[1.291s] DEBUG:colcon.colcon_parallel_executor.executor.parallel:run_until_complete finished with '0'
[1.291s] DEBUG:colcon.colcon_core.event_reactor:joining thread
[1.295s] INFO:colcon.colcon_core.plugin_system:Skipping extension 'colcon_notification.desktop_notification.terminal_notifier': Not used on non-Darwin systems
[1.295s] INFO:colcon.colcon_core.plugin_system:Skipping extension 'colcon_notification.desktop_notification.win32': Not used on non-Windows systems
[1.295s] INFO:colcon.colcon_notification.desktop_notification:Sending desktop notification using 'notify2'
[1.306s] DEBUG:colcon.colcon_core.event_reactor:joined thread
[1.306s] INFO:colcon.colcon_core.shell:Creating prefix script '/home/manideep/FrankaSimulator_Ws/src/install/local_setup.ps1'
[1.307s] INFO:colcon.colcon_core.shell:Creating prefix util module '/home/manideep/FrankaSimulator_Ws/src/install/_local_setup_util_ps1.py'
[1.308s] INFO:colcon.colcon_core.shell:Creating prefix chain script '/home/manideep/FrankaSimulator_Ws/src/install/setup.ps1'
[1.310s] INFO:colcon.colcon_core.shell:Creating prefix script '/home/manideep/FrankaSimulator_Ws/src/install/local_setup.sh'
[1.310s] INFO:colcon.colcon_core.shell:Creating prefix util module '/home/manideep/FrankaSimulator_Ws/src/install/_local_setup_util_sh.py'
[1.310s] INFO:colcon.colcon_core.shell:Creating prefix chain script '/home/manideep/FrankaSimulator_Ws/src/install/setup.sh'
[1.312s] INFO:colcon.colcon_core.shell:Creating prefix script '/home/manideep/FrankaSimulator_Ws/src/install/local_setup.bash'
[1.312s] INFO:colcon.colcon_core.shell:Creating prefix chain script '/home/manideep/FrankaSimulator_Ws/src/install/setup.bash'
[1.314s] INFO:colcon.colcon_core.shell:Creating prefix script '/home/manideep/FrankaSimulator_Ws/src/install/local_setup.zsh'
[1.314s] INFO:colcon.colcon_core.shell:Creating prefix chain script '/home/manideep/FrankaSimulator_Ws/src/install/setup.zsh'
