[0.074s] DEBUG:colcon:Command line arguments: ['/usr/bin/colcon', 'build']
[0.074s] DEBUG:colcon:Parsed command line arguments: Namespace(log_base=None, log_level=None, verb_name='build', build_base='build', install_base='install', merge_install=False, symlink_install=False, test_result_base=None, continue_on_error=False, executor='parallel', parallel_workers=16, event_handlers=None, ignore_user_meta=False, metas=['./colcon.meta'], base_paths=['.'], packages_ignore=None, packages_ignore_regex=None, paths=None, packages_up_to=None, packages_up_to_regex=None, packages_above=None, packages_above_and_dependencies=None, packages_above_depth=None, packages_select_by_dep=None, packages_skip_by_dep=None, packages_skip_up_to=None, packages_select_build_failed=False, packages_skip_build_finished=False, packages_select_test_failures=False, packages_skip_test_passed=False, packages_select=None, packages_skip=None, packages_select_regex=None, packages_skip_regex=None, packages_start=None, packages_end=None, allow_overriding=[], cmake_args=None, cmake_target=None, cmake_target_skip_unavailable=False, cmake_clean_cache=False, cmake_clean_first=False, cmake_force_configure=False, ament_cmake_args=None, catkin_cmake_args=None, catkin_skip_building_tests=False, mixin_files=None, mixin=None, verb_parser=<colcon_mixin.mixin.mixin_argument.MixinArgumentDecorator object at 0x7193aabd2bf0>, verb_extension=<colcon_core.verb.build.BuildVerb object at 0x7193aabd2650>, main=<bound method BuildVerb.main of <colcon_core.verb.build.BuildVerb object at 0x7193aabd2650>>, mixin_verb=('build',))
[0.172s] Level 1:colcon.colcon_core.package_discovery:discover_packages(colcon_meta) check parameters
[0.172s] Level 1:colcon.colcon_core.package_discovery:discover_packages(recursive) check parameters
[0.172s] Level 1:colcon.colcon_core.package_discovery:discover_packages(ignore) check parameters
[0.172s] Level 1:colcon.colcon_core.package_discovery:discover_packages(path) check parameters
[0.172s] Level 1:colcon.colcon_core.package_discovery:discover_packages(colcon_meta) discover
[0.172s] Level 1:colcon.colcon_core.package_discovery:discover_packages(recursive) discover
[0.172s] INFO:colcon.colcon_core.package_discovery:Crawling recursively for packages in '/home/manideep/FrankaSimulator_Ws'
[0.172s] Level 1:colcon.colcon_core.package_identification:_identify(.) by extensions ['ignore', 'ignore_ament_install']
[0.172s] Level 1:colcon.colcon_core.package_identification:_identify(.) by extension 'ignore'
[0.172s] Level 1:colcon.colcon_core.package_identification:_identify(.) by extension 'ignore_ament_install'
[0.172s] Level 1:colcon.colcon_core.package_identification:_identify(.) by extensions ['colcon_pkg']
[0.172s] Level 1:colcon.colcon_core.package_identification:_identify(.) by extension 'colcon_pkg'
[0.172s] Level 1:colcon.colcon_core.package_identification:_identify(.) by extensions ['colcon_meta']
[0.172s] Level 1:colcon.colcon_core.package_identification:_identify(.) by extension 'colcon_meta'
[0.172s] Level 1:colcon.colcon_core.package_identification:_identify(.) by extensions ['ros']
[0.172s] Level 1:colcon.colcon_core.package_identification:_identify(.) by extension 'ros'
[0.179s] Level 1:colcon.colcon_core.package_identification:_identify(.) by extensions ['cmake', 'python']
[0.179s] Level 1:colcon.colcon_core.package_identification:_identify(.) by extension 'cmake'
[0.179s] Level 1:colcon.colcon_core.package_identification:_identify(.) by extension 'python'
[0.179s] Level 1:colcon.colcon_core.package_identification:_identify(.) by extensions ['python_setup_py']
[0.179s] Level 1:colcon.colcon_core.package_identification:_identify(.) by extension 'python_setup_py'
[0.180s] Level 1:colcon.colcon_core.package_identification:_identify(build) by extensions ['ignore', 'ignore_ament_install']
[0.180s] Level 1:colcon.colcon_core.package_identification:_identify(build) by extension 'ignore'
[0.180s] Level 1:colcon.colcon_core.package_identification:_identify(build) ignored
[0.180s] Level 1:colcon.colcon_core.package_identification:_identify(install) by extensions ['ignore', 'ignore_ament_install']
[0.180s] Level 1:colcon.colcon_core.package_identification:_identify(install) by extension 'ignore'
[0.180s] Level 1:colcon.colcon_core.package_identification:_identify(install) ignored
[0.180s] Level 1:colcon.colcon_core.package_identification:_identify(log) by extensions ['ignore', 'ignore_ament_install']
[0.180s] Level 1:colcon.colcon_core.package_identification:_identify(log) by extension 'ignore'
[0.180s] Level 1:colcon.colcon_core.package_identification:_identify(log) ignored
[0.180s] Level 1:colcon.colcon_core.package_identification:_identify(src) by extensions ['ignore', 'ignore_ament_install']
[0.180s] Level 1:colcon.colcon_core.package_identification:_identify(src) by extension 'ignore'
[0.180s] Level 1:colcon.colcon_core.package_identification:_identify(src) by extension 'ignore_ament_install'
[0.180s] Level 1:colcon.colcon_core.package_identification:_identify(src) by extensions ['colcon_pkg']
[0.180s] Level 1:colcon.colcon_core.package_identification:_identify(src) by extension 'colcon_pkg'
[0.180s] Level 1:colcon.colcon_core.package_identification:_identify(src) by extensions ['colcon_meta']
[0.180s] Level 1:colcon.colcon_core.package_identification:_identify(src) by extension 'colcon_meta'
[0.180s] Level 1:colcon.colcon_core.package_identification:_identify(src) by extensions ['ros']
[0.180s] Level 1:colcon.colcon_core.package_identification:_identify(src) by extension 'ros'
[0.180s] Level 1:colcon.colcon_core.package_identification:_identify(src) by extensions ['cmake', 'python']
[0.180s] Level 1:colcon.colcon_core.package_identification:_identify(src) by extension 'cmake'
[0.180s] Level 1:colcon.colcon_core.package_identification:_identify(src) by extension 'python'
[0.180s] Level 1:colcon.colcon_core.package_identification:_identify(src) by extensions ['python_setup_py']
[0.180s] Level 1:colcon.colcon_core.package_identification:_identify(src) by extension 'python_setup_py'
[0.180s] Level 1:colcon.colcon_core.package_identification:_identify(src/PandaRobot) by extensions ['ignore', 'ignore_ament_install']
[0.180s] Level 1:colcon.colcon_core.package_identification:_identify(src/PandaRobot) by extension 'ignore'
[0.180s] Level 1:colcon.colcon_core.package_identification:_identify(src/PandaRobot) by extension 'ignore_ament_install'
[0.180s] Level 1:colcon.colcon_core.package_identification:_identify(src/PandaRobot) by extensions ['colcon_pkg']
[0.180s] Level 1:colcon.colcon_core.package_identification:_identify(src/PandaRobot) by extension 'colcon_pkg'
[0.180s] Level 1:colcon.colcon_core.package_identification:_identify(src/PandaRobot) by extensions ['colcon_meta']
[0.180s] Level 1:colcon.colcon_core.package_identification:_identify(src/PandaRobot) by extension 'colcon_meta'
[0.180s] Level 1:colcon.colcon_core.package_identification:_identify(src/PandaRobot) by extensions ['ros']
[0.180s] Level 1:colcon.colcon_core.package_identification:_identify(src/PandaRobot) by extension 'ros'
[0.181s] Level 1:colcon.colcon_core.package_identification:_identify(src/PandaRobot) by extensions ['cmake', 'python']
[0.181s] Level 1:colcon.colcon_core.package_identification:_identify(src/PandaRobot) by extension 'cmake'
[0.181s] Level 1:colcon.colcon_core.package_identification:_identify(src/PandaRobot) by extension 'python'
[0.181s] Level 1:colcon.colcon_core.package_identification:_identify(src/PandaRobot) by extensions ['python_setup_py']
[0.181s] Level 1:colcon.colcon_core.package_identification:_identify(src/PandaRobot) by extension 'python_setup_py'
[0.181s] Level 1:colcon.colcon_core.package_identification:_identify(src/PandaRobot/panda_ros2_gazebo) by extensions ['ignore', 'ignore_ament_install']
[0.181s] Level 1:colcon.colcon_core.package_identification:_identify(src/PandaRobot/panda_ros2_gazebo) by extension 'ignore'
[0.181s] Level 1:colcon.colcon_core.package_identification:_identify(src/PandaRobot/panda_ros2_gazebo) by extension 'ignore_ament_install'
[0.181s] Level 1:colcon.colcon_core.package_identification:_identify(src/PandaRobot/panda_ros2_gazebo) by extensions ['colcon_pkg']
[0.181s] Level 1:colcon.colcon_core.package_identification:_identify(src/PandaRobot/panda_ros2_gazebo) by extension 'colcon_pkg'
[0.181s] Level 1:colcon.colcon_core.package_identification:_identify(src/PandaRobot/panda_ros2_gazebo) by extensions ['colcon_meta']
[0.181s] Level 1:colcon.colcon_core.package_identification:_identify(src/PandaRobot/panda_ros2_gazebo) by extension 'colcon_meta'
[0.181s] Level 1:colcon.colcon_core.package_identification:_identify(src/PandaRobot/panda_ros2_gazebo) by extensions ['ros']
[0.181s] Level 1:colcon.colcon_core.package_identification:_identify(src/PandaRobot/panda_ros2_gazebo) by extension 'ros'
[0.182s] DEBUG:colcon.colcon_core.package_identification:Package 'src/PandaRobot/panda_ros2_gazebo' with type 'ros.ament_cmake' and name 'panda_ros2_gazebo'
[0.182s] Level 1:colcon.colcon_core.package_identification:_identify(src/PandaRobot/panda_ros2_moveit2) by extensions ['ignore', 'ignore_ament_install']
[0.182s] Level 1:colcon.colcon_core.package_identification:_identify(src/PandaRobot/panda_ros2_moveit2) by extension 'ignore'
[0.182s] Level 1:colcon.colcon_core.package_identification:_identify(src/PandaRobot/panda_ros2_moveit2) by extension 'ignore_ament_install'
[0.182s] Level 1:colcon.colcon_core.package_identification:_identify(src/PandaRobot/panda_ros2_moveit2) by extensions ['colcon_pkg']
[0.182s] Level 1:colcon.colcon_core.package_identification:_identify(src/PandaRobot/panda_ros2_moveit2) by extension 'colcon_pkg'
[0.183s] Level 1:colcon.colcon_core.package_identification:_identify(src/PandaRobot/panda_ros2_moveit2) by extensions ['colcon_meta']
[0.183s] Level 1:colcon.colcon_core.package_identification:_identify(src/PandaRobot/panda_ros2_moveit2) by extension 'colcon_meta'
[0.183s] Level 1:colcon.colcon_core.package_identification:_identify(src/PandaRobot/panda_ros2_moveit2) by extensions ['ros']
[0.183s] Level 1:colcon.colcon_core.package_identification:_identify(src/PandaRobot/panda_ros2_moveit2) by extension 'ros'
[0.183s] DEBUG:colcon.colcon_core.package_identification:Package 'src/PandaRobot/panda_ros2_moveit2' with type 'ros.ament_cmake' and name 'panda_ros2_moveit2'
[0.183s] Level 1:colcon.colcon_core.package_identification:_identify(src/gazebo_ros2_control) by extensions ['ignore', 'ignore_ament_install']
[0.183s] Level 1:colcon.colcon_core.package_identification:_identify(src/gazebo_ros2_control) by extension 'ignore'
[0.183s] Level 1:colcon.colcon_core.package_identification:_identify(src/gazebo_ros2_control) by extension 'ignore_ament_install'
[0.183s] Level 1:colcon.colcon_core.package_identification:_identify(src/gazebo_ros2_control) by extensions ['colcon_pkg']
[0.183s] Level 1:colcon.colcon_core.package_identification:_identify(src/gazebo_ros2_control) by extension 'colcon_pkg'
[0.183s] Level 1:colcon.colcon_core.package_identification:_identify(src/gazebo_ros2_control) by extensions ['colcon_meta']
[0.183s] Level 1:colcon.colcon_core.package_identification:_identify(src/gazebo_ros2_control) by extension 'colcon_meta'
[0.183s] Level 1:colcon.colcon_core.package_identification:_identify(src/gazebo_ros2_control) by extensions ['ros']
[0.183s] Level 1:colcon.colcon_core.package_identification:_identify(src/gazebo_ros2_control) by extension 'ros'
[0.183s] Level 1:colcon.colcon_core.package_identification:_identify(src/gazebo_ros2_control) by extensions ['cmake', 'python']
[0.183s] Level 1:colcon.colcon_core.package_identification:_identify(src/gazebo_ros2_control) by extension 'cmake'
[0.183s] Level 1:colcon.colcon_core.package_identification:_identify(src/gazebo_ros2_control) by extension 'python'
[0.183s] Level 1:colcon.colcon_core.package_identification:_identify(src/gazebo_ros2_control) by extensions ['python_setup_py']
[0.183s] Level 1:colcon.colcon_core.package_identification:_identify(src/gazebo_ros2_control) by extension 'python_setup_py'
[0.183s] Level 1:colcon.colcon_core.package_identification:_identify(src/gazebo_ros2_control/Docker) by extensions ['ignore', 'ignore_ament_install']
[0.183s] Level 1:colcon.colcon_core.package_identification:_identify(src/gazebo_ros2_control/Docker) by extension 'ignore'
[0.183s] Level 1:colcon.colcon_core.package_identification:_identify(src/gazebo_ros2_control/Docker) by extension 'ignore_ament_install'
[0.184s] Level 1:colcon.colcon_core.package_identification:_identify(src/gazebo_ros2_control/Docker) by extensions ['colcon_pkg']
[0.184s] Level 1:colcon.colcon_core.package_identification:_identify(src/gazebo_ros2_control/Docker) by extension 'colcon_pkg'
[0.184s] Level 1:colcon.colcon_core.package_identification:_identify(src/gazebo_ros2_control/Docker) by extensions ['colcon_meta']
[0.184s] Level 1:colcon.colcon_core.package_identification:_identify(src/gazebo_ros2_control/Docker) by extension 'colcon_meta'
[0.184s] Level 1:colcon.colcon_core.package_identification:_identify(src/gazebo_ros2_control/Docker) by extensions ['ros']
[0.184s] Level 1:colcon.colcon_core.package_identification:_identify(src/gazebo_ros2_control/Docker) by extension 'ros'
[0.184s] Level 1:colcon.colcon_core.package_identification:_identify(src/gazebo_ros2_control/Docker) by extensions ['cmake', 'python']
[0.184s] Level 1:colcon.colcon_core.package_identification:_identify(src/gazebo_ros2_control/Docker) by extension 'cmake'
[0.184s] Level 1:colcon.colcon_core.package_identification:_identify(src/gazebo_ros2_control/Docker) by extension 'python'
[0.184s] Level 1:colcon.colcon_core.package_identification:_identify(src/gazebo_ros2_control/Docker) by extensions ['python_setup_py']
[0.184s] Level 1:colcon.colcon_core.package_identification:_identify(src/gazebo_ros2_control/Docker) by extension 'python_setup_py'
[0.184s] Level 1:colcon.colcon_core.package_identification:_identify(src/gazebo_ros2_control/doc) by extensions ['ignore', 'ignore_ament_install']
[0.184s] Level 1:colcon.colcon_core.package_identification:_identify(src/gazebo_ros2_control/doc) by extension 'ignore'
[0.184s] Level 1:colcon.colcon_core.package_identification:_identify(src/gazebo_ros2_control/doc) by extension 'ignore_ament_install'
[0.184s] Level 1:colcon.colcon_core.package_identification:_identify(src/gazebo_ros2_control/doc) by extensions ['colcon_pkg']
[0.184s] Level 1:colcon.colcon_core.package_identification:_identify(src/gazebo_ros2_control/doc) by extension 'colcon_pkg'
[0.184s] Level 1:colcon.colcon_core.package_identification:_identify(src/gazebo_ros2_control/doc) by extensions ['colcon_meta']
[0.184s] Level 1:colcon.colcon_core.package_identification:_identify(src/gazebo_ros2_control/doc) by extension 'colcon_meta'
[0.184s] Level 1:colcon.colcon_core.package_identification:_identify(src/gazebo_ros2_control/doc) by extensions ['ros']
[0.184s] Level 1:colcon.colcon_core.package_identification:_identify(src/gazebo_ros2_control/doc) by extension 'ros'
[0.184s] Level 1:colcon.colcon_core.package_identification:_identify(src/gazebo_ros2_control/doc) by extensions ['cmake', 'python']
[0.184s] Level 1:colcon.colcon_core.package_identification:_identify(src/gazebo_ros2_control/doc) by extension 'cmake'
[0.184s] Level 1:colcon.colcon_core.package_identification:_identify(src/gazebo_ros2_control/doc) by extension 'python'
[0.184s] Level 1:colcon.colcon_core.package_identification:_identify(src/gazebo_ros2_control/doc) by extensions ['python_setup_py']
[0.184s] Level 1:colcon.colcon_core.package_identification:_identify(src/gazebo_ros2_control/doc) by extension 'python_setup_py'
[0.184s] Level 1:colcon.colcon_core.package_identification:_identify(src/gazebo_ros2_control/doc/img) by extensions ['ignore', 'ignore_ament_install']
[0.184s] Level 1:colcon.colcon_core.package_identification:_identify(src/gazebo_ros2_control/doc/img) by extension 'ignore'
[0.184s] Level 1:colcon.colcon_core.package_identification:_identify(src/gazebo_ros2_control/doc/img) by extension 'ignore_ament_install'
[0.184s] Level 1:colcon.colcon_core.package_identification:_identify(src/gazebo_ros2_control/doc/img) by extensions ['colcon_pkg']
[0.184s] Level 1:colcon.colcon_core.package_identification:_identify(src/gazebo_ros2_control/doc/img) by extension 'colcon_pkg'
[0.184s] Level 1:colcon.colcon_core.package_identification:_identify(src/gazebo_ros2_control/doc/img) by extensions ['colcon_meta']
[0.184s] Level 1:colcon.colcon_core.package_identification:_identify(src/gazebo_ros2_control/doc/img) by extension 'colcon_meta'
[0.184s] Level 1:colcon.colcon_core.package_identification:_identify(src/gazebo_ros2_control/doc/img) by extensions ['ros']
[0.184s] Level 1:colcon.colcon_core.package_identification:_identify(src/gazebo_ros2_control/doc/img) by extension 'ros'
[0.184s] Level 1:colcon.colcon_core.package_identification:_identify(src/gazebo_ros2_control/doc/img) by extensions ['cmake', 'python']
[0.185s] Level 1:colcon.colcon_core.package_identification:_identify(src/gazebo_ros2_control/doc/img) by extension 'cmake'
[0.185s] Level 1:colcon.colcon_core.package_identification:_identify(src/gazebo_ros2_control/doc/img) by extension 'python'
[0.185s] Level 1:colcon.colcon_core.package_identification:_identify(src/gazebo_ros2_control/doc/img) by extensions ['python_setup_py']
[0.185s] Level 1:colcon.colcon_core.package_identification:_identify(src/gazebo_ros2_control/doc/img) by extension 'python_setup_py'
[0.185s] Level 1:colcon.colcon_core.package_identification:_identify(src/gazebo_ros2_control/gazebo_ros2_control) by extensions ['ignore', 'ignore_ament_install']
[0.185s] Level 1:colcon.colcon_core.package_identification:_identify(src/gazebo_ros2_control/gazebo_ros2_control) by extension 'ignore'
[0.185s] Level 1:colcon.colcon_core.package_identification:_identify(src/gazebo_ros2_control/gazebo_ros2_control) by extension 'ignore_ament_install'
[0.185s] Level 1:colcon.colcon_core.package_identification:_identify(src/gazebo_ros2_control/gazebo_ros2_control) by extensions ['colcon_pkg']
[0.185s] Level 1:colcon.colcon_core.package_identification:_identify(src/gazebo_ros2_control/gazebo_ros2_control) by extension 'colcon_pkg'
[0.185s] Level 1:colcon.colcon_core.package_identification:_identify(src/gazebo_ros2_control/gazebo_ros2_control) by extensions ['colcon_meta']
[0.185s] Level 1:colcon.colcon_core.package_identification:_identify(src/gazebo_ros2_control/gazebo_ros2_control) by extension 'colcon_meta'
[0.185s] Level 1:colcon.colcon_core.package_identification:_identify(src/gazebo_ros2_control/gazebo_ros2_control) by extensions ['ros']
[0.185s] Level 1:colcon.colcon_core.package_identification:_identify(src/gazebo_ros2_control/gazebo_ros2_control) by extension 'ros'
[0.186s] DEBUG:colcon.colcon_core.package_identification:Package 'src/gazebo_ros2_control/gazebo_ros2_control' with type 'ros.ament_cmake' and name 'gazebo_ros2_control'
[0.186s] Level 1:colcon.colcon_core.package_identification:_identify(src/gazebo_ros2_control/gazebo_ros2_control_demos) by extensions ['ignore', 'ignore_ament_install']
[0.186s] Level 1:colcon.colcon_core.package_identification:_identify(src/gazebo_ros2_control/gazebo_ros2_control_demos) by extension 'ignore'
[0.186s] Level 1:colcon.colcon_core.package_identification:_identify(src/gazebo_ros2_control/gazebo_ros2_control_demos) by extension 'ignore_ament_install'
[0.186s] Level 1:colcon.colcon_core.package_identification:_identify(src/gazebo_ros2_control/gazebo_ros2_control_demos) by extensions ['colcon_pkg']
[0.186s] Level 1:colcon.colcon_core.package_identification:_identify(src/gazebo_ros2_control/gazebo_ros2_control_demos) by extension 'colcon_pkg'
[0.186s] Level 1:colcon.colcon_core.package_identification:_identify(src/gazebo_ros2_control/gazebo_ros2_control_demos) by extensions ['colcon_meta']
[0.186s] Level 1:colcon.colcon_core.package_identification:_identify(src/gazebo_ros2_control/gazebo_ros2_control_demos) by extension 'colcon_meta'
[0.186s] Level 1:colcon.colcon_core.package_identification:_identify(src/gazebo_ros2_control/gazebo_ros2_control_demos) by extensions ['ros']
[0.186s] Level 1:colcon.colcon_core.package_identification:_identify(src/gazebo_ros2_control/gazebo_ros2_control_demos) by extension 'ros'
[0.186s] DEBUG:colcon.colcon_core.package_identification:Package 'src/gazebo_ros2_control/gazebo_ros2_control_demos' with type 'ros.ament_cmake' and name 'gazebo_ros2_control_demos'
[0.186s] Level 1:colcon.colcon_core.package_identification:_identify(src/ros2_actions) by extensions ['ignore', 'ignore_ament_install']
[0.186s] Level 1:colcon.colcon_core.package_identification:_identify(src/ros2_actions) by extension 'ignore'
[0.187s] Level 1:colcon.colcon_core.package_identification:_identify(src/ros2_actions) by extension 'ignore_ament_install'
[0.187s] Level 1:colcon.colcon_core.package_identification:_identify(src/ros2_actions) by extensions ['colcon_pkg']
[0.187s] Level 1:colcon.colcon_core.package_identification:_identify(src/ros2_actions) by extension 'colcon_pkg'
[0.187s] Level 1:colcon.colcon_core.package_identification:_identify(src/ros2_actions) by extensions ['colcon_meta']
[0.187s] Level 1:colcon.colcon_core.package_identification:_identify(src/ros2_actions) by extension 'colcon_meta'
[0.187s] Level 1:colcon.colcon_core.package_identification:_identify(src/ros2_actions) by extensions ['ros']
[0.187s] Level 1:colcon.colcon_core.package_identification:_identify(src/ros2_actions) by extension 'ros'
[0.187s] DEBUG:colcon.colcon_core.package_identification:Package 'src/ros2_actions' with type 'ros.ament_cmake' and name 'ros2_actions'
[0.187s] Level 1:colcon.colcon_core.package_identification:_identify(src/ros2_data) by extensions ['ignore', 'ignore_ament_install']
[0.187s] Level 1:colcon.colcon_core.package_identification:_identify(src/ros2_data) by extension 'ignore'
[0.187s] Level 1:colcon.colcon_core.package_identification:_identify(src/ros2_data) by extension 'ignore_ament_install'
[0.187s] Level 1:colcon.colcon_core.package_identification:_identify(src/ros2_data) by extensions ['colcon_pkg']
[0.187s] Level 1:colcon.colcon_core.package_identification:_identify(src/ros2_data) by extension 'colcon_pkg'
[0.187s] Level 1:colcon.colcon_core.package_identification:_identify(src/ros2_data) by extensions ['colcon_meta']
[0.187s] Level 1:colcon.colcon_core.package_identification:_identify(src/ros2_data) by extension 'colcon_meta'
[0.187s] Level 1:colcon.colcon_core.package_identification:_identify(src/ros2_data) by extensions ['ros']
[0.187s] Level 1:colcon.colcon_core.package_identification:_identify(src/ros2_data) by extension 'ros'
[0.188s] DEBUG:colcon.colcon_core.package_identification:Package 'src/ros2_data' with type 'ros.ament_cmake' and name 'ros2_data'
[0.188s] Level 1:colcon.colcon_core.package_discovery:discover_packages(recursive) using defaults
[0.188s] Level 1:colcon.colcon_core.package_discovery:discover_packages(ignore) discover
[0.188s] Level 1:colcon.colcon_core.package_discovery:discover_packages(ignore) using defaults
[0.188s] Level 1:colcon.colcon_core.package_discovery:discover_packages(path) discover
[0.188s] Level 1:colcon.colcon_core.package_discovery:discover_packages(path) using defaults
[0.207s] Level 1:colcon.colcon_core.package_discovery:discover_packages(prefix_path) check parameters
[0.207s] Level 1:colcon.colcon_core.package_discovery:discover_packages(prefix_path) discover
[0.209s] DEBUG:colcon.colcon_installed_package_information.package_discovery:Found 6 installed packages in /home/manideep/FrankaSimulator_Ws/install
[0.210s] DEBUG:colcon.colcon_installed_package_information.package_discovery:Found 56 installed packages in /home/manideep/ws_moveit2/install
[0.211s] DEBUG:colcon.colcon_installed_package_information.package_discovery:Found 382 installed packages in /opt/ros/humble
[0.213s] Level 1:colcon.colcon_core.package_discovery:discover_packages(prefix_path) using defaults
[0.242s] Level 5:colcon.colcon_core.verb:set package 'gazebo_ros2_control' build argument 'cmake_args' from command line to 'None'
[0.242s] Level 5:colcon.colcon_core.verb:set package 'gazebo_ros2_control' build argument 'cmake_target' from command line to 'None'
[0.242s] Level 5:colcon.colcon_core.verb:set package 'gazebo_ros2_control' build argument 'cmake_target_skip_unavailable' from command line to 'False'
[0.242s] Level 5:colcon.colcon_core.verb:set package 'gazebo_ros2_control' build argument 'cmake_clean_cache' from command line to 'False'
[0.242s] Level 5:colcon.colcon_core.verb:set package 'gazebo_ros2_control' build argument 'cmake_clean_first' from command line to 'False'
[0.242s] Level 5:colcon.colcon_core.verb:set package 'gazebo_ros2_control' build argument 'cmake_force_configure' from command line to 'False'
[0.242s] Level 5:colcon.colcon_core.verb:set package 'gazebo_ros2_control' build argument 'ament_cmake_args' from command line to 'None'
[0.242s] Level 5:colcon.colcon_core.verb:set package 'gazebo_ros2_control' build argument 'catkin_cmake_args' from command line to 'None'
[0.242s] Level 5:colcon.colcon_core.verb:set package 'gazebo_ros2_control' build argument 'catkin_skip_building_tests' from command line to 'False'
[0.242s] DEBUG:colcon.colcon_core.verb:Building package 'gazebo_ros2_control' with the following arguments: {'ament_cmake_args': None, 'build_base': '/home/manideep/FrankaSimulator_Ws/build/gazebo_ros2_control', 'catkin_cmake_args': None, 'catkin_skip_building_tests': False, 'cmake_args': None, 'cmake_clean_cache': False, 'cmake_clean_first': False, 'cmake_force_configure': False, 'cmake_target': None, 'cmake_target_skip_unavailable': False, 'install_base': '/home/manideep/FrankaSimulator_Ws/install/gazebo_ros2_control', 'merge_install': False, 'path': '/home/manideep/FrankaSimulator_Ws/src/gazebo_ros2_control/gazebo_ros2_control', 'symlink_install': False, 'test_result_base': None}
[0.242s] Level 5:colcon.colcon_core.verb:set package 'panda_ros2_gazebo' build argument 'cmake_args' from command line to 'None'
[0.242s] Level 5:colcon.colcon_core.verb:set package 'panda_ros2_gazebo' build argument 'cmake_target' from command line to 'None'
[0.242s] Level 5:colcon.colcon_core.verb:set package 'panda_ros2_gazebo' build argument 'cmake_target_skip_unavailable' from command line to 'False'
[0.242s] Level 5:colcon.colcon_core.verb:set package 'panda_ros2_gazebo' build argument 'cmake_clean_cache' from command line to 'False'
[0.242s] Level 5:colcon.colcon_core.verb:set package 'panda_ros2_gazebo' build argument 'cmake_clean_first' from command line to 'False'
[0.242s] Level 5:colcon.colcon_core.verb:set package 'panda_ros2_gazebo' build argument 'cmake_force_configure' from command line to 'False'
[0.242s] Level 5:colcon.colcon_core.verb:set package 'panda_ros2_gazebo' build argument 'ament_cmake_args' from command line to 'None'
[0.242s] Level 5:colcon.colcon_core.verb:set package 'panda_ros2_gazebo' build argument 'catkin_cmake_args' from command line to 'None'
[0.242s] Level 5:colcon.colcon_core.verb:set package 'panda_ros2_gazebo' build argument 'catkin_skip_building_tests' from command line to 'False'
[0.242s] DEBUG:colcon.colcon_core.verb:Building package 'panda_ros2_gazebo' with the following arguments: {'ament_cmake_args': None, 'build_base': '/home/manideep/FrankaSimulator_Ws/build/panda_ros2_gazebo', 'catkin_cmake_args': None, 'catkin_skip_building_tests': False, 'cmake_args': None, 'cmake_clean_cache': False, 'cmake_clean_first': False, 'cmake_force_configure': False, 'cmake_target': None, 'cmake_target_skip_unavailable': False, 'install_base': '/home/manideep/FrankaSimulator_Ws/install/panda_ros2_gazebo', 'merge_install': False, 'path': '/home/manideep/FrankaSimulator_Ws/src/PandaRobot/panda_ros2_gazebo', 'symlink_install': False, 'test_result_base': None}
[0.243s] Level 5:colcon.colcon_core.verb:set package 'ros2_data' build argument 'cmake_args' from command line to 'None'
[0.243s] Level 5:colcon.colcon_core.verb:set package 'ros2_data' build argument 'cmake_target' from command line to 'None'
[0.243s] Level 5:colcon.colcon_core.verb:set package 'ros2_data' build argument 'cmake_target_skip_unavailable' from command line to 'False'
[0.243s] Level 5:colcon.colcon_core.verb:set package 'ros2_data' build argument 'cmake_clean_cache' from command line to 'False'
[0.243s] Level 5:colcon.colcon_core.verb:set package 'ros2_data' build argument 'cmake_clean_first' from command line to 'False'
[0.243s] Level 5:colcon.colcon_core.verb:set package 'ros2_data' build argument 'cmake_force_configure' from command line to 'False'
[0.243s] Level 5:colcon.colcon_core.verb:set package 'ros2_data' build argument 'ament_cmake_args' from command line to 'None'
[0.243s] Level 5:colcon.colcon_core.verb:set package 'ros2_data' build argument 'catkin_cmake_args' from command line to 'None'
[0.243s] Level 5:colcon.colcon_core.verb:set package 'ros2_data' build argument 'catkin_skip_building_tests' from command line to 'False'
[0.243s] DEBUG:colcon.colcon_core.verb:Building package 'ros2_data' with the following arguments: {'ament_cmake_args': None, 'build_base': '/home/manideep/FrankaSimulator_Ws/build/ros2_data', 'catkin_cmake_args': None, 'catkin_skip_building_tests': False, 'cmake_args': None, 'cmake_clean_cache': False, 'cmake_clean_first': False, 'cmake_force_configure': False, 'cmake_target': None, 'cmake_target_skip_unavailable': False, 'install_base': '/home/manideep/FrankaSimulator_Ws/install/ros2_data', 'merge_install': False, 'path': '/home/manideep/FrankaSimulator_Ws/src/ros2_data', 'symlink_install': False, 'test_result_base': None}
[0.243s] Level 5:colcon.colcon_core.verb:set package 'gazebo_ros2_control_demos' build argument 'cmake_args' from command line to 'None'
[0.243s] Level 5:colcon.colcon_core.verb:set package 'gazebo_ros2_control_demos' build argument 'cmake_target' from command line to 'None'
[0.243s] Level 5:colcon.colcon_core.verb:set package 'gazebo_ros2_control_demos' build argument 'cmake_target_skip_unavailable' from command line to 'False'
[0.243s] Level 5:colcon.colcon_core.verb:set package 'gazebo_ros2_control_demos' build argument 'cmake_clean_cache' from command line to 'False'
[0.243s] Level 5:colcon.colcon_core.verb:set package 'gazebo_ros2_control_demos' build argument 'cmake_clean_first' from command line to 'False'
[0.243s] Level 5:colcon.colcon_core.verb:set package 'gazebo_ros2_control_demos' build argument 'cmake_force_configure' from command line to 'False'
[0.243s] Level 5:colcon.colcon_core.verb:set package 'gazebo_ros2_control_demos' build argument 'ament_cmake_args' from command line to 'None'
[0.243s] Level 5:colcon.colcon_core.verb:set package 'gazebo_ros2_control_demos' build argument 'catkin_cmake_args' from command line to 'None'
[0.243s] Level 5:colcon.colcon_core.verb:set package 'gazebo_ros2_control_demos' build argument 'catkin_skip_building_tests' from command line to 'False'
[0.243s] DEBUG:colcon.colcon_core.verb:Building package 'gazebo_ros2_control_demos' with the following arguments: {'ament_cmake_args': None, 'build_base': '/home/manideep/FrankaSimulator_Ws/build/gazebo_ros2_control_demos', 'catkin_cmake_args': None, 'catkin_skip_building_tests': False, 'cmake_args': None, 'cmake_clean_cache': False, 'cmake_clean_first': False, 'cmake_force_configure': False, 'cmake_target': None, 'cmake_target_skip_unavailable': False, 'install_base': '/home/manideep/FrankaSimulator_Ws/install/gazebo_ros2_control_demos', 'merge_install': False, 'path': '/home/manideep/FrankaSimulator_Ws/src/gazebo_ros2_control/gazebo_ros2_control_demos', 'symlink_install': False, 'test_result_base': None}
[0.243s] Level 5:colcon.colcon_core.verb:set package 'panda_ros2_moveit2' build argument 'cmake_args' from command line to 'None'
[0.243s] Level 5:colcon.colcon_core.verb:set package 'panda_ros2_moveit2' build argument 'cmake_target' from command line to 'None'
[0.243s] Level 5:colcon.colcon_core.verb:set package 'panda_ros2_moveit2' build argument 'cmake_target_skip_unavailable' from command line to 'False'
[0.243s] Level 5:colcon.colcon_core.verb:set package 'panda_ros2_moveit2' build argument 'cmake_clean_cache' from command line to 'False'
[0.243s] Level 5:colcon.colcon_core.verb:set package 'panda_ros2_moveit2' build argument 'cmake_clean_first' from command line to 'False'
[0.243s] Level 5:colcon.colcon_core.verb:set package 'panda_ros2_moveit2' build argument 'cmake_force_configure' from command line to 'False'
[0.243s] Level 5:colcon.colcon_core.verb:set package 'panda_ros2_moveit2' build argument 'ament_cmake_args' from command line to 'None'
[0.243s] Level 5:colcon.colcon_core.verb:set package 'panda_ros2_moveit2' build argument 'catkin_cmake_args' from command line to 'None'
[0.243s] Level 5:colcon.colcon_core.verb:set package 'panda_ros2_moveit2' build argument 'catkin_skip_building_tests' from command line to 'False'
[0.243s] DEBUG:colcon.colcon_core.verb:Building package 'panda_ros2_moveit2' with the following arguments: {'ament_cmake_args': None, 'build_base': '/home/manideep/FrankaSimulator_Ws/build/panda_ros2_moveit2', 'catkin_cmake_args': None, 'catkin_skip_building_tests': False, 'cmake_args': None, 'cmake_clean_cache': False, 'cmake_clean_first': False, 'cmake_force_configure': False, 'cmake_target': None, 'cmake_target_skip_unavailable': False, 'install_base': '/home/manideep/FrankaSimulator_Ws/install/panda_ros2_moveit2', 'merge_install': False, 'path': '/home/manideep/FrankaSimulator_Ws/src/PandaRobot/panda_ros2_moveit2', 'symlink_install': False, 'test_result_base': None}
[0.244s] Level 5:colcon.colcon_core.verb:set package 'ros2_actions' build argument 'cmake_args' from command line to 'None'
[0.244s] Level 5:colcon.colcon_core.verb:set package 'ros2_actions' build argument 'cmake_target' from command line to 'None'
[0.244s] Level 5:colcon.colcon_core.verb:set package 'ros2_actions' build argument 'cmake_target_skip_unavailable' from command line to 'False'
[0.244s] Level 5:colcon.colcon_core.verb:set package 'ros2_actions' build argument 'cmake_clean_cache' from command line to 'False'
[0.244s] Level 5:colcon.colcon_core.verb:set package 'ros2_actions' build argument 'cmake_clean_first' from command line to 'False'
[0.244s] Level 5:colcon.colcon_core.verb:set package 'ros2_actions' build argument 'cmake_force_configure' from command line to 'False'
[0.244s] Level 5:colcon.colcon_core.verb:set package 'ros2_actions' build argument 'ament_cmake_args' from command line to 'None'
[0.244s] Level 5:colcon.colcon_core.verb:set package 'ros2_actions' build argument 'catkin_cmake_args' from command line to 'None'
[0.244s] Level 5:colcon.colcon_core.verb:set package 'ros2_actions' build argument 'catkin_skip_building_tests' from command line to 'False'
[0.244s] DEBUG:colcon.colcon_core.verb:Building package 'ros2_actions' with the following arguments: {'ament_cmake_args': None, 'build_base': '/home/manideep/FrankaSimulator_Ws/build/ros2_actions', 'catkin_cmake_args': None, 'catkin_skip_building_tests': False, 'cmake_args': None, 'cmake_clean_cache': False, 'cmake_clean_first': False, 'cmake_force_configure': False, 'cmake_target': None, 'cmake_target_skip_unavailable': False, 'install_base': '/home/manideep/FrankaSimulator_Ws/install/ros2_actions', 'merge_install': False, 'path': '/home/manideep/FrankaSimulator_Ws/src/ros2_actions', 'symlink_install': False, 'test_result_base': None}
[0.244s] INFO:colcon.colcon_core.executor:Executing jobs using 'parallel' executor
[0.244s] DEBUG:colcon.colcon_parallel_executor.executor.parallel:run_until_complete
[0.245s] INFO:colcon.colcon_ros.task.ament_cmake.build:Building ROS package in '/home/manideep/FrankaSimulator_Ws/src/ros2_data' with build type 'ament_cmake'
[0.245s] INFO:colcon.colcon_cmake.task.cmake.build:Building CMake package in '/home/manideep/FrankaSimulator_Ws/src/ros2_data'
[0.246s] INFO:colcon.colcon_core.plugin_system:Skipping extension 'colcon_core.shell.bat': Not used on non-Windows systems
[0.246s] INFO:colcon.colcon_core.shell:Skip shell extension 'powershell' for command environment: Not usable outside of PowerShell
[0.246s] DEBUG:colcon.colcon_core.shell:Skip shell extension 'dsv' for command environment
[0.250s] INFO:colcon.colcon_ros.task.ament_cmake.build:Building ROS package in '/home/manideep/FrankaSimulator_Ws/src/gazebo_ros2_control/gazebo_ros2_control' with build type 'ament_cmake'
[0.250s] INFO:colcon.colcon_cmake.task.cmake.build:Building CMake package in '/home/manideep/FrankaSimulator_Ws/src/gazebo_ros2_control/gazebo_ros2_control'
[0.250s] INFO:colcon.colcon_core.shell:Skip shell extension 'powershell' for command environment: Not usable outside of PowerShell
[0.250s] DEBUG:colcon.colcon_core.shell:Skip shell extension 'dsv' for command environment
[0.254s] INFO:colcon.colcon_ros.task.ament_cmake.build:Building ROS package in '/home/manideep/FrankaSimulator_Ws/src/PandaRobot/panda_ros2_gazebo' with build type 'ament_cmake'
[0.254s] INFO:colcon.colcon_cmake.task.cmake.build:Building CMake package in '/home/manideep/FrankaSimulator_Ws/src/PandaRobot/panda_ros2_gazebo'
[0.254s] INFO:colcon.colcon_core.shell:Skip shell extension 'powershell' for command environment: Not usable outside of PowerShell
[0.254s] DEBUG:colcon.colcon_core.shell:Skip shell extension 'dsv' for command environment
[0.261s] DEBUG:colcon.colcon_core.event_handler.log_command:Invoking command in '/home/manideep/FrankaSimulator_Ws/build/ros2_data': CMAKE_PREFIX_PATH=${CMAKE_PREFIX_PATH}:/home/manideep/ws_moveit2/install/moveit_configs_utils:/home/manideep/ws_moveit2/install/launch_param_builder:/opt/ros/humble /usr/bin/cmake --build /home/manideep/FrankaSimulator_Ws/build/ros2_data -- -j16 -l16
[0.265s] DEBUG:colcon.colcon_core.event_handler.log_command:Invoking command in '/home/manideep/FrankaSimulator_Ws/build/gazebo_ros2_control': CMAKE_PREFIX_PATH=${CMAKE_PREFIX_PATH}:/home/manideep/ws_moveit2/install/moveit_configs_utils:/home/manideep/ws_moveit2/install/launch_param_builder:/opt/ros/humble /usr/bin/cmake --build /home/manideep/FrankaSimulator_Ws/build/gazebo_ros2_control -- -j16 -l16
[0.269s] DEBUG:colcon.colcon_core.event_handler.log_command:Invoking command in '/home/manideep/FrankaSimulator_Ws/build/panda_ros2_gazebo': CMAKE_PREFIX_PATH=${CMAKE_PREFIX_PATH}:/home/manideep/ws_moveit2/install/moveit_configs_utils:/home/manideep/ws_moveit2/install/launch_param_builder:/opt/ros/humble /usr/bin/cmake --build /home/manideep/FrankaSimulator_Ws/build/panda_ros2_gazebo -- -j16 -l16
[0.299s] DEBUG:colcon.colcon_core.event_handler.log_command:Invoked command in '/home/manideep/FrankaSimulator_Ws/build/panda_ros2_gazebo' returned '0': CMAKE_PREFIX_PATH=${CMAKE_PREFIX_PATH}:/home/manideep/ws_moveit2/install/moveit_configs_utils:/home/manideep/ws_moveit2/install/launch_param_builder:/opt/ros/humble /usr/bin/cmake --build /home/manideep/FrankaSimulator_Ws/build/panda_ros2_gazebo -- -j16 -l16
[0.307s] DEBUG:colcon.colcon_core.event_handler.log_command:Invoking command in '/home/manideep/FrankaSimulator_Ws/build/panda_ros2_gazebo': CMAKE_PREFIX_PATH=${CMAKE_PREFIX_PATH}:/home/manideep/ws_moveit2/install/moveit_configs_utils:/home/manideep/ws_moveit2/install/launch_param_builder:/opt/ros/humble /usr/bin/cmake --install /home/manideep/FrankaSimulator_Ws/build/panda_ros2_gazebo
[0.319s] Level 1:colcon.colcon_core.environment:create_environment_scripts_only(panda_ros2_gazebo)
[0.320s] DEBUG:colcon.colcon_core.event_handler.log_command:Invoked command in '/home/manideep/FrankaSimulator_Ws/build/panda_ros2_gazebo' returned '0': CMAKE_PREFIX_PATH=${CMAKE_PREFIX_PATH}:/home/manideep/ws_moveit2/install/moveit_configs_utils:/home/manideep/ws_moveit2/install/launch_param_builder:/opt/ros/humble /usr/bin/cmake --install /home/manideep/FrankaSimulator_Ws/build/panda_ros2_gazebo
[0.322s] Level 1:colcon.colcon_core.environment:checking '/home/manideep/FrankaSimulator_Ws/install/panda_ros2_gazebo' for CMake module files
[0.322s] Level 1:colcon.colcon_core.environment:checking '/home/manideep/FrankaSimulator_Ws/install/panda_ros2_gazebo' for CMake config files
[0.323s] Level 1:colcon.colcon_core.shell:create_environment_hook('panda_ros2_gazebo', 'cmake_prefix_path')
[0.323s] INFO:colcon.colcon_core.shell:Creating environment hook '/home/manideep/FrankaSimulator_Ws/install/panda_ros2_gazebo/share/panda_ros2_gazebo/hook/cmake_prefix_path.ps1'
[0.324s] INFO:colcon.colcon_core.shell:Creating environment descriptor '/home/manideep/FrankaSimulator_Ws/install/panda_ros2_gazebo/share/panda_ros2_gazebo/hook/cmake_prefix_path.dsv'
[0.324s] INFO:colcon.colcon_core.shell:Creating environment hook '/home/manideep/FrankaSimulator_Ws/install/panda_ros2_gazebo/share/panda_ros2_gazebo/hook/cmake_prefix_path.sh'
[0.325s] Level 1:colcon.colcon_core.environment:checking '/home/manideep/FrankaSimulator_Ws/install/panda_ros2_gazebo/bin'
[0.325s] Level 1:colcon.colcon_core.environment:checking '/home/manideep/FrankaSimulator_Ws/install/panda_ros2_gazebo/lib/pkgconfig/panda_ros2_gazebo.pc'
[0.326s] Level 1:colcon.colcon_core.environment:checking '/home/manideep/FrankaSimulator_Ws/install/panda_ros2_gazebo/lib/python3.10/site-packages'
[0.326s] Level 1:colcon.colcon_core.environment:checking '/home/manideep/FrankaSimulator_Ws/install/panda_ros2_gazebo/bin'
[0.326s] INFO:colcon.colcon_core.shell:Creating package script '/home/manideep/FrankaSimulator_Ws/install/panda_ros2_gazebo/share/panda_ros2_gazebo/package.ps1'
[0.327s] INFO:colcon.colcon_core.shell:Creating package descriptor '/home/manideep/FrankaSimulator_Ws/install/panda_ros2_gazebo/share/panda_ros2_gazebo/package.dsv'
[0.327s] INFO:colcon.colcon_core.shell:Creating package script '/home/manideep/FrankaSimulator_Ws/install/panda_ros2_gazebo/share/panda_ros2_gazebo/package.sh'
[0.328s] INFO:colcon.colcon_core.shell:Creating package script '/home/manideep/FrankaSimulator_Ws/install/panda_ros2_gazebo/share/panda_ros2_gazebo/package.bash'
[0.328s] INFO:colcon.colcon_core.shell:Creating package script '/home/manideep/FrankaSimulator_Ws/install/panda_ros2_gazebo/share/panda_ros2_gazebo/package.zsh'
[0.329s] Level 1:colcon.colcon_core.environment:create_file_with_runtime_dependencies(/home/manideep/FrankaSimulator_Ws/install/panda_ros2_gazebo/share/colcon-core/packages/panda_ros2_gazebo)
[0.329s] Level 1:colcon.colcon_core.environment:create_environment_scripts_only(panda_ros2_gazebo)
[0.330s] Level 1:colcon.colcon_core.environment:checking '/home/manideep/FrankaSimulator_Ws/install/panda_ros2_gazebo' for CMake module files
[0.330s] Level 1:colcon.colcon_core.environment:checking '/home/manideep/FrankaSimulator_Ws/install/panda_ros2_gazebo' for CMake config files
[0.330s] Level 1:colcon.colcon_core.shell:create_environment_hook('panda_ros2_gazebo', 'cmake_prefix_path')
[0.331s] INFO:colcon.colcon_core.shell:Creating environment hook '/home/manideep/FrankaSimulator_Ws/install/panda_ros2_gazebo/share/panda_ros2_gazebo/hook/cmake_prefix_path.ps1'
[0.331s] INFO:colcon.colcon_core.shell:Creating environment descriptor '/home/manideep/FrankaSimulator_Ws/install/panda_ros2_gazebo/share/panda_ros2_gazebo/hook/cmake_prefix_path.dsv'
[0.331s] INFO:colcon.colcon_core.shell:Creating environment hook '/home/manideep/FrankaSimulator_Ws/install/panda_ros2_gazebo/share/panda_ros2_gazebo/hook/cmake_prefix_path.sh'
[0.332s] Level 1:colcon.colcon_core.environment:checking '/home/manideep/FrankaSimulator_Ws/install/panda_ros2_gazebo/bin'
[0.332s] Level 1:colcon.colcon_core.environment:checking '/home/manideep/FrankaSimulator_Ws/install/panda_ros2_gazebo/lib/pkgconfig/panda_ros2_gazebo.pc'
[0.332s] Level 1:colcon.colcon_core.environment:checking '/home/manideep/FrankaSimulator_Ws/install/panda_ros2_gazebo/lib/python3.10/site-packages'
[0.332s] Level 1:colcon.colcon_core.environment:checking '/home/manideep/FrankaSimulator_Ws/install/panda_ros2_gazebo/bin'
[0.333s] INFO:colcon.colcon_core.shell:Creating package script '/home/manideep/FrankaSimulator_Ws/install/panda_ros2_gazebo/share/panda_ros2_gazebo/package.ps1'
[0.333s] INFO:colcon.colcon_core.shell:Creating package descriptor '/home/manideep/FrankaSimulator_Ws/install/panda_ros2_gazebo/share/panda_ros2_gazebo/package.dsv'
[0.334s] INFO:colcon.colcon_core.shell:Creating package script '/home/manideep/FrankaSimulator_Ws/install/panda_ros2_gazebo/share/panda_ros2_gazebo/package.sh'
[0.334s] INFO:colcon.colcon_core.shell:Creating package script '/home/manideep/FrankaSimulator_Ws/install/panda_ros2_gazebo/share/panda_ros2_gazebo/package.bash'
[0.335s] INFO:colcon.colcon_core.shell:Creating package script '/home/manideep/FrankaSimulator_Ws/install/panda_ros2_gazebo/share/panda_ros2_gazebo/package.zsh'
[0.335s] Level 1:colcon.colcon_core.environment:create_file_with_runtime_dependencies(/home/manideep/FrankaSimulator_Ws/install/panda_ros2_gazebo/share/colcon-core/packages/panda_ros2_gazebo)
[0.360s] DEBUG:colcon.colcon_core.event_handler.log_command:Invoked command in '/home/manideep/FrankaSimulator_Ws/build/gazebo_ros2_control' returned '0': CMAKE_PREFIX_PATH=${CMAKE_PREFIX_PATH}:/home/manideep/ws_moveit2/install/moveit_configs_utils:/home/manideep/ws_moveit2/install/launch_param_builder:/opt/ros/humble /usr/bin/cmake --build /home/manideep/FrankaSimulator_Ws/build/gazebo_ros2_control -- -j16 -l16
[0.362s] DEBUG:colcon.colcon_core.event_handler.log_command:Invoking command in '/home/manideep/FrankaSimulator_Ws/build/gazebo_ros2_control': CMAKE_PREFIX_PATH=${CMAKE_PREFIX_PATH}:/home/manideep/ws_moveit2/install/moveit_configs_utils:/home/manideep/ws_moveit2/install/launch_param_builder:/opt/ros/humble /usr/bin/cmake --install /home/manideep/FrankaSimulator_Ws/build/gazebo_ros2_control
[0.370s] Level 1:colcon.colcon_core.environment:create_environment_scripts_only(gazebo_ros2_control)
[0.370s] Level 1:colcon.colcon_core.environment:checking '/home/manideep/FrankaSimulator_Ws/install/gazebo_ros2_control' for CMake module files
[0.370s] DEBUG:colcon.colcon_core.event_handler.log_command:Invoked command in '/home/manideep/FrankaSimulator_Ws/build/gazebo_ros2_control' returned '0': CMAKE_PREFIX_PATH=${CMAKE_PREFIX_PATH}:/home/manideep/ws_moveit2/install/moveit_configs_utils:/home/manideep/ws_moveit2/install/launch_param_builder:/opt/ros/humble /usr/bin/cmake --install /home/manideep/FrankaSimulator_Ws/build/gazebo_ros2_control
[0.370s] Level 1:colcon.colcon_core.environment:checking '/home/manideep/FrankaSimulator_Ws/install/gazebo_ros2_control' for CMake config files
[0.371s] Level 1:colcon.colcon_core.shell:create_environment_hook('gazebo_ros2_control', 'cmake_prefix_path')
[0.371s] INFO:colcon.colcon_core.shell:Creating environment hook '/home/manideep/FrankaSimulator_Ws/install/gazebo_ros2_control/share/gazebo_ros2_control/hook/cmake_prefix_path.ps1'
[0.371s] INFO:colcon.colcon_core.shell:Creating environment descriptor '/home/manideep/FrankaSimulator_Ws/install/gazebo_ros2_control/share/gazebo_ros2_control/hook/cmake_prefix_path.dsv'
[0.372s] INFO:colcon.colcon_core.shell:Creating environment hook '/home/manideep/FrankaSimulator_Ws/install/gazebo_ros2_control/share/gazebo_ros2_control/hook/cmake_prefix_path.sh'
[0.373s] Level 1:colcon.colcon_core.environment:checking '/home/manideep/FrankaSimulator_Ws/install/gazebo_ros2_control/lib'
[0.373s] Level 1:colcon.colcon_core.shell:create_environment_hook('gazebo_ros2_control', 'ld_library_path_lib')
[0.373s] INFO:colcon.colcon_core.shell:Creating environment hook '/home/manideep/FrankaSimulator_Ws/install/gazebo_ros2_control/share/gazebo_ros2_control/hook/ld_library_path_lib.ps1'
[0.373s] INFO:colcon.colcon_core.shell:Creating environment descriptor '/home/manideep/FrankaSimulator_Ws/install/gazebo_ros2_control/share/gazebo_ros2_control/hook/ld_library_path_lib.dsv'
[0.374s] INFO:colcon.colcon_core.shell:Creating environment hook '/home/manideep/FrankaSimulator_Ws/install/gazebo_ros2_control/share/gazebo_ros2_control/hook/ld_library_path_lib.sh'
[0.374s] Level 1:colcon.colcon_core.environment:checking '/home/manideep/FrankaSimulator_Ws/install/gazebo_ros2_control/bin'
[0.374s] Level 1:colcon.colcon_core.environment:checking '/home/manideep/FrankaSimulator_Ws/install/gazebo_ros2_control/lib/pkgconfig/gazebo_ros2_control.pc'
[0.374s] Level 1:colcon.colcon_core.environment:checking '/home/manideep/FrankaSimulator_Ws/install/gazebo_ros2_control/lib/python3.10/site-packages'
[0.374s] Level 1:colcon.colcon_core.environment:checking '/home/manideep/FrankaSimulator_Ws/install/gazebo_ros2_control/bin'
[0.374s] INFO:colcon.colcon_core.shell:Creating package script '/home/manideep/FrankaSimulator_Ws/install/gazebo_ros2_control/share/gazebo_ros2_control/package.ps1'
[0.375s] INFO:colcon.colcon_core.shell:Creating package descriptor '/home/manideep/FrankaSimulator_Ws/install/gazebo_ros2_control/share/gazebo_ros2_control/package.dsv'
[0.375s] INFO:colcon.colcon_core.shell:Creating package script '/home/manideep/FrankaSimulator_Ws/install/gazebo_ros2_control/share/gazebo_ros2_control/package.sh'
[0.375s] INFO:colcon.colcon_core.shell:Creating package script '/home/manideep/FrankaSimulator_Ws/install/gazebo_ros2_control/share/gazebo_ros2_control/package.bash'
[0.375s] INFO:colcon.colcon_core.shell:Creating package script '/home/manideep/FrankaSimulator_Ws/install/gazebo_ros2_control/share/gazebo_ros2_control/package.zsh'
[0.375s] Level 1:colcon.colcon_core.environment:create_file_with_runtime_dependencies(/home/manideep/FrankaSimulator_Ws/install/gazebo_ros2_control/share/colcon-core/packages/gazebo_ros2_control)
[0.376s] Level 1:colcon.colcon_core.environment:create_environment_scripts_only(gazebo_ros2_control)
[0.376s] Level 1:colcon.colcon_core.environment:checking '/home/manideep/FrankaSimulator_Ws/install/gazebo_ros2_control' for CMake module files
[0.376s] Level 1:colcon.colcon_core.environment:checking '/home/manideep/FrankaSimulator_Ws/install/gazebo_ros2_control' for CMake config files
[0.376s] Level 1:colcon.colcon_core.shell:create_environment_hook('gazebo_ros2_control', 'cmake_prefix_path')
[0.376s] INFO:colcon.colcon_core.shell:Creating environment hook '/home/manideep/FrankaSimulator_Ws/install/gazebo_ros2_control/share/gazebo_ros2_control/hook/cmake_prefix_path.ps1'
[0.377s] INFO:colcon.colcon_core.shell:Creating environment descriptor '/home/manideep/FrankaSimulator_Ws/install/gazebo_ros2_control/share/gazebo_ros2_control/hook/cmake_prefix_path.dsv'
[0.377s] INFO:colcon.colcon_core.shell:Creating environment hook '/home/manideep/FrankaSimulator_Ws/install/gazebo_ros2_control/share/gazebo_ros2_control/hook/cmake_prefix_path.sh'
[0.377s] Level 1:colcon.colcon_core.environment:checking '/home/manideep/FrankaSimulator_Ws/install/gazebo_ros2_control/lib'
[0.377s] Level 1:colcon.colcon_core.shell:create_environment_hook('gazebo_ros2_control', 'ld_library_path_lib')
[0.377s] INFO:colcon.colcon_core.shell:Creating environment hook '/home/manideep/FrankaSimulator_Ws/install/gazebo_ros2_control/share/gazebo_ros2_control/hook/ld_library_path_lib.ps1'
[0.378s] INFO:colcon.colcon_core.shell:Creating environment descriptor '/home/manideep/FrankaSimulator_Ws/install/gazebo_ros2_control/share/gazebo_ros2_control/hook/ld_library_path_lib.dsv'
[0.378s] INFO:colcon.colcon_core.shell:Creating environment hook '/home/manideep/FrankaSimulator_Ws/install/gazebo_ros2_control/share/gazebo_ros2_control/hook/ld_library_path_lib.sh'
[0.378s] Level 1:colcon.colcon_core.environment:checking '/home/manideep/FrankaSimulator_Ws/install/gazebo_ros2_control/bin'
[0.378s] Level 1:colcon.colcon_core.environment:checking '/home/manideep/FrankaSimulator_Ws/install/gazebo_ros2_control/lib/pkgconfig/gazebo_ros2_control.pc'
[0.378s] Level 1:colcon.colcon_core.environment:checking '/home/manideep/FrankaSimulator_Ws/install/gazebo_ros2_control/lib/python3.10/site-packages'
[0.378s] Level 1:colcon.colcon_core.environment:checking '/home/manideep/FrankaSimulator_Ws/install/gazebo_ros2_control/bin'
[0.378s] INFO:colcon.colcon_core.shell:Creating package script '/home/manideep/FrankaSimulator_Ws/install/gazebo_ros2_control/share/gazebo_ros2_control/package.ps1'
[0.379s] INFO:colcon.colcon_core.shell:Creating package descriptor '/home/manideep/FrankaSimulator_Ws/install/gazebo_ros2_control/share/gazebo_ros2_control/package.dsv'
[0.379s] INFO:colcon.colcon_core.shell:Creating package script '/home/manideep/FrankaSimulator_Ws/install/gazebo_ros2_control/share/gazebo_ros2_control/package.sh'
[0.379s] INFO:colcon.colcon_core.shell:Creating package script '/home/manideep/FrankaSimulator_Ws/install/gazebo_ros2_control/share/gazebo_ros2_control/package.bash'
[0.379s] INFO:colcon.colcon_core.shell:Creating package script '/home/manideep/FrankaSimulator_Ws/install/gazebo_ros2_control/share/gazebo_ros2_control/package.zsh'
[0.380s] Level 1:colcon.colcon_core.environment:create_file_with_runtime_dependencies(/home/manideep/FrankaSimulator_Ws/install/gazebo_ros2_control/share/colcon-core/packages/gazebo_ros2_control)
[0.380s] INFO:colcon.colcon_ros.task.ament_cmake.build:Building ROS package in '/home/manideep/FrankaSimulator_Ws/src/gazebo_ros2_control/gazebo_ros2_control_demos' with build type 'ament_cmake'
[0.380s] INFO:colcon.colcon_cmake.task.cmake.build:Building CMake package in '/home/manideep/FrankaSimulator_Ws/src/gazebo_ros2_control/gazebo_ros2_control_demos'
[0.380s] INFO:colcon.colcon_core.shell:Skip shell extension 'powershell' for command environment: Not usable outside of PowerShell
[0.380s] DEBUG:colcon.colcon_core.shell:Skip shell extension 'dsv' for command environment
[0.393s] DEBUG:colcon.colcon_core.event_handler.log_command:Invoking command in '/home/manideep/FrankaSimulator_Ws/build/gazebo_ros2_control_demos': CMAKE_PREFIX_PATH=/home/manideep/FrankaSimulator_Ws/install/gazebo_ros2_control:/home/manideep/FrankaSimulator_Ws/install/ros2_actions:/home/manideep/FrankaSimulator_Ws/install/panda_ros2_moveit2:/home/manideep/FrankaSimulator_Ws/install/ros2_data:/home/manideep/FrankaSimulator_Ws/install/panda_ros2_gazebo:/home/manideep/FrankaSimulator_Ws/install/gazebo_ros2_control_demos:/home/manideep/ws_moveit2/install/pilz_industrial_motion_planner_testutils:/home/manideep/ws_moveit2/install/moveit_runtime:/home/manideep/ws_moveit2/install/moveit2_tutorials:/home/manideep/ws_moveit2/install/moveit:/home/manideep/ws_moveit2/install/moveit_planners:/home/manideep/ws_moveit2/install/pilz_industrial_motion_planner:/home/manideep/ws_moveit2/install/moveit_visual_tools:/home/manideep/ws_moveit2/install/moveit_task_constructor_visualization:/home/manideep/ws_moveit2/install/moveit_task_constructor_demo:/home/manideep/ws_moveit2/install/moveit_task_constructor_capabilities:/home/manideep/ws_moveit2/install/moveit_task_constructor_core:/home/manideep/ws_moveit2/install/moveit_ros_control_interface:/home/manideep/ws_moveit2/install/moveit_plugins:/home/manideep/ws_moveit2/install/moveit_simple_controller_manager:/home/manideep/ws_moveit2/install/moveit_setup_assistant:/home/manideep/ws_moveit2/install/moveit_setup_srdf_plugins:/home/manideep/ws_moveit2/install/moveit_setup_core_plugins:/home/manideep/ws_moveit2/install/moveit_setup_controllers:/home/manideep/ws_moveit2/install/moveit_setup_app_plugins:/home/manideep/ws_moveit2/install/moveit_setup_framework:/home/manideep/ws_moveit2/install/moveit_servo:/home/manideep/ws_moveit2/install/moveit_ros:/home/manideep/ws_moveit2/install/moveit_ros_visualization:/home/manideep/ws_moveit2/install/moveit_hybrid_planning:/home/manideep/ws_moveit2/install/moveit_ros_planning_interface:/home/manideep/ws_moveit2/install/moveit_ros_benchmarks:/home/manideep/ws_moveit2/install/moveit_ros_warehouse:/home/manideep/ws_moveit2/install/moveit_ros_robot_interaction:/home/manideep/ws_moveit2/install/moveit_ros_perception:/home/manideep/ws_moveit2/install/moveit_resources_prbt_pg70_support:/home/manideep/ws_moveit2/install/moveit_resources_prbt_moveit_config:/home/manideep/ws_moveit2/install/moveit_ros_move_group:/home/manideep/ws_moveit2/install/moveit_planners_ompl:/home/manideep/ws_moveit2/install/moveit_ros_planning:/home/manideep/ws_moveit2/install/moveit_ros_occupancy_map_monitor:/home/manideep/ws_moveit2/install/moveit_resources_prbt_ikfast_manipulator_plugin:/home/manideep/ws_moveit2/install/moveit_planners_chomp:/home/manideep/ws_moveit2/install/moveit_kinematics:/home/manideep/ws_moveit2/install/moveit_chomp_optimizer_adapter:/home/manideep/ws_moveit2/install/chomp_motion_planner:/home/manideep/ws_moveit2/install/moveit_core:/home/manideep/ws_moveit2/install/srdfdom:/home/manideep/ws_moveit2/install/rviz_marker_tools:/home/manideep/ws_moveit2/install/rosparam_shortcuts:/home/manideep/ws_moveit2/install/my_environment_package:/home/manideep/ws_moveit2/install/moveit_task_constructor_msgs:/home/manideep/ws_moveit2/install/moveit_resources_prbt_support:/home/manideep/ws_moveit2/install/moveit_resources:/home/manideep/ws_moveit2/install/moveit_resources_pr2_description:/home/manideep/ws_moveit2/install/moveit_resources_panda_moveit_config:/home/manideep/ws_moveit2/install/moveit_resources_panda_description:/home/manideep/ws_moveit2/install/moveit_resources_fanuc_moveit_config:/home/manideep/ws_moveit2/install/moveit_resources_fanuc_description:/home/manideep/ws_moveit2/install/moveit_common:/home/manideep/ws_moveit2/install/moveit_configs_utils:/home/manideep/ws_moveit2/install/launch_param_builder:/opt/ros/humble LD_LIBRARY_PATH=/home/manideep/FrankaSimulator_Ws/install/gazebo_ros2_control/lib:/home/manideep/FrankaSimulator_Ws/install/ros2_data/lib:/home/manideep/ws_moveit2/install/pilz_industrial_motion_planner_testutils/lib:/home/manideep/ws_moveit2/install/pilz_industrial_motion_planner/lib:/home/manideep/ws_moveit2/install/moveit_visual_tools/lib:/home/manideep/ws_moveit2/install/moveit_task_constructor_visualization/lib:/home/manideep/ws_moveit2/install/moveit_task_constructor_demo/lib:/home/manideep/ws_moveit2/install/moveit_task_constructor_capabilities/lib:/home/manideep/ws_moveit2/install/moveit_task_constructor_core/lib:/home/manideep/ws_moveit2/install/moveit_ros_control_interface/lib:/home/manideep/ws_moveit2/install/moveit_simple_controller_manager/lib:/home/manideep/ws_moveit2/install/moveit_setup_assistant/lib:/home/manideep/ws_moveit2/install/moveit_setup_srdf_plugins/lib:/home/manideep/ws_moveit2/install/moveit_setup_core_plugins/lib:/home/manideep/ws_moveit2/install/moveit_setup_controllers/lib:/home/manideep/ws_moveit2/install/moveit_setup_app_plugins/lib:/home/manideep/ws_moveit2/install/moveit_setup_framework/lib:/home/manideep/ws_moveit2/install/moveit_servo/lib:/home/manideep/ws_moveit2/install/moveit_ros_visualization/lib:/home/manideep/ws_moveit2/install/moveit_hybrid_planning/lib:/home/manideep/ws_moveit2/install/moveit_ros_planning_interface/lib:/home/manideep/ws_moveit2/install/moveit_ros_benchmarks/lib:/home/manideep/ws_moveit2/install/moveit_ros_warehouse/lib:/home/manideep/ws_moveit2/install/moveit_ros_robot_interaction/lib:/home/manideep/ws_moveit2/install/moveit_ros_perception/lib:/home/manideep/ws_moveit2/install/moveit_ros_move_group/lib:/home/manideep/ws_moveit2/install/moveit_planners_ompl/lib:/home/manideep/ws_moveit2/install/moveit_ros_planning/lib:/home/manideep/ws_moveit2/install/moveit_ros_occupancy_map_monitor/lib:/home/manideep/ws_moveit2/install/moveit_resources_prbt_ikfast_manipulator_plugin/lib:/home/manideep/ws_moveit2/install/moveit_planners_chomp/lib:/home/manideep/ws_moveit2/install/moveit_kinematics/lib:/home/manideep/ws_moveit2/install/moveit_chomp_optimizer_adapter/lib:/home/manideep/ws_moveit2/install/chomp_motion_planner/lib:/home/manideep/ws_moveit2/install/moveit_core/lib:/home/manideep/ws_moveit2/install/srdfdom/lib:/home/manideep/ws_moveit2/install/rviz_marker_tools/lib:/home/manideep/ws_moveit2/install/rosparam_shortcuts/lib:/home/manideep/ws_moveit2/install/moveit_task_constructor_msgs/lib:/opt/ros/humble/opt/rviz_ogre_vendor/lib:/opt/ros/humble/lib/x86_64-linux-gnu:/opt/ros/humble/lib /usr/bin/cmake --build /home/manideep/FrankaSimulator_Ws/build/gazebo_ros2_control_demos -- -j16 -l16
[0.461s] DEBUG:colcon.colcon_core.event_handler.log_command:Invoked command in '/home/manideep/FrankaSimulator_Ws/build/gazebo_ros2_control_demos' returned '0': CMAKE_PREFIX_PATH=/home/manideep/FrankaSimulator_Ws/install/gazebo_ros2_control:/home/manideep/FrankaSimulator_Ws/install/ros2_actions:/home/manideep/FrankaSimulator_Ws/install/panda_ros2_moveit2:/home/manideep/FrankaSimulator_Ws/install/ros2_data:/home/manideep/FrankaSimulator_Ws/install/panda_ros2_gazebo:/home/manideep/FrankaSimulator_Ws/install/gazebo_ros2_control_demos:/home/manideep/ws_moveit2/install/pilz_industrial_motion_planner_testutils:/home/manideep/ws_moveit2/install/moveit_runtime:/home/manideep/ws_moveit2/install/moveit2_tutorials:/home/manideep/ws_moveit2/install/moveit:/home/manideep/ws_moveit2/install/moveit_planners:/home/manideep/ws_moveit2/install/pilz_industrial_motion_planner:/home/manideep/ws_moveit2/install/moveit_visual_tools:/home/manideep/ws_moveit2/install/moveit_task_constructor_visualization:/home/manideep/ws_moveit2/install/moveit_task_constructor_demo:/home/manideep/ws_moveit2/install/moveit_task_constructor_capabilities:/home/manideep/ws_moveit2/install/moveit_task_constructor_core:/home/manideep/ws_moveit2/install/moveit_ros_control_interface:/home/manideep/ws_moveit2/install/moveit_plugins:/home/manideep/ws_moveit2/install/moveit_simple_controller_manager:/home/manideep/ws_moveit2/install/moveit_setup_assistant:/home/manideep/ws_moveit2/install/moveit_setup_srdf_plugins:/home/manideep/ws_moveit2/install/moveit_setup_core_plugins:/home/manideep/ws_moveit2/install/moveit_setup_controllers:/home/manideep/ws_moveit2/install/moveit_setup_app_plugins:/home/manideep/ws_moveit2/install/moveit_setup_framework:/home/manideep/ws_moveit2/install/moveit_servo:/home/manideep/ws_moveit2/install/moveit_ros:/home/manideep/ws_moveit2/install/moveit_ros_visualization:/home/manideep/ws_moveit2/install/moveit_hybrid_planning:/home/manideep/ws_moveit2/install/moveit_ros_planning_interface:/home/manideep/ws_moveit2/install/moveit_ros_benchmarks:/home/manideep/ws_moveit2/install/moveit_ros_warehouse:/home/manideep/ws_moveit2/install/moveit_ros_robot_interaction:/home/manideep/ws_moveit2/install/moveit_ros_perception:/home/manideep/ws_moveit2/install/moveit_resources_prbt_pg70_support:/home/manideep/ws_moveit2/install/moveit_resources_prbt_moveit_config:/home/manideep/ws_moveit2/install/moveit_ros_move_group:/home/manideep/ws_moveit2/install/moveit_planners_ompl:/home/manideep/ws_moveit2/install/moveit_ros_planning:/home/manideep/ws_moveit2/install/moveit_ros_occupancy_map_monitor:/home/manideep/ws_moveit2/install/moveit_resources_prbt_ikfast_manipulator_plugin:/home/manideep/ws_moveit2/install/moveit_planners_chomp:/home/manideep/ws_moveit2/install/moveit_kinematics:/home/manideep/ws_moveit2/install/moveit_chomp_optimizer_adapter:/home/manideep/ws_moveit2/install/chomp_motion_planner:/home/manideep/ws_moveit2/install/moveit_core:/home/manideep/ws_moveit2/install/srdfdom:/home/manideep/ws_moveit2/install/rviz_marker_tools:/home/manideep/ws_moveit2/install/rosparam_shortcuts:/home/manideep/ws_moveit2/install/my_environment_package:/home/manideep/ws_moveit2/install/moveit_task_constructor_msgs:/home/manideep/ws_moveit2/install/moveit_resources_prbt_support:/home/manideep/ws_moveit2/install/moveit_resources:/home/manideep/ws_moveit2/install/moveit_resources_pr2_description:/home/manideep/ws_moveit2/install/moveit_resources_panda_moveit_config:/home/manideep/ws_moveit2/install/moveit_resources_panda_description:/home/manideep/ws_moveit2/install/moveit_resources_fanuc_moveit_config:/home/manideep/ws_moveit2/install/moveit_resources_fanuc_description:/home/manideep/ws_moveit2/install/moveit_common:/home/manideep/ws_moveit2/install/moveit_configs_utils:/home/manideep/ws_moveit2/install/launch_param_builder:/opt/ros/humble LD_LIBRARY_PATH=/home/manideep/FrankaSimulator_Ws/install/gazebo_ros2_control/lib:/home/manideep/FrankaSimulator_Ws/install/ros2_data/lib:/home/manideep/ws_moveit2/install/pilz_industrial_motion_planner_testutils/lib:/home/manideep/ws_moveit2/install/pilz_industrial_motion_planner/lib:/home/manideep/ws_moveit2/install/moveit_visual_tools/lib:/home/manideep/ws_moveit2/install/moveit_task_constructor_visualization/lib:/home/manideep/ws_moveit2/install/moveit_task_constructor_demo/lib:/home/manideep/ws_moveit2/install/moveit_task_constructor_capabilities/lib:/home/manideep/ws_moveit2/install/moveit_task_constructor_core/lib:/home/manideep/ws_moveit2/install/moveit_ros_control_interface/lib:/home/manideep/ws_moveit2/install/moveit_simple_controller_manager/lib:/home/manideep/ws_moveit2/install/moveit_setup_assistant/lib:/home/manideep/ws_moveit2/install/moveit_setup_srdf_plugins/lib:/home/manideep/ws_moveit2/install/moveit_setup_core_plugins/lib:/home/manideep/ws_moveit2/install/moveit_setup_controllers/lib:/home/manideep/ws_moveit2/install/moveit_setup_app_plugins/lib:/home/manideep/ws_moveit2/install/moveit_setup_framework/lib:/home/manideep/ws_moveit2/install/moveit_servo/lib:/home/manideep/ws_moveit2/install/moveit_ros_visualization/lib:/home/manideep/ws_moveit2/install/moveit_hybrid_planning/lib:/home/manideep/ws_moveit2/install/moveit_ros_planning_interface/lib:/home/manideep/ws_moveit2/install/moveit_ros_benchmarks/lib:/home/manideep/ws_moveit2/install/moveit_ros_warehouse/lib:/home/manideep/ws_moveit2/install/moveit_ros_robot_interaction/lib:/home/manideep/ws_moveit2/install/moveit_ros_perception/lib:/home/manideep/ws_moveit2/install/moveit_ros_move_group/lib:/home/manideep/ws_moveit2/install/moveit_planners_ompl/lib:/home/manideep/ws_moveit2/install/moveit_ros_planning/lib:/home/manideep/ws_moveit2/install/moveit_ros_occupancy_map_monitor/lib:/home/manideep/ws_moveit2/install/moveit_resources_prbt_ikfast_manipulator_plugin/lib:/home/manideep/ws_moveit2/install/moveit_planners_chomp/lib:/home/manideep/ws_moveit2/install/moveit_kinematics/lib:/home/manideep/ws_moveit2/install/moveit_chomp_optimizer_adapter/lib:/home/manideep/ws_moveit2/install/chomp_motion_planner/lib:/home/manideep/ws_moveit2/install/moveit_core/lib:/home/manideep/ws_moveit2/install/srdfdom/lib:/home/manideep/ws_moveit2/install/rviz_marker_tools/lib:/home/manideep/ws_moveit2/install/rosparam_shortcuts/lib:/home/manideep/ws_moveit2/install/moveit_task_constructor_msgs/lib:/opt/ros/humble/opt/rviz_ogre_vendor/lib:/opt/ros/humble/lib/x86_64-linux-gnu:/opt/ros/humble/lib /usr/bin/cmake --build /home/manideep/FrankaSimulator_Ws/build/gazebo_ros2_control_demos -- -j16 -l16
[0.463s] DEBUG:colcon.colcon_core.event_handler.log_command:Invoking command in '/home/manideep/FrankaSimulator_Ws/build/gazebo_ros2_control_demos': CMAKE_PREFIX_PATH=/home/manideep/FrankaSimulator_Ws/install/gazebo_ros2_control:/home/manideep/FrankaSimulator_Ws/install/ros2_actions:/home/manideep/FrankaSimulator_Ws/install/panda_ros2_moveit2:/home/manideep/FrankaSimulator_Ws/install/ros2_data:/home/manideep/FrankaSimulator_Ws/install/panda_ros2_gazebo:/home/manideep/FrankaSimulator_Ws/install/gazebo_ros2_control_demos:/home/manideep/ws_moveit2/install/pilz_industrial_motion_planner_testutils:/home/manideep/ws_moveit2/install/moveit_runtime:/home/manideep/ws_moveit2/install/moveit2_tutorials:/home/manideep/ws_moveit2/install/moveit:/home/manideep/ws_moveit2/install/moveit_planners:/home/manideep/ws_moveit2/install/pilz_industrial_motion_planner:/home/manideep/ws_moveit2/install/moveit_visual_tools:/home/manideep/ws_moveit2/install/moveit_task_constructor_visualization:/home/manideep/ws_moveit2/install/moveit_task_constructor_demo:/home/manideep/ws_moveit2/install/moveit_task_constructor_capabilities:/home/manideep/ws_moveit2/install/moveit_task_constructor_core:/home/manideep/ws_moveit2/install/moveit_ros_control_interface:/home/manideep/ws_moveit2/install/moveit_plugins:/home/manideep/ws_moveit2/install/moveit_simple_controller_manager:/home/manideep/ws_moveit2/install/moveit_setup_assistant:/home/manideep/ws_moveit2/install/moveit_setup_srdf_plugins:/home/manideep/ws_moveit2/install/moveit_setup_core_plugins:/home/manideep/ws_moveit2/install/moveit_setup_controllers:/home/manideep/ws_moveit2/install/moveit_setup_app_plugins:/home/manideep/ws_moveit2/install/moveit_setup_framework:/home/manideep/ws_moveit2/install/moveit_servo:/home/manideep/ws_moveit2/install/moveit_ros:/home/manideep/ws_moveit2/install/moveit_ros_visualization:/home/manideep/ws_moveit2/install/moveit_hybrid_planning:/home/manideep/ws_moveit2/install/moveit_ros_planning_interface:/home/manideep/ws_moveit2/install/moveit_ros_benchmarks:/home/manideep/ws_moveit2/install/moveit_ros_warehouse:/home/manideep/ws_moveit2/install/moveit_ros_robot_interaction:/home/manideep/ws_moveit2/install/moveit_ros_perception:/home/manideep/ws_moveit2/install/moveit_resources_prbt_pg70_support:/home/manideep/ws_moveit2/install/moveit_resources_prbt_moveit_config:/home/manideep/ws_moveit2/install/moveit_ros_move_group:/home/manideep/ws_moveit2/install/moveit_planners_ompl:/home/manideep/ws_moveit2/install/moveit_ros_planning:/home/manideep/ws_moveit2/install/moveit_ros_occupancy_map_monitor:/home/manideep/ws_moveit2/install/moveit_resources_prbt_ikfast_manipulator_plugin:/home/manideep/ws_moveit2/install/moveit_planners_chomp:/home/manideep/ws_moveit2/install/moveit_kinematics:/home/manideep/ws_moveit2/install/moveit_chomp_optimizer_adapter:/home/manideep/ws_moveit2/install/chomp_motion_planner:/home/manideep/ws_moveit2/install/moveit_core:/home/manideep/ws_moveit2/install/srdfdom:/home/manideep/ws_moveit2/install/rviz_marker_tools:/home/manideep/ws_moveit2/install/rosparam_shortcuts:/home/manideep/ws_moveit2/install/my_environment_package:/home/manideep/ws_moveit2/install/moveit_task_constructor_msgs:/home/manideep/ws_moveit2/install/moveit_resources_prbt_support:/home/manideep/ws_moveit2/install/moveit_resources:/home/manideep/ws_moveit2/install/moveit_resources_pr2_description:/home/manideep/ws_moveit2/install/moveit_resources_panda_moveit_config:/home/manideep/ws_moveit2/install/moveit_resources_panda_description:/home/manideep/ws_moveit2/install/moveit_resources_fanuc_moveit_config:/home/manideep/ws_moveit2/install/moveit_resources_fanuc_description:/home/manideep/ws_moveit2/install/moveit_common:/home/manideep/ws_moveit2/install/moveit_configs_utils:/home/manideep/ws_moveit2/install/launch_param_builder:/opt/ros/humble LD_LIBRARY_PATH=/home/manideep/FrankaSimulator_Ws/install/gazebo_ros2_control/lib:/home/manideep/FrankaSimulator_Ws/install/ros2_data/lib:/home/manideep/ws_moveit2/install/pilz_industrial_motion_planner_testutils/lib:/home/manideep/ws_moveit2/install/pilz_industrial_motion_planner/lib:/home/manideep/ws_moveit2/install/moveit_visual_tools/lib:/home/manideep/ws_moveit2/install/moveit_task_constructor_visualization/lib:/home/manideep/ws_moveit2/install/moveit_task_constructor_demo/lib:/home/manideep/ws_moveit2/install/moveit_task_constructor_capabilities/lib:/home/manideep/ws_moveit2/install/moveit_task_constructor_core/lib:/home/manideep/ws_moveit2/install/moveit_ros_control_interface/lib:/home/manideep/ws_moveit2/install/moveit_simple_controller_manager/lib:/home/manideep/ws_moveit2/install/moveit_setup_assistant/lib:/home/manideep/ws_moveit2/install/moveit_setup_srdf_plugins/lib:/home/manideep/ws_moveit2/install/moveit_setup_core_plugins/lib:/home/manideep/ws_moveit2/install/moveit_setup_controllers/lib:/home/manideep/ws_moveit2/install/moveit_setup_app_plugins/lib:/home/manideep/ws_moveit2/install/moveit_setup_framework/lib:/home/manideep/ws_moveit2/install/moveit_servo/lib:/home/manideep/ws_moveit2/install/moveit_ros_visualization/lib:/home/manideep/ws_moveit2/install/moveit_hybrid_planning/lib:/home/manideep/ws_moveit2/install/moveit_ros_planning_interface/lib:/home/manideep/ws_moveit2/install/moveit_ros_benchmarks/lib:/home/manideep/ws_moveit2/install/moveit_ros_warehouse/lib:/home/manideep/ws_moveit2/install/moveit_ros_robot_interaction/lib:/home/manideep/ws_moveit2/install/moveit_ros_perception/lib:/home/manideep/ws_moveit2/install/moveit_ros_move_group/lib:/home/manideep/ws_moveit2/install/moveit_planners_ompl/lib:/home/manideep/ws_moveit2/install/moveit_ros_planning/lib:/home/manideep/ws_moveit2/install/moveit_ros_occupancy_map_monitor/lib:/home/manideep/ws_moveit2/install/moveit_resources_prbt_ikfast_manipulator_plugin/lib:/home/manideep/ws_moveit2/install/moveit_planners_chomp/lib:/home/manideep/ws_moveit2/install/moveit_kinematics/lib:/home/manideep/ws_moveit2/install/moveit_chomp_optimizer_adapter/lib:/home/manideep/ws_moveit2/install/chomp_motion_planner/lib:/home/manideep/ws_moveit2/install/moveit_core/lib:/home/manideep/ws_moveit2/install/srdfdom/lib:/home/manideep/ws_moveit2/install/rviz_marker_tools/lib:/home/manideep/ws_moveit2/install/rosparam_shortcuts/lib:/home/manideep/ws_moveit2/install/moveit_task_constructor_msgs/lib:/opt/ros/humble/opt/rviz_ogre_vendor/lib:/opt/ros/humble/lib/x86_64-linux-gnu:/opt/ros/humble/lib /usr/bin/cmake --install /home/manideep/FrankaSimulator_Ws/build/gazebo_ros2_control_demos
[0.472s] Level 1:colcon.colcon_core.environment:create_environment_scripts_only(gazebo_ros2_control_demos)
[0.473s] Level 1:colcon.colcon_core.environment:checking '/home/manideep/FrankaSimulator_Ws/install/gazebo_ros2_control_demos' for CMake module files
[0.473s] DEBUG:colcon.colcon_core.event_handler.log_command:Invoked command in '/home/manideep/FrankaSimulator_Ws/build/gazebo_ros2_control_demos' returned '0': CMAKE_PREFIX_PATH=/home/manideep/FrankaSimulator_Ws/install/gazebo_ros2_control:/home/manideep/FrankaSimulator_Ws/install/ros2_actions:/home/manideep/FrankaSimulator_Ws/install/panda_ros2_moveit2:/home/manideep/FrankaSimulator_Ws/install/ros2_data:/home/manideep/FrankaSimulator_Ws/install/panda_ros2_gazebo:/home/manideep/FrankaSimulator_Ws/install/gazebo_ros2_control_demos:/home/manideep/ws_moveit2/install/pilz_industrial_motion_planner_testutils:/home/manideep/ws_moveit2/install/moveit_runtime:/home/manideep/ws_moveit2/install/moveit2_tutorials:/home/manideep/ws_moveit2/install/moveit:/home/manideep/ws_moveit2/install/moveit_planners:/home/manideep/ws_moveit2/install/pilz_industrial_motion_planner:/home/manideep/ws_moveit2/install/moveit_visual_tools:/home/manideep/ws_moveit2/install/moveit_task_constructor_visualization:/home/manideep/ws_moveit2/install/moveit_task_constructor_demo:/home/manideep/ws_moveit2/install/moveit_task_constructor_capabilities:/home/manideep/ws_moveit2/install/moveit_task_constructor_core:/home/manideep/ws_moveit2/install/moveit_ros_control_interface:/home/manideep/ws_moveit2/install/moveit_plugins:/home/manideep/ws_moveit2/install/moveit_simple_controller_manager:/home/manideep/ws_moveit2/install/moveit_setup_assistant:/home/manideep/ws_moveit2/install/moveit_setup_srdf_plugins:/home/manideep/ws_moveit2/install/moveit_setup_core_plugins:/home/manideep/ws_moveit2/install/moveit_setup_controllers:/home/manideep/ws_moveit2/install/moveit_setup_app_plugins:/home/manideep/ws_moveit2/install/moveit_setup_framework:/home/manideep/ws_moveit2/install/moveit_servo:/home/manideep/ws_moveit2/install/moveit_ros:/home/manideep/ws_moveit2/install/moveit_ros_visualization:/home/manideep/ws_moveit2/install/moveit_hybrid_planning:/home/manideep/ws_moveit2/install/moveit_ros_planning_interface:/home/manideep/ws_moveit2/install/moveit_ros_benchmarks:/home/manideep/ws_moveit2/install/moveit_ros_warehouse:/home/manideep/ws_moveit2/install/moveit_ros_robot_interaction:/home/manideep/ws_moveit2/install/moveit_ros_perception:/home/manideep/ws_moveit2/install/moveit_resources_prbt_pg70_support:/home/manideep/ws_moveit2/install/moveit_resources_prbt_moveit_config:/home/manideep/ws_moveit2/install/moveit_ros_move_group:/home/manideep/ws_moveit2/install/moveit_planners_ompl:/home/manideep/ws_moveit2/install/moveit_ros_planning:/home/manideep/ws_moveit2/install/moveit_ros_occupancy_map_monitor:/home/manideep/ws_moveit2/install/moveit_resources_prbt_ikfast_manipulator_plugin:/home/manideep/ws_moveit2/install/moveit_planners_chomp:/home/manideep/ws_moveit2/install/moveit_kinematics:/home/manideep/ws_moveit2/install/moveit_chomp_optimizer_adapter:/home/manideep/ws_moveit2/install/chomp_motion_planner:/home/manideep/ws_moveit2/install/moveit_core:/home/manideep/ws_moveit2/install/srdfdom:/home/manideep/ws_moveit2/install/rviz_marker_tools:/home/manideep/ws_moveit2/install/rosparam_shortcuts:/home/manideep/ws_moveit2/install/my_environment_package:/home/manideep/ws_moveit2/install/moveit_task_constructor_msgs:/home/manideep/ws_moveit2/install/moveit_resources_prbt_support:/home/manideep/ws_moveit2/install/moveit_resources:/home/manideep/ws_moveit2/install/moveit_resources_pr2_description:/home/manideep/ws_moveit2/install/moveit_resources_panda_moveit_config:/home/manideep/ws_moveit2/install/moveit_resources_panda_description:/home/manideep/ws_moveit2/install/moveit_resources_fanuc_moveit_config:/home/manideep/ws_moveit2/install/moveit_resources_fanuc_description:/home/manideep/ws_moveit2/install/moveit_common:/home/manideep/ws_moveit2/install/moveit_configs_utils:/home/manideep/ws_moveit2/install/launch_param_builder:/opt/ros/humble LD_LIBRARY_PATH=/home/manideep/FrankaSimulator_Ws/install/gazebo_ros2_control/lib:/home/manideep/FrankaSimulator_Ws/install/ros2_data/lib:/home/manideep/ws_moveit2/install/pilz_industrial_motion_planner_testutils/lib:/home/manideep/ws_moveit2/install/pilz_industrial_motion_planner/lib:/home/manideep/ws_moveit2/install/moveit_visual_tools/lib:/home/manideep/ws_moveit2/install/moveit_task_constructor_visualization/lib:/home/manideep/ws_moveit2/install/moveit_task_constructor_demo/lib:/home/manideep/ws_moveit2/install/moveit_task_constructor_capabilities/lib:/home/manideep/ws_moveit2/install/moveit_task_constructor_core/lib:/home/manideep/ws_moveit2/install/moveit_ros_control_interface/lib:/home/manideep/ws_moveit2/install/moveit_simple_controller_manager/lib:/home/manideep/ws_moveit2/install/moveit_setup_assistant/lib:/home/manideep/ws_moveit2/install/moveit_setup_srdf_plugins/lib:/home/manideep/ws_moveit2/install/moveit_setup_core_plugins/lib:/home/manideep/ws_moveit2/install/moveit_setup_controllers/lib:/home/manideep/ws_moveit2/install/moveit_setup_app_plugins/lib:/home/manideep/ws_moveit2/install/moveit_setup_framework/lib:/home/manideep/ws_moveit2/install/moveit_servo/lib:/home/manideep/ws_moveit2/install/moveit_ros_visualization/lib:/home/manideep/ws_moveit2/install/moveit_hybrid_planning/lib:/home/manideep/ws_moveit2/install/moveit_ros_planning_interface/lib:/home/manideep/ws_moveit2/install/moveit_ros_benchmarks/lib:/home/manideep/ws_moveit2/install/moveit_ros_warehouse/lib:/home/manideep/ws_moveit2/install/moveit_ros_robot_interaction/lib:/home/manideep/ws_moveit2/install/moveit_ros_perception/lib:/home/manideep/ws_moveit2/install/moveit_ros_move_group/lib:/home/manideep/ws_moveit2/install/moveit_planners_ompl/lib:/home/manideep/ws_moveit2/install/moveit_ros_planning/lib:/home/manideep/ws_moveit2/install/moveit_ros_occupancy_map_monitor/lib:/home/manideep/ws_moveit2/install/moveit_resources_prbt_ikfast_manipulator_plugin/lib:/home/manideep/ws_moveit2/install/moveit_planners_chomp/lib:/home/manideep/ws_moveit2/install/moveit_kinematics/lib:/home/manideep/ws_moveit2/install/moveit_chomp_optimizer_adapter/lib:/home/manideep/ws_moveit2/install/chomp_motion_planner/lib:/home/manideep/ws_moveit2/install/moveit_core/lib:/home/manideep/ws_moveit2/install/srdfdom/lib:/home/manideep/ws_moveit2/install/rviz_marker_tools/lib:/home/manideep/ws_moveit2/install/rosparam_shortcuts/lib:/home/manideep/ws_moveit2/install/moveit_task_constructor_msgs/lib:/opt/ros/humble/opt/rviz_ogre_vendor/lib:/opt/ros/humble/lib/x86_64-linux-gnu:/opt/ros/humble/lib /usr/bin/cmake --install /home/manideep/FrankaSimulator_Ws/build/gazebo_ros2_control_demos
[0.473s] Level 1:colcon.colcon_core.environment:checking '/home/manideep/FrankaSimulator_Ws/install/gazebo_ros2_control_demos' for CMake config files
[0.474s] Level 1:colcon.colcon_core.shell:create_environment_hook('gazebo_ros2_control_demos', 'cmake_prefix_path')
[0.474s] INFO:colcon.colcon_core.shell:Creating environment hook '/home/manideep/FrankaSimulator_Ws/install/gazebo_ros2_control_demos/share/gazebo_ros2_control_demos/hook/cmake_prefix_path.ps1'
[0.474s] INFO:colcon.colcon_core.shell:Creating environment descriptor '/home/manideep/FrankaSimulator_Ws/install/gazebo_ros2_control_demos/share/gazebo_ros2_control_demos/hook/cmake_prefix_path.dsv'
[0.474s] INFO:colcon.colcon_core.shell:Creating environment hook '/home/manideep/FrankaSimulator_Ws/install/gazebo_ros2_control_demos/share/gazebo_ros2_control_demos/hook/cmake_prefix_path.sh'
[0.475s] Level 1:colcon.colcon_core.environment:checking '/home/manideep/FrankaSimulator_Ws/install/gazebo_ros2_control_demos/lib'
[0.475s] Level 1:colcon.colcon_core.environment:checking '/home/manideep/FrankaSimulator_Ws/install/gazebo_ros2_control_demos/bin'
[0.475s] Level 1:colcon.colcon_core.environment:checking '/home/manideep/FrankaSimulator_Ws/install/gazebo_ros2_control_demos/lib/pkgconfig/gazebo_ros2_control_demos.pc'
[0.475s] Level 1:colcon.colcon_core.environment:checking '/home/manideep/FrankaSimulator_Ws/install/gazebo_ros2_control_demos/lib/python3.10/site-packages'
[0.475s] Level 1:colcon.colcon_core.environment:checking '/home/manideep/FrankaSimulator_Ws/install/gazebo_ros2_control_demos/bin'
[0.475s] INFO:colcon.colcon_core.shell:Creating package script '/home/manideep/FrankaSimulator_Ws/install/gazebo_ros2_control_demos/share/gazebo_ros2_control_demos/package.ps1'
[0.476s] INFO:colcon.colcon_core.shell:Creating package descriptor '/home/manideep/FrankaSimulator_Ws/install/gazebo_ros2_control_demos/share/gazebo_ros2_control_demos/package.dsv'
[0.476s] INFO:colcon.colcon_core.shell:Creating package script '/home/manideep/FrankaSimulator_Ws/install/gazebo_ros2_control_demos/share/gazebo_ros2_control_demos/package.sh'
[0.476s] INFO:colcon.colcon_core.shell:Creating package script '/home/manideep/FrankaSimulator_Ws/install/gazebo_ros2_control_demos/share/gazebo_ros2_control_demos/package.bash'
[0.476s] INFO:colcon.colcon_core.shell:Creating package script '/home/manideep/FrankaSimulator_Ws/install/gazebo_ros2_control_demos/share/gazebo_ros2_control_demos/package.zsh'
[0.477s] Level 1:colcon.colcon_core.environment:create_file_with_runtime_dependencies(/home/manideep/FrankaSimulator_Ws/install/gazebo_ros2_control_demos/share/colcon-core/packages/gazebo_ros2_control_demos)
[0.477s] Level 1:colcon.colcon_core.environment:create_environment_scripts_only(gazebo_ros2_control_demos)
[0.477s] Level 1:colcon.colcon_core.environment:checking '/home/manideep/FrankaSimulator_Ws/install/gazebo_ros2_control_demos' for CMake module files
[0.478s] Level 1:colcon.colcon_core.environment:checking '/home/manideep/FrankaSimulator_Ws/install/gazebo_ros2_control_demos' for CMake config files
[0.478s] Level 1:colcon.colcon_core.shell:create_environment_hook('gazebo_ros2_control_demos', 'cmake_prefix_path')
[0.478s] INFO:colcon.colcon_core.shell:Creating environment hook '/home/manideep/FrankaSimulator_Ws/install/gazebo_ros2_control_demos/share/gazebo_ros2_control_demos/hook/cmake_prefix_path.ps1'
[0.478s] INFO:colcon.colcon_core.shell:Creating environment descriptor '/home/manideep/FrankaSimulator_Ws/install/gazebo_ros2_control_demos/share/gazebo_ros2_control_demos/hook/cmake_prefix_path.dsv'
[0.478s] INFO:colcon.colcon_core.shell:Creating environment hook '/home/manideep/FrankaSimulator_Ws/install/gazebo_ros2_control_demos/share/gazebo_ros2_control_demos/hook/cmake_prefix_path.sh'
[0.479s] Level 1:colcon.colcon_core.environment:checking '/home/manideep/FrankaSimulator_Ws/install/gazebo_ros2_control_demos/lib'
[0.479s] Level 1:colcon.colcon_core.environment:checking '/home/manideep/FrankaSimulator_Ws/install/gazebo_ros2_control_demos/bin'
[0.479s] Level 1:colcon.colcon_core.environment:checking '/home/manideep/FrankaSimulator_Ws/install/gazebo_ros2_control_demos/lib/pkgconfig/gazebo_ros2_control_demos.pc'
[0.479s] Level 1:colcon.colcon_core.environment:checking '/home/manideep/FrankaSimulator_Ws/install/gazebo_ros2_control_demos/lib/python3.10/site-packages'
[0.479s] Level 1:colcon.colcon_core.environment:checking '/home/manideep/FrankaSimulator_Ws/install/gazebo_ros2_control_demos/bin'
[0.479s] INFO:colcon.colcon_core.shell:Creating package script '/home/manideep/FrankaSimulator_Ws/install/gazebo_ros2_control_demos/share/gazebo_ros2_control_demos/package.ps1'
[0.480s] INFO:colcon.colcon_core.shell:Creating package descriptor '/home/manideep/FrankaSimulator_Ws/install/gazebo_ros2_control_demos/share/gazebo_ros2_control_demos/package.dsv'
[0.480s] INFO:colcon.colcon_core.shell:Creating package script '/home/manideep/FrankaSimulator_Ws/install/gazebo_ros2_control_demos/share/gazebo_ros2_control_demos/package.sh'
[0.480s] INFO:colcon.colcon_core.shell:Creating package script '/home/manideep/FrankaSimulator_Ws/install/gazebo_ros2_control_demos/share/gazebo_ros2_control_demos/package.bash'
[0.481s] INFO:colcon.colcon_core.shell:Creating package script '/home/manideep/FrankaSimulator_Ws/install/gazebo_ros2_control_demos/share/gazebo_ros2_control_demos/package.zsh'
[0.481s] Level 1:colcon.colcon_core.environment:create_file_with_runtime_dependencies(/home/manideep/FrankaSimulator_Ws/install/gazebo_ros2_control_demos/share/colcon-core/packages/gazebo_ros2_control_demos)
[0.508s] DEBUG:colcon.colcon_core.event_handler.log_command:Invoked command in '/home/manideep/FrankaSimulator_Ws/build/ros2_data' returned '0': CMAKE_PREFIX_PATH=${CMAKE_PREFIX_PATH}:/home/manideep/ws_moveit2/install/moveit_configs_utils:/home/manideep/ws_moveit2/install/launch_param_builder:/opt/ros/humble /usr/bin/cmake --build /home/manideep/FrankaSimulator_Ws/build/ros2_data -- -j16 -l16
[0.509s] DEBUG:colcon.colcon_core.event_handler.log_command:Invoking command in '/home/manideep/FrankaSimulator_Ws/build/ros2_data': CMAKE_PREFIX_PATH=${CMAKE_PREFIX_PATH}:/home/manideep/ws_moveit2/install/moveit_configs_utils:/home/manideep/ws_moveit2/install/launch_param_builder:/opt/ros/humble /usr/bin/cmake --install /home/manideep/FrankaSimulator_Ws/build/ros2_data
[0.548s] Level 1:colcon.colcon_core.environment:create_environment_scripts_only(ros2_data)
[0.549s] Level 1:colcon.colcon_core.environment:checking '/home/manideep/FrankaSimulator_Ws/install/ros2_data' for CMake module files
[0.549s] DEBUG:colcon.colcon_core.event_handler.log_command:Invoked command in '/home/manideep/FrankaSimulator_Ws/build/ros2_data' returned '0': CMAKE_PREFIX_PATH=${CMAKE_PREFIX_PATH}:/home/manideep/ws_moveit2/install/moveit_configs_utils:/home/manideep/ws_moveit2/install/launch_param_builder:/opt/ros/humble /usr/bin/cmake --install /home/manideep/FrankaSimulator_Ws/build/ros2_data
[0.549s] Level 1:colcon.colcon_core.environment:checking '/home/manideep/FrankaSimulator_Ws/install/ros2_data' for CMake config files
[0.549s] Level 1:colcon.colcon_core.shell:create_environment_hook('ros2_data', 'cmake_prefix_path')
[0.549s] INFO:colcon.colcon_core.shell:Creating environment hook '/home/manideep/FrankaSimulator_Ws/install/ros2_data/share/ros2_data/hook/cmake_prefix_path.ps1'
[0.550s] INFO:colcon.colcon_core.shell:Creating environment descriptor '/home/manideep/FrankaSimulator_Ws/install/ros2_data/share/ros2_data/hook/cmake_prefix_path.dsv'
[0.550s] INFO:colcon.colcon_core.shell:Creating environment hook '/home/manideep/FrankaSimulator_Ws/install/ros2_data/share/ros2_data/hook/cmake_prefix_path.sh'
[0.550s] Level 1:colcon.colcon_core.environment:checking '/home/manideep/FrankaSimulator_Ws/install/ros2_data/lib'
[0.550s] Level 1:colcon.colcon_core.shell:create_environment_hook('ros2_data', 'ld_library_path_lib')
[0.550s] INFO:colcon.colcon_core.shell:Creating environment hook '/home/manideep/FrankaSimulator_Ws/install/ros2_data/share/ros2_data/hook/ld_library_path_lib.ps1'
[0.551s] INFO:colcon.colcon_core.shell:Creating environment descriptor '/home/manideep/FrankaSimulator_Ws/install/ros2_data/share/ros2_data/hook/ld_library_path_lib.dsv'
[0.551s] INFO:colcon.colcon_core.shell:Creating environment hook '/home/manideep/FrankaSimulator_Ws/install/ros2_data/share/ros2_data/hook/ld_library_path_lib.sh'
[0.551s] Level 1:colcon.colcon_core.environment:checking '/home/manideep/FrankaSimulator_Ws/install/ros2_data/bin'
[0.551s] Level 1:colcon.colcon_core.environment:checking '/home/manideep/FrankaSimulator_Ws/install/ros2_data/lib/pkgconfig/ros2_data.pc'
[0.551s] Level 1:colcon.colcon_core.environment:checking '/home/manideep/FrankaSimulator_Ws/install/ros2_data/lib/python3.10/site-packages'
[0.551s] Level 1:colcon.colcon_core.shell:create_environment_hook('ros2_data', 'pythonpath')
[0.551s] INFO:colcon.colcon_core.shell:Creating environment hook '/home/manideep/FrankaSimulator_Ws/install/ros2_data/share/ros2_data/hook/pythonpath.ps1'
[0.552s] INFO:colcon.colcon_core.shell:Creating environment descriptor '/home/manideep/FrankaSimulator_Ws/install/ros2_data/share/ros2_data/hook/pythonpath.dsv'
[0.552s] INFO:colcon.colcon_core.shell:Creating environment hook '/home/manideep/FrankaSimulator_Ws/install/ros2_data/share/ros2_data/hook/pythonpath.sh'
[0.552s] Level 1:colcon.colcon_core.environment:checking '/home/manideep/FrankaSimulator_Ws/install/ros2_data/bin'
[0.552s] INFO:colcon.colcon_core.shell:Creating package script '/home/manideep/FrankaSimulator_Ws/install/ros2_data/share/ros2_data/package.ps1'
[0.553s] INFO:colcon.colcon_core.shell:Creating package descriptor '/home/manideep/FrankaSimulator_Ws/install/ros2_data/share/ros2_data/package.dsv'
[0.553s] INFO:colcon.colcon_core.shell:Creating package script '/home/manideep/FrankaSimulator_Ws/install/ros2_data/share/ros2_data/package.sh'
[0.553s] INFO:colcon.colcon_core.shell:Creating package script '/home/manideep/FrankaSimulator_Ws/install/ros2_data/share/ros2_data/package.bash'
[0.553s] INFO:colcon.colcon_core.shell:Creating package script '/home/manideep/FrankaSimulator_Ws/install/ros2_data/share/ros2_data/package.zsh'
[0.553s] Level 1:colcon.colcon_core.environment:create_file_with_runtime_dependencies(/home/manideep/FrankaSimulator_Ws/install/ros2_data/share/colcon-core/packages/ros2_data)
[0.554s] Level 1:colcon.colcon_core.environment:create_environment_scripts_only(ros2_data)
[0.554s] Level 1:colcon.colcon_core.environment:checking '/home/manideep/FrankaSimulator_Ws/install/ros2_data' for CMake module files
[0.554s] Level 1:colcon.colcon_core.environment:checking '/home/manideep/FrankaSimulator_Ws/install/ros2_data' for CMake config files
[0.554s] Level 1:colcon.colcon_core.shell:create_environment_hook('ros2_data', 'cmake_prefix_path')
[0.555s] INFO:colcon.colcon_core.shell:Creating environment hook '/home/manideep/FrankaSimulator_Ws/install/ros2_data/share/ros2_data/hook/cmake_prefix_path.ps1'
[0.555s] INFO:colcon.colcon_core.shell:Creating environment descriptor '/home/manideep/FrankaSimulator_Ws/install/ros2_data/share/ros2_data/hook/cmake_prefix_path.dsv'
[0.555s] INFO:colcon.colcon_core.shell:Creating environment hook '/home/manideep/FrankaSimulator_Ws/install/ros2_data/share/ros2_data/hook/cmake_prefix_path.sh'
[0.556s] Level 1:colcon.colcon_core.environment:checking '/home/manideep/FrankaSimulator_Ws/install/ros2_data/lib'
[0.556s] Level 1:colcon.colcon_core.shell:create_environment_hook('ros2_data', 'ld_library_path_lib')
[0.556s] INFO:colcon.colcon_core.shell:Creating environment hook '/home/manideep/FrankaSimulator_Ws/install/ros2_data/share/ros2_data/hook/ld_library_path_lib.ps1'
[0.556s] INFO:colcon.colcon_core.shell:Creating environment descriptor '/home/manideep/FrankaSimulator_Ws/install/ros2_data/share/ros2_data/hook/ld_library_path_lib.dsv'
[0.556s] INFO:colcon.colcon_core.shell:Creating environment hook '/home/manideep/FrankaSimulator_Ws/install/ros2_data/share/ros2_data/hook/ld_library_path_lib.sh'
[0.556s] Level 1:colcon.colcon_core.environment:checking '/home/manideep/FrankaSimulator_Ws/install/ros2_data/bin'
[0.556s] Level 1:colcon.colcon_core.environment:checking '/home/manideep/FrankaSimulator_Ws/install/ros2_data/lib/pkgconfig/ros2_data.pc'
[0.557s] Level 1:colcon.colcon_core.environment:checking '/home/manideep/FrankaSimulator_Ws/install/ros2_data/lib/python3.10/site-packages'
[0.557s] Level 1:colcon.colcon_core.shell:create_environment_hook('ros2_data', 'pythonpath')
[0.557s] INFO:colcon.colcon_core.shell:Creating environment hook '/home/manideep/FrankaSimulator_Ws/install/ros2_data/share/ros2_data/hook/pythonpath.ps1'
[0.557s] INFO:colcon.colcon_core.shell:Creating environment descriptor '/home/manideep/FrankaSimulator_Ws/install/ros2_data/share/ros2_data/hook/pythonpath.dsv'
[0.557s] INFO:colcon.colcon_core.shell:Creating environment hook '/home/manideep/FrankaSimulator_Ws/install/ros2_data/share/ros2_data/hook/pythonpath.sh'
[0.557s] Level 1:colcon.colcon_core.environment:checking '/home/manideep/FrankaSimulator_Ws/install/ros2_data/bin'
[0.558s] INFO:colcon.colcon_core.shell:Creating package script '/home/manideep/FrankaSimulator_Ws/install/ros2_data/share/ros2_data/package.ps1'
[0.558s] INFO:colcon.colcon_core.shell:Creating package descriptor '/home/manideep/FrankaSimulator_Ws/install/ros2_data/share/ros2_data/package.dsv'
[0.558s] INFO:colcon.colcon_core.shell:Creating package script '/home/manideep/FrankaSimulator_Ws/install/ros2_data/share/ros2_data/package.sh'
[0.558s] INFO:colcon.colcon_core.shell:Creating package script '/home/manideep/FrankaSimulator_Ws/install/ros2_data/share/ros2_data/package.bash'
[0.559s] INFO:colcon.colcon_core.shell:Creating package script '/home/manideep/FrankaSimulator_Ws/install/ros2_data/share/ros2_data/package.zsh'
[0.559s] Level 1:colcon.colcon_core.environment:create_file_with_runtime_dependencies(/home/manideep/FrankaSimulator_Ws/install/ros2_data/share/colcon-core/packages/ros2_data)
[0.559s] INFO:colcon.colcon_ros.task.ament_cmake.build:Building ROS package in '/home/manideep/FrankaSimulator_Ws/src/PandaRobot/panda_ros2_moveit2' with build type 'ament_cmake'
[0.559s] INFO:colcon.colcon_cmake.task.cmake.build:Building CMake package in '/home/manideep/FrankaSimulator_Ws/src/PandaRobot/panda_ros2_moveit2'
[0.559s] INFO:colcon.colcon_core.shell:Skip shell extension 'powershell' for command environment: Not usable outside of PowerShell
[0.559s] DEBUG:colcon.colcon_core.shell:Skip shell extension 'dsv' for command environment
[0.564s] INFO:colcon.colcon_ros.task.ament_cmake.build:Building ROS package in '/home/manideep/FrankaSimulator_Ws/src/ros2_actions' with build type 'ament_cmake'
[0.564s] INFO:colcon.colcon_cmake.task.cmake.build:Building CMake package in '/home/manideep/FrankaSimulator_Ws/src/ros2_actions'
[0.564s] INFO:colcon.colcon_core.shell:Skip shell extension 'powershell' for command environment: Not usable outside of PowerShell
[0.564s] DEBUG:colcon.colcon_core.shell:Skip shell extension 'dsv' for command environment
[0.573s] DEBUG:colcon.colcon_core.event_handler.log_command:Invoking command in '/home/manideep/FrankaSimulator_Ws/build/panda_ros2_moveit2': CMAKE_PREFIX_PATH=/home/manideep/FrankaSimulator_Ws/install/ros2_data:/home/manideep/FrankaSimulator_Ws/install/ros2_actions:/home/manideep/FrankaSimulator_Ws/install/panda_ros2_moveit2:/home/manideep/FrankaSimulator_Ws/install/panda_ros2_gazebo:/home/manideep/FrankaSimulator_Ws/install/gazebo_ros2_control_demos:/home/manideep/FrankaSimulator_Ws/install/gazebo_ros2_control:/home/manideep/ws_moveit2/install/pilz_industrial_motion_planner_testutils:/home/manideep/ws_moveit2/install/moveit_runtime:/home/manideep/ws_moveit2/install/moveit2_tutorials:/home/manideep/ws_moveit2/install/moveit:/home/manideep/ws_moveit2/install/moveit_planners:/home/manideep/ws_moveit2/install/pilz_industrial_motion_planner:/home/manideep/ws_moveit2/install/moveit_visual_tools:/home/manideep/ws_moveit2/install/moveit_task_constructor_visualization:/home/manideep/ws_moveit2/install/moveit_task_constructor_demo:/home/manideep/ws_moveit2/install/moveit_task_constructor_capabilities:/home/manideep/ws_moveit2/install/moveit_task_constructor_core:/home/manideep/ws_moveit2/install/moveit_ros_control_interface:/home/manideep/ws_moveit2/install/moveit_plugins:/home/manideep/ws_moveit2/install/moveit_simple_controller_manager:/home/manideep/ws_moveit2/install/moveit_setup_assistant:/home/manideep/ws_moveit2/install/moveit_setup_srdf_plugins:/home/manideep/ws_moveit2/install/moveit_setup_core_plugins:/home/manideep/ws_moveit2/install/moveit_setup_controllers:/home/manideep/ws_moveit2/install/moveit_setup_app_plugins:/home/manideep/ws_moveit2/install/moveit_setup_framework:/home/manideep/ws_moveit2/install/moveit_servo:/home/manideep/ws_moveit2/install/moveit_ros:/home/manideep/ws_moveit2/install/moveit_ros_visualization:/home/manideep/ws_moveit2/install/moveit_hybrid_planning:/home/manideep/ws_moveit2/install/moveit_ros_planning_interface:/home/manideep/ws_moveit2/install/moveit_ros_benchmarks:/home/manideep/ws_moveit2/install/moveit_ros_warehouse:/home/manideep/ws_moveit2/install/moveit_ros_robot_interaction:/home/manideep/ws_moveit2/install/moveit_ros_perception:/home/manideep/ws_moveit2/install/moveit_resources_prbt_pg70_support:/home/manideep/ws_moveit2/install/moveit_resources_prbt_moveit_config:/home/manideep/ws_moveit2/install/moveit_ros_move_group:/home/manideep/ws_moveit2/install/moveit_planners_ompl:/home/manideep/ws_moveit2/install/moveit_ros_planning:/home/manideep/ws_moveit2/install/moveit_ros_occupancy_map_monitor:/home/manideep/ws_moveit2/install/moveit_resources_prbt_ikfast_manipulator_plugin:/home/manideep/ws_moveit2/install/moveit_planners_chomp:/home/manideep/ws_moveit2/install/moveit_kinematics:/home/manideep/ws_moveit2/install/moveit_chomp_optimizer_adapter:/home/manideep/ws_moveit2/install/chomp_motion_planner:/home/manideep/ws_moveit2/install/moveit_core:/home/manideep/ws_moveit2/install/srdfdom:/home/manideep/ws_moveit2/install/rviz_marker_tools:/home/manideep/ws_moveit2/install/rosparam_shortcuts:/home/manideep/ws_moveit2/install/my_environment_package:/home/manideep/ws_moveit2/install/moveit_task_constructor_msgs:/home/manideep/ws_moveit2/install/moveit_resources_prbt_support:/home/manideep/ws_moveit2/install/moveit_resources:/home/manideep/ws_moveit2/install/moveit_resources_pr2_description:/home/manideep/ws_moveit2/install/moveit_resources_panda_moveit_config:/home/manideep/ws_moveit2/install/moveit_resources_panda_description:/home/manideep/ws_moveit2/install/moveit_resources_fanuc_moveit_config:/home/manideep/ws_moveit2/install/moveit_resources_fanuc_description:/home/manideep/ws_moveit2/install/moveit_common:/home/manideep/ws_moveit2/install/moveit_configs_utils:/home/manideep/ws_moveit2/install/launch_param_builder:/opt/ros/humble /usr/bin/cmake --build /home/manideep/FrankaSimulator_Ws/build/panda_ros2_moveit2 -- -j16 -l16
[0.576s] DEBUG:colcon.colcon_core.event_handler.log_command:Invoking command in '/home/manideep/FrankaSimulator_Ws/build/ros2_actions': CMAKE_PREFIX_PATH=/home/manideep/FrankaSimulator_Ws/install/ros2_data:/home/manideep/FrankaSimulator_Ws/install/ros2_actions:/home/manideep/FrankaSimulator_Ws/install/panda_ros2_moveit2:/home/manideep/FrankaSimulator_Ws/install/panda_ros2_gazebo:/home/manideep/FrankaSimulator_Ws/install/gazebo_ros2_control_demos:/home/manideep/FrankaSimulator_Ws/install/gazebo_ros2_control:/home/manideep/ws_moveit2/install/pilz_industrial_motion_planner_testutils:/home/manideep/ws_moveit2/install/moveit_runtime:/home/manideep/ws_moveit2/install/moveit2_tutorials:/home/manideep/ws_moveit2/install/moveit:/home/manideep/ws_moveit2/install/moveit_planners:/home/manideep/ws_moveit2/install/pilz_industrial_motion_planner:/home/manideep/ws_moveit2/install/moveit_visual_tools:/home/manideep/ws_moveit2/install/moveit_task_constructor_visualization:/home/manideep/ws_moveit2/install/moveit_task_constructor_demo:/home/manideep/ws_moveit2/install/moveit_task_constructor_capabilities:/home/manideep/ws_moveit2/install/moveit_task_constructor_core:/home/manideep/ws_moveit2/install/moveit_ros_control_interface:/home/manideep/ws_moveit2/install/moveit_plugins:/home/manideep/ws_moveit2/install/moveit_simple_controller_manager:/home/manideep/ws_moveit2/install/moveit_setup_assistant:/home/manideep/ws_moveit2/install/moveit_setup_srdf_plugins:/home/manideep/ws_moveit2/install/moveit_setup_core_plugins:/home/manideep/ws_moveit2/install/moveit_setup_controllers:/home/manideep/ws_moveit2/install/moveit_setup_app_plugins:/home/manideep/ws_moveit2/install/moveit_setup_framework:/home/manideep/ws_moveit2/install/moveit_servo:/home/manideep/ws_moveit2/install/moveit_ros:/home/manideep/ws_moveit2/install/moveit_ros_visualization:/home/manideep/ws_moveit2/install/moveit_hybrid_planning:/home/manideep/ws_moveit2/install/moveit_ros_planning_interface:/home/manideep/ws_moveit2/install/moveit_ros_benchmarks:/home/manideep/ws_moveit2/install/moveit_ros_warehouse:/home/manideep/ws_moveit2/install/moveit_ros_robot_interaction:/home/manideep/ws_moveit2/install/moveit_ros_perception:/home/manideep/ws_moveit2/install/moveit_resources_prbt_pg70_support:/home/manideep/ws_moveit2/install/moveit_resources_prbt_moveit_config:/home/manideep/ws_moveit2/install/moveit_ros_move_group:/home/manideep/ws_moveit2/install/moveit_planners_ompl:/home/manideep/ws_moveit2/install/moveit_ros_planning:/home/manideep/ws_moveit2/install/moveit_ros_occupancy_map_monitor:/home/manideep/ws_moveit2/install/moveit_resources_prbt_ikfast_manipulator_plugin:/home/manideep/ws_moveit2/install/moveit_planners_chomp:/home/manideep/ws_moveit2/install/moveit_kinematics:/home/manideep/ws_moveit2/install/moveit_chomp_optimizer_adapter:/home/manideep/ws_moveit2/install/chomp_motion_planner:/home/manideep/ws_moveit2/install/moveit_core:/home/manideep/ws_moveit2/install/srdfdom:/home/manideep/ws_moveit2/install/rviz_marker_tools:/home/manideep/ws_moveit2/install/rosparam_shortcuts:/home/manideep/ws_moveit2/install/my_environment_package:/home/manideep/ws_moveit2/install/moveit_task_constructor_msgs:/home/manideep/ws_moveit2/install/moveit_resources_prbt_support:/home/manideep/ws_moveit2/install/moveit_resources:/home/manideep/ws_moveit2/install/moveit_resources_pr2_description:/home/manideep/ws_moveit2/install/moveit_resources_panda_moveit_config:/home/manideep/ws_moveit2/install/moveit_resources_panda_description:/home/manideep/ws_moveit2/install/moveit_resources_fanuc_moveit_config:/home/manideep/ws_moveit2/install/moveit_resources_fanuc_description:/home/manideep/ws_moveit2/install/moveit_common:/home/manideep/ws_moveit2/install/moveit_configs_utils:/home/manideep/ws_moveit2/install/launch_param_builder:/opt/ros/humble /usr/bin/cmake --build /home/manideep/FrankaSimulator_Ws/build/ros2_actions -- -j16 -l16
[0.608s] DEBUG:colcon.colcon_core.event_handler.log_command:Invoked command in '/home/manideep/FrankaSimulator_Ws/build/panda_ros2_moveit2' returned '0': CMAKE_PREFIX_PATH=/home/manideep/FrankaSimulator_Ws/install/ros2_data:/home/manideep/FrankaSimulator_Ws/install/ros2_actions:/home/manideep/FrankaSimulator_Ws/install/panda_ros2_moveit2:/home/manideep/FrankaSimulator_Ws/install/panda_ros2_gazebo:/home/manideep/FrankaSimulator_Ws/install/gazebo_ros2_control_demos:/home/manideep/FrankaSimulator_Ws/install/gazebo_ros2_control:/home/manideep/ws_moveit2/install/pilz_industrial_motion_planner_testutils:/home/manideep/ws_moveit2/install/moveit_runtime:/home/manideep/ws_moveit2/install/moveit2_tutorials:/home/manideep/ws_moveit2/install/moveit:/home/manideep/ws_moveit2/install/moveit_planners:/home/manideep/ws_moveit2/install/pilz_industrial_motion_planner:/home/manideep/ws_moveit2/install/moveit_visual_tools:/home/manideep/ws_moveit2/install/moveit_task_constructor_visualization:/home/manideep/ws_moveit2/install/moveit_task_constructor_demo:/home/manideep/ws_moveit2/install/moveit_task_constructor_capabilities:/home/manideep/ws_moveit2/install/moveit_task_constructor_core:/home/manideep/ws_moveit2/install/moveit_ros_control_interface:/home/manideep/ws_moveit2/install/moveit_plugins:/home/manideep/ws_moveit2/install/moveit_simple_controller_manager:/home/manideep/ws_moveit2/install/moveit_setup_assistant:/home/manideep/ws_moveit2/install/moveit_setup_srdf_plugins:/home/manideep/ws_moveit2/install/moveit_setup_core_plugins:/home/manideep/ws_moveit2/install/moveit_setup_controllers:/home/manideep/ws_moveit2/install/moveit_setup_app_plugins:/home/manideep/ws_moveit2/install/moveit_setup_framework:/home/manideep/ws_moveit2/install/moveit_servo:/home/manideep/ws_moveit2/install/moveit_ros:/home/manideep/ws_moveit2/install/moveit_ros_visualization:/home/manideep/ws_moveit2/install/moveit_hybrid_planning:/home/manideep/ws_moveit2/install/moveit_ros_planning_interface:/home/manideep/ws_moveit2/install/moveit_ros_benchmarks:/home/manideep/ws_moveit2/install/moveit_ros_warehouse:/home/manideep/ws_moveit2/install/moveit_ros_robot_interaction:/home/manideep/ws_moveit2/install/moveit_ros_perception:/home/manideep/ws_moveit2/install/moveit_resources_prbt_pg70_support:/home/manideep/ws_moveit2/install/moveit_resources_prbt_moveit_config:/home/manideep/ws_moveit2/install/moveit_ros_move_group:/home/manideep/ws_moveit2/install/moveit_planners_ompl:/home/manideep/ws_moveit2/install/moveit_ros_planning:/home/manideep/ws_moveit2/install/moveit_ros_occupancy_map_monitor:/home/manideep/ws_moveit2/install/moveit_resources_prbt_ikfast_manipulator_plugin:/home/manideep/ws_moveit2/install/moveit_planners_chomp:/home/manideep/ws_moveit2/install/moveit_kinematics:/home/manideep/ws_moveit2/install/moveit_chomp_optimizer_adapter:/home/manideep/ws_moveit2/install/chomp_motion_planner:/home/manideep/ws_moveit2/install/moveit_core:/home/manideep/ws_moveit2/install/srdfdom:/home/manideep/ws_moveit2/install/rviz_marker_tools:/home/manideep/ws_moveit2/install/rosparam_shortcuts:/home/manideep/ws_moveit2/install/my_environment_package:/home/manideep/ws_moveit2/install/moveit_task_constructor_msgs:/home/manideep/ws_moveit2/install/moveit_resources_prbt_support:/home/manideep/ws_moveit2/install/moveit_resources:/home/manideep/ws_moveit2/install/moveit_resources_pr2_description:/home/manideep/ws_moveit2/install/moveit_resources_panda_moveit_config:/home/manideep/ws_moveit2/install/moveit_resources_panda_description:/home/manideep/ws_moveit2/install/moveit_resources_fanuc_moveit_config:/home/manideep/ws_moveit2/install/moveit_resources_fanuc_description:/home/manideep/ws_moveit2/install/moveit_common:/home/manideep/ws_moveit2/install/moveit_configs_utils:/home/manideep/ws_moveit2/install/launch_param_builder:/opt/ros/humble /usr/bin/cmake --build /home/manideep/FrankaSimulator_Ws/build/panda_ros2_moveit2 -- -j16 -l16
[0.610s] DEBUG:colcon.colcon_core.event_handler.log_command:Invoking command in '/home/manideep/FrankaSimulator_Ws/build/panda_ros2_moveit2': CMAKE_PREFIX_PATH=/home/manideep/FrankaSimulator_Ws/install/ros2_data:/home/manideep/FrankaSimulator_Ws/install/ros2_actions:/home/manideep/FrankaSimulator_Ws/install/panda_ros2_moveit2:/home/manideep/FrankaSimulator_Ws/install/panda_ros2_gazebo:/home/manideep/FrankaSimulator_Ws/install/gazebo_ros2_control_demos:/home/manideep/FrankaSimulator_Ws/install/gazebo_ros2_control:/home/manideep/ws_moveit2/install/pilz_industrial_motion_planner_testutils:/home/manideep/ws_moveit2/install/moveit_runtime:/home/manideep/ws_moveit2/install/moveit2_tutorials:/home/manideep/ws_moveit2/install/moveit:/home/manideep/ws_moveit2/install/moveit_planners:/home/manideep/ws_moveit2/install/pilz_industrial_motion_planner:/home/manideep/ws_moveit2/install/moveit_visual_tools:/home/manideep/ws_moveit2/install/moveit_task_constructor_visualization:/home/manideep/ws_moveit2/install/moveit_task_constructor_demo:/home/manideep/ws_moveit2/install/moveit_task_constructor_capabilities:/home/manideep/ws_moveit2/install/moveit_task_constructor_core:/home/manideep/ws_moveit2/install/moveit_ros_control_interface:/home/manideep/ws_moveit2/install/moveit_plugins:/home/manideep/ws_moveit2/install/moveit_simple_controller_manager:/home/manideep/ws_moveit2/install/moveit_setup_assistant:/home/manideep/ws_moveit2/install/moveit_setup_srdf_plugins:/home/manideep/ws_moveit2/install/moveit_setup_core_plugins:/home/manideep/ws_moveit2/install/moveit_setup_controllers:/home/manideep/ws_moveit2/install/moveit_setup_app_plugins:/home/manideep/ws_moveit2/install/moveit_setup_framework:/home/manideep/ws_moveit2/install/moveit_servo:/home/manideep/ws_moveit2/install/moveit_ros:/home/manideep/ws_moveit2/install/moveit_ros_visualization:/home/manideep/ws_moveit2/install/moveit_hybrid_planning:/home/manideep/ws_moveit2/install/moveit_ros_planning_interface:/home/manideep/ws_moveit2/install/moveit_ros_benchmarks:/home/manideep/ws_moveit2/install/moveit_ros_warehouse:/home/manideep/ws_moveit2/install/moveit_ros_robot_interaction:/home/manideep/ws_moveit2/install/moveit_ros_perception:/home/manideep/ws_moveit2/install/moveit_resources_prbt_pg70_support:/home/manideep/ws_moveit2/install/moveit_resources_prbt_moveit_config:/home/manideep/ws_moveit2/install/moveit_ros_move_group:/home/manideep/ws_moveit2/install/moveit_planners_ompl:/home/manideep/ws_moveit2/install/moveit_ros_planning:/home/manideep/ws_moveit2/install/moveit_ros_occupancy_map_monitor:/home/manideep/ws_moveit2/install/moveit_resources_prbt_ikfast_manipulator_plugin:/home/manideep/ws_moveit2/install/moveit_planners_chomp:/home/manideep/ws_moveit2/install/moveit_kinematics:/home/manideep/ws_moveit2/install/moveit_chomp_optimizer_adapter:/home/manideep/ws_moveit2/install/chomp_motion_planner:/home/manideep/ws_moveit2/install/moveit_core:/home/manideep/ws_moveit2/install/srdfdom:/home/manideep/ws_moveit2/install/rviz_marker_tools:/home/manideep/ws_moveit2/install/rosparam_shortcuts:/home/manideep/ws_moveit2/install/my_environment_package:/home/manideep/ws_moveit2/install/moveit_task_constructor_msgs:/home/manideep/ws_moveit2/install/moveit_resources_prbt_support:/home/manideep/ws_moveit2/install/moveit_resources:/home/manideep/ws_moveit2/install/moveit_resources_pr2_description:/home/manideep/ws_moveit2/install/moveit_resources_panda_moveit_config:/home/manideep/ws_moveit2/install/moveit_resources_panda_description:/home/manideep/ws_moveit2/install/moveit_resources_fanuc_moveit_config:/home/manideep/ws_moveit2/install/moveit_resources_fanuc_description:/home/manideep/ws_moveit2/install/moveit_common:/home/manideep/ws_moveit2/install/moveit_configs_utils:/home/manideep/ws_moveit2/install/launch_param_builder:/opt/ros/humble /usr/bin/cmake --install /home/manideep/FrankaSimulator_Ws/build/panda_ros2_moveit2
[0.628s] Level 1:colcon.colcon_core.environment:create_environment_scripts_only(panda_ros2_moveit2)
[0.628s] Level 1:colcon.colcon_core.environment:checking '/home/manideep/FrankaSimulator_Ws/install/panda_ros2_moveit2' for CMake module files
[0.629s] DEBUG:colcon.colcon_core.event_handler.log_command:Invoked command in '/home/manideep/FrankaSimulator_Ws/build/panda_ros2_moveit2' returned '0': CMAKE_PREFIX_PATH=/home/manideep/FrankaSimulator_Ws/install/ros2_data:/home/manideep/FrankaSimulator_Ws/install/ros2_actions:/home/manideep/FrankaSimulator_Ws/install/panda_ros2_moveit2:/home/manideep/FrankaSimulator_Ws/install/panda_ros2_gazebo:/home/manideep/FrankaSimulator_Ws/install/gazebo_ros2_control_demos:/home/manideep/FrankaSimulator_Ws/install/gazebo_ros2_control:/home/manideep/ws_moveit2/install/pilz_industrial_motion_planner_testutils:/home/manideep/ws_moveit2/install/moveit_runtime:/home/manideep/ws_moveit2/install/moveit2_tutorials:/home/manideep/ws_moveit2/install/moveit:/home/manideep/ws_moveit2/install/moveit_planners:/home/manideep/ws_moveit2/install/pilz_industrial_motion_planner:/home/manideep/ws_moveit2/install/moveit_visual_tools:/home/manideep/ws_moveit2/install/moveit_task_constructor_visualization:/home/manideep/ws_moveit2/install/moveit_task_constructor_demo:/home/manideep/ws_moveit2/install/moveit_task_constructor_capabilities:/home/manideep/ws_moveit2/install/moveit_task_constructor_core:/home/manideep/ws_moveit2/install/moveit_ros_control_interface:/home/manideep/ws_moveit2/install/moveit_plugins:/home/manideep/ws_moveit2/install/moveit_simple_controller_manager:/home/manideep/ws_moveit2/install/moveit_setup_assistant:/home/manideep/ws_moveit2/install/moveit_setup_srdf_plugins:/home/manideep/ws_moveit2/install/moveit_setup_core_plugins:/home/manideep/ws_moveit2/install/moveit_setup_controllers:/home/manideep/ws_moveit2/install/moveit_setup_app_plugins:/home/manideep/ws_moveit2/install/moveit_setup_framework:/home/manideep/ws_moveit2/install/moveit_servo:/home/manideep/ws_moveit2/install/moveit_ros:/home/manideep/ws_moveit2/install/moveit_ros_visualization:/home/manideep/ws_moveit2/install/moveit_hybrid_planning:/home/manideep/ws_moveit2/install/moveit_ros_planning_interface:/home/manideep/ws_moveit2/install/moveit_ros_benchmarks:/home/manideep/ws_moveit2/install/moveit_ros_warehouse:/home/manideep/ws_moveit2/install/moveit_ros_robot_interaction:/home/manideep/ws_moveit2/install/moveit_ros_perception:/home/manideep/ws_moveit2/install/moveit_resources_prbt_pg70_support:/home/manideep/ws_moveit2/install/moveit_resources_prbt_moveit_config:/home/manideep/ws_moveit2/install/moveit_ros_move_group:/home/manideep/ws_moveit2/install/moveit_planners_ompl:/home/manideep/ws_moveit2/install/moveit_ros_planning:/home/manideep/ws_moveit2/install/moveit_ros_occupancy_map_monitor:/home/manideep/ws_moveit2/install/moveit_resources_prbt_ikfast_manipulator_plugin:/home/manideep/ws_moveit2/install/moveit_planners_chomp:/home/manideep/ws_moveit2/install/moveit_kinematics:/home/manideep/ws_moveit2/install/moveit_chomp_optimizer_adapter:/home/manideep/ws_moveit2/install/chomp_motion_planner:/home/manideep/ws_moveit2/install/moveit_core:/home/manideep/ws_moveit2/install/srdfdom:/home/manideep/ws_moveit2/install/rviz_marker_tools:/home/manideep/ws_moveit2/install/rosparam_shortcuts:/home/manideep/ws_moveit2/install/my_environment_package:/home/manideep/ws_moveit2/install/moveit_task_constructor_msgs:/home/manideep/ws_moveit2/install/moveit_resources_prbt_support:/home/manideep/ws_moveit2/install/moveit_resources:/home/manideep/ws_moveit2/install/moveit_resources_pr2_description:/home/manideep/ws_moveit2/install/moveit_resources_panda_moveit_config:/home/manideep/ws_moveit2/install/moveit_resources_panda_description:/home/manideep/ws_moveit2/install/moveit_resources_fanuc_moveit_config:/home/manideep/ws_moveit2/install/moveit_resources_fanuc_description:/home/manideep/ws_moveit2/install/moveit_common:/home/manideep/ws_moveit2/install/moveit_configs_utils:/home/manideep/ws_moveit2/install/launch_param_builder:/opt/ros/humble /usr/bin/cmake --install /home/manideep/FrankaSimulator_Ws/build/panda_ros2_moveit2
[0.629s] Level 1:colcon.colcon_core.environment:checking '/home/manideep/FrankaSimulator_Ws/install/panda_ros2_moveit2' for CMake config files
[0.629s] Level 1:colcon.colcon_core.shell:create_environment_hook('panda_ros2_moveit2', 'cmake_prefix_path')
[0.630s] INFO:colcon.colcon_core.shell:Creating environment hook '/home/manideep/FrankaSimulator_Ws/install/panda_ros2_moveit2/share/panda_ros2_moveit2/hook/cmake_prefix_path.ps1'
[0.630s] INFO:colcon.colcon_core.shell:Creating environment descriptor '/home/manideep/FrankaSimulator_Ws/install/panda_ros2_moveit2/share/panda_ros2_moveit2/hook/cmake_prefix_path.dsv'
[0.631s] INFO:colcon.colcon_core.shell:Creating environment hook '/home/manideep/FrankaSimulator_Ws/install/panda_ros2_moveit2/share/panda_ros2_moveit2/hook/cmake_prefix_path.sh'
[0.632s] Level 1:colcon.colcon_core.environment:checking '/home/manideep/FrankaSimulator_Ws/install/panda_ros2_moveit2/bin'
[0.632s] Level 1:colcon.colcon_core.environment:checking '/home/manideep/FrankaSimulator_Ws/install/panda_ros2_moveit2/lib/pkgconfig/panda_ros2_moveit2.pc'
[0.632s] Level 1:colcon.colcon_core.environment:checking '/home/manideep/FrankaSimulator_Ws/install/panda_ros2_moveit2/lib/python3.10/site-packages'
[0.632s] Level 1:colcon.colcon_core.environment:checking '/home/manideep/FrankaSimulator_Ws/install/panda_ros2_moveit2/bin'
[0.632s] INFO:colcon.colcon_core.shell:Creating package script '/home/manideep/FrankaSimulator_Ws/install/panda_ros2_moveit2/share/panda_ros2_moveit2/package.ps1'
[0.633s] INFO:colcon.colcon_core.shell:Creating package descriptor '/home/manideep/FrankaSimulator_Ws/install/panda_ros2_moveit2/share/panda_ros2_moveit2/package.dsv'
[0.633s] INFO:colcon.colcon_core.shell:Creating package script '/home/manideep/FrankaSimulator_Ws/install/panda_ros2_moveit2/share/panda_ros2_moveit2/package.sh'
[0.634s] INFO:colcon.colcon_core.shell:Creating package script '/home/manideep/FrankaSimulator_Ws/install/panda_ros2_moveit2/share/panda_ros2_moveit2/package.bash'
[0.634s] INFO:colcon.colcon_core.shell:Creating package script '/home/manideep/FrankaSimulator_Ws/install/panda_ros2_moveit2/share/panda_ros2_moveit2/package.zsh'
[0.634s] Level 1:colcon.colcon_core.environment:create_file_with_runtime_dependencies(/home/manideep/FrankaSimulator_Ws/install/panda_ros2_moveit2/share/colcon-core/packages/panda_ros2_moveit2)
[0.635s] Level 1:colcon.colcon_core.environment:create_environment_scripts_only(panda_ros2_moveit2)
[0.635s] Level 1:colcon.colcon_core.environment:checking '/home/manideep/FrankaSimulator_Ws/install/panda_ros2_moveit2' for CMake module files
[0.635s] Level 1:colcon.colcon_core.environment:checking '/home/manideep/FrankaSimulator_Ws/install/panda_ros2_moveit2' for CMake config files
[0.635s] Level 1:colcon.colcon_core.shell:create_environment_hook('panda_ros2_moveit2', 'cmake_prefix_path')
[0.636s] INFO:colcon.colcon_core.shell:Creating environment hook '/home/manideep/FrankaSimulator_Ws/install/panda_ros2_moveit2/share/panda_ros2_moveit2/hook/cmake_prefix_path.ps1'
[0.636s] INFO:colcon.colcon_core.shell:Creating environment descriptor '/home/manideep/FrankaSimulator_Ws/install/panda_ros2_moveit2/share/panda_ros2_moveit2/hook/cmake_prefix_path.dsv'
[0.636s] INFO:colcon.colcon_core.shell:Creating environment hook '/home/manideep/FrankaSimulator_Ws/install/panda_ros2_moveit2/share/panda_ros2_moveit2/hook/cmake_prefix_path.sh'
[0.637s] Level 1:colcon.colcon_core.environment:checking '/home/manideep/FrankaSimulator_Ws/install/panda_ros2_moveit2/bin'
[0.637s] Level 1:colcon.colcon_core.environment:checking '/home/manideep/FrankaSimulator_Ws/install/panda_ros2_moveit2/lib/pkgconfig/panda_ros2_moveit2.pc'
[0.637s] Level 1:colcon.colcon_core.environment:checking '/home/manideep/FrankaSimulator_Ws/install/panda_ros2_moveit2/lib/python3.10/site-packages'
[0.637s] Level 1:colcon.colcon_core.environment:checking '/home/manideep/FrankaSimulator_Ws/install/panda_ros2_moveit2/bin'
[0.638s] INFO:colcon.colcon_core.shell:Creating package script '/home/manideep/FrankaSimulator_Ws/install/panda_ros2_moveit2/share/panda_ros2_moveit2/package.ps1'
[0.638s] INFO:colcon.colcon_core.shell:Creating package descriptor '/home/manideep/FrankaSimulator_Ws/install/panda_ros2_moveit2/share/panda_ros2_moveit2/package.dsv'
[0.638s] INFO:colcon.colcon_core.shell:Creating package script '/home/manideep/FrankaSimulator_Ws/install/panda_ros2_moveit2/share/panda_ros2_moveit2/package.sh'
[0.639s] INFO:colcon.colcon_core.shell:Creating package script '/home/manideep/FrankaSimulator_Ws/install/panda_ros2_moveit2/share/panda_ros2_moveit2/package.bash'
[0.639s] INFO:colcon.colcon_core.shell:Creating package script '/home/manideep/FrankaSimulator_Ws/install/panda_ros2_moveit2/share/panda_ros2_moveit2/package.zsh'
[0.639s] Level 1:colcon.colcon_core.environment:create_file_with_runtime_dependencies(/home/manideep/FrankaSimulator_Ws/install/panda_ros2_moveit2/share/colcon-core/packages/panda_ros2_moveit2)
[0.664s] DEBUG:colcon.colcon_core.event_handler.log_command:Invoked command in '/home/manideep/FrankaSimulator_Ws/build/ros2_actions' returned '0': CMAKE_PREFIX_PATH=/home/manideep/FrankaSimulator_Ws/install/ros2_data:/home/manideep/FrankaSimulator_Ws/install/ros2_actions:/home/manideep/FrankaSimulator_Ws/install/panda_ros2_moveit2:/home/manideep/FrankaSimulator_Ws/install/panda_ros2_gazebo:/home/manideep/FrankaSimulator_Ws/install/gazebo_ros2_control_demos:/home/manideep/FrankaSimulator_Ws/install/gazebo_ros2_control:/home/manideep/ws_moveit2/install/pilz_industrial_motion_planner_testutils:/home/manideep/ws_moveit2/install/moveit_runtime:/home/manideep/ws_moveit2/install/moveit2_tutorials:/home/manideep/ws_moveit2/install/moveit:/home/manideep/ws_moveit2/install/moveit_planners:/home/manideep/ws_moveit2/install/pilz_industrial_motion_planner:/home/manideep/ws_moveit2/install/moveit_visual_tools:/home/manideep/ws_moveit2/install/moveit_task_constructor_visualization:/home/manideep/ws_moveit2/install/moveit_task_constructor_demo:/home/manideep/ws_moveit2/install/moveit_task_constructor_capabilities:/home/manideep/ws_moveit2/install/moveit_task_constructor_core:/home/manideep/ws_moveit2/install/moveit_ros_control_interface:/home/manideep/ws_moveit2/install/moveit_plugins:/home/manideep/ws_moveit2/install/moveit_simple_controller_manager:/home/manideep/ws_moveit2/install/moveit_setup_assistant:/home/manideep/ws_moveit2/install/moveit_setup_srdf_plugins:/home/manideep/ws_moveit2/install/moveit_setup_core_plugins:/home/manideep/ws_moveit2/install/moveit_setup_controllers:/home/manideep/ws_moveit2/install/moveit_setup_app_plugins:/home/manideep/ws_moveit2/install/moveit_setup_framework:/home/manideep/ws_moveit2/install/moveit_servo:/home/manideep/ws_moveit2/install/moveit_ros:/home/manideep/ws_moveit2/install/moveit_ros_visualization:/home/manideep/ws_moveit2/install/moveit_hybrid_planning:/home/manideep/ws_moveit2/install/moveit_ros_planning_interface:/home/manideep/ws_moveit2/install/moveit_ros_benchmarks:/home/manideep/ws_moveit2/install/moveit_ros_warehouse:/home/manideep/ws_moveit2/install/moveit_ros_robot_interaction:/home/manideep/ws_moveit2/install/moveit_ros_perception:/home/manideep/ws_moveit2/install/moveit_resources_prbt_pg70_support:/home/manideep/ws_moveit2/install/moveit_resources_prbt_moveit_config:/home/manideep/ws_moveit2/install/moveit_ros_move_group:/home/manideep/ws_moveit2/install/moveit_planners_ompl:/home/manideep/ws_moveit2/install/moveit_ros_planning:/home/manideep/ws_moveit2/install/moveit_ros_occupancy_map_monitor:/home/manideep/ws_moveit2/install/moveit_resources_prbt_ikfast_manipulator_plugin:/home/manideep/ws_moveit2/install/moveit_planners_chomp:/home/manideep/ws_moveit2/install/moveit_kinematics:/home/manideep/ws_moveit2/install/moveit_chomp_optimizer_adapter:/home/manideep/ws_moveit2/install/chomp_motion_planner:/home/manideep/ws_moveit2/install/moveit_core:/home/manideep/ws_moveit2/install/srdfdom:/home/manideep/ws_moveit2/install/rviz_marker_tools:/home/manideep/ws_moveit2/install/rosparam_shortcuts:/home/manideep/ws_moveit2/install/my_environment_package:/home/manideep/ws_moveit2/install/moveit_task_constructor_msgs:/home/manideep/ws_moveit2/install/moveit_resources_prbt_support:/home/manideep/ws_moveit2/install/moveit_resources:/home/manideep/ws_moveit2/install/moveit_resources_pr2_description:/home/manideep/ws_moveit2/install/moveit_resources_panda_moveit_config:/home/manideep/ws_moveit2/install/moveit_resources_panda_description:/home/manideep/ws_moveit2/install/moveit_resources_fanuc_moveit_config:/home/manideep/ws_moveit2/install/moveit_resources_fanuc_description:/home/manideep/ws_moveit2/install/moveit_common:/home/manideep/ws_moveit2/install/moveit_configs_utils:/home/manideep/ws_moveit2/install/launch_param_builder:/opt/ros/humble /usr/bin/cmake --build /home/manideep/FrankaSimulator_Ws/build/ros2_actions -- -j16 -l16
[0.665s] DEBUG:colcon.colcon_core.event_handler.log_command:Invoking command in '/home/manideep/FrankaSimulator_Ws/build/ros2_actions': CMAKE_PREFIX_PATH=/home/manideep/FrankaSimulator_Ws/install/ros2_data:/home/manideep/FrankaSimulator_Ws/install/ros2_actions:/home/manideep/FrankaSimulator_Ws/install/panda_ros2_moveit2:/home/manideep/FrankaSimulator_Ws/install/panda_ros2_gazebo:/home/manideep/FrankaSimulator_Ws/install/gazebo_ros2_control_demos:/home/manideep/FrankaSimulator_Ws/install/gazebo_ros2_control:/home/manideep/ws_moveit2/install/pilz_industrial_motion_planner_testutils:/home/manideep/ws_moveit2/install/moveit_runtime:/home/manideep/ws_moveit2/install/moveit2_tutorials:/home/manideep/ws_moveit2/install/moveit:/home/manideep/ws_moveit2/install/moveit_planners:/home/manideep/ws_moveit2/install/pilz_industrial_motion_planner:/home/manideep/ws_moveit2/install/moveit_visual_tools:/home/manideep/ws_moveit2/install/moveit_task_constructor_visualization:/home/manideep/ws_moveit2/install/moveit_task_constructor_demo:/home/manideep/ws_moveit2/install/moveit_task_constructor_capabilities:/home/manideep/ws_moveit2/install/moveit_task_constructor_core:/home/manideep/ws_moveit2/install/moveit_ros_control_interface:/home/manideep/ws_moveit2/install/moveit_plugins:/home/manideep/ws_moveit2/install/moveit_simple_controller_manager:/home/manideep/ws_moveit2/install/moveit_setup_assistant:/home/manideep/ws_moveit2/install/moveit_setup_srdf_plugins:/home/manideep/ws_moveit2/install/moveit_setup_core_plugins:/home/manideep/ws_moveit2/install/moveit_setup_controllers:/home/manideep/ws_moveit2/install/moveit_setup_app_plugins:/home/manideep/ws_moveit2/install/moveit_setup_framework:/home/manideep/ws_moveit2/install/moveit_servo:/home/manideep/ws_moveit2/install/moveit_ros:/home/manideep/ws_moveit2/install/moveit_ros_visualization:/home/manideep/ws_moveit2/install/moveit_hybrid_planning:/home/manideep/ws_moveit2/install/moveit_ros_planning_interface:/home/manideep/ws_moveit2/install/moveit_ros_benchmarks:/home/manideep/ws_moveit2/install/moveit_ros_warehouse:/home/manideep/ws_moveit2/install/moveit_ros_robot_interaction:/home/manideep/ws_moveit2/install/moveit_ros_perception:/home/manideep/ws_moveit2/install/moveit_resources_prbt_pg70_support:/home/manideep/ws_moveit2/install/moveit_resources_prbt_moveit_config:/home/manideep/ws_moveit2/install/moveit_ros_move_group:/home/manideep/ws_moveit2/install/moveit_planners_ompl:/home/manideep/ws_moveit2/install/moveit_ros_planning:/home/manideep/ws_moveit2/install/moveit_ros_occupancy_map_monitor:/home/manideep/ws_moveit2/install/moveit_resources_prbt_ikfast_manipulator_plugin:/home/manideep/ws_moveit2/install/moveit_planners_chomp:/home/manideep/ws_moveit2/install/moveit_kinematics:/home/manideep/ws_moveit2/install/moveit_chomp_optimizer_adapter:/home/manideep/ws_moveit2/install/chomp_motion_planner:/home/manideep/ws_moveit2/install/moveit_core:/home/manideep/ws_moveit2/install/srdfdom:/home/manideep/ws_moveit2/install/rviz_marker_tools:/home/manideep/ws_moveit2/install/rosparam_shortcuts:/home/manideep/ws_moveit2/install/my_environment_package:/home/manideep/ws_moveit2/install/moveit_task_constructor_msgs:/home/manideep/ws_moveit2/install/moveit_resources_prbt_support:/home/manideep/ws_moveit2/install/moveit_resources:/home/manideep/ws_moveit2/install/moveit_resources_pr2_description:/home/manideep/ws_moveit2/install/moveit_resources_panda_moveit_config:/home/manideep/ws_moveit2/install/moveit_resources_panda_description:/home/manideep/ws_moveit2/install/moveit_resources_fanuc_moveit_config:/home/manideep/ws_moveit2/install/moveit_resources_fanuc_description:/home/manideep/ws_moveit2/install/moveit_common:/home/manideep/ws_moveit2/install/moveit_configs_utils:/home/manideep/ws_moveit2/install/launch_param_builder:/opt/ros/humble /usr/bin/cmake --install /home/manideep/FrankaSimulator_Ws/build/ros2_actions
[0.675s] Level 1:colcon.colcon_core.environment:create_environment_scripts_only(ros2_actions)
[0.675s] Level 1:colcon.colcon_core.environment:checking '/home/manideep/FrankaSimulator_Ws/install/ros2_actions' for CMake module files
[0.676s] DEBUG:colcon.colcon_core.event_handler.log_command:Invoked command in '/home/manideep/FrankaSimulator_Ws/build/ros2_actions' returned '0': CMAKE_PREFIX_PATH=/home/manideep/FrankaSimulator_Ws/install/ros2_data:/home/manideep/FrankaSimulator_Ws/install/ros2_actions:/home/manideep/FrankaSimulator_Ws/install/panda_ros2_moveit2:/home/manideep/FrankaSimulator_Ws/install/panda_ros2_gazebo:/home/manideep/FrankaSimulator_Ws/install/gazebo_ros2_control_demos:/home/manideep/FrankaSimulator_Ws/install/gazebo_ros2_control:/home/manideep/ws_moveit2/install/pilz_industrial_motion_planner_testutils:/home/manideep/ws_moveit2/install/moveit_runtime:/home/manideep/ws_moveit2/install/moveit2_tutorials:/home/manideep/ws_moveit2/install/moveit:/home/manideep/ws_moveit2/install/moveit_planners:/home/manideep/ws_moveit2/install/pilz_industrial_motion_planner:/home/manideep/ws_moveit2/install/moveit_visual_tools:/home/manideep/ws_moveit2/install/moveit_task_constructor_visualization:/home/manideep/ws_moveit2/install/moveit_task_constructor_demo:/home/manideep/ws_moveit2/install/moveit_task_constructor_capabilities:/home/manideep/ws_moveit2/install/moveit_task_constructor_core:/home/manideep/ws_moveit2/install/moveit_ros_control_interface:/home/manideep/ws_moveit2/install/moveit_plugins:/home/manideep/ws_moveit2/install/moveit_simple_controller_manager:/home/manideep/ws_moveit2/install/moveit_setup_assistant:/home/manideep/ws_moveit2/install/moveit_setup_srdf_plugins:/home/manideep/ws_moveit2/install/moveit_setup_core_plugins:/home/manideep/ws_moveit2/install/moveit_setup_controllers:/home/manideep/ws_moveit2/install/moveit_setup_app_plugins:/home/manideep/ws_moveit2/install/moveit_setup_framework:/home/manideep/ws_moveit2/install/moveit_servo:/home/manideep/ws_moveit2/install/moveit_ros:/home/manideep/ws_moveit2/install/moveit_ros_visualization:/home/manideep/ws_moveit2/install/moveit_hybrid_planning:/home/manideep/ws_moveit2/install/moveit_ros_planning_interface:/home/manideep/ws_moveit2/install/moveit_ros_benchmarks:/home/manideep/ws_moveit2/install/moveit_ros_warehouse:/home/manideep/ws_moveit2/install/moveit_ros_robot_interaction:/home/manideep/ws_moveit2/install/moveit_ros_perception:/home/manideep/ws_moveit2/install/moveit_resources_prbt_pg70_support:/home/manideep/ws_moveit2/install/moveit_resources_prbt_moveit_config:/home/manideep/ws_moveit2/install/moveit_ros_move_group:/home/manideep/ws_moveit2/install/moveit_planners_ompl:/home/manideep/ws_moveit2/install/moveit_ros_planning:/home/manideep/ws_moveit2/install/moveit_ros_occupancy_map_monitor:/home/manideep/ws_moveit2/install/moveit_resources_prbt_ikfast_manipulator_plugin:/home/manideep/ws_moveit2/install/moveit_planners_chomp:/home/manideep/ws_moveit2/install/moveit_kinematics:/home/manideep/ws_moveit2/install/moveit_chomp_optimizer_adapter:/home/manideep/ws_moveit2/install/chomp_motion_planner:/home/manideep/ws_moveit2/install/moveit_core:/home/manideep/ws_moveit2/install/srdfdom:/home/manideep/ws_moveit2/install/rviz_marker_tools:/home/manideep/ws_moveit2/install/rosparam_shortcuts:/home/manideep/ws_moveit2/install/my_environment_package:/home/manideep/ws_moveit2/install/moveit_task_constructor_msgs:/home/manideep/ws_moveit2/install/moveit_resources_prbt_support:/home/manideep/ws_moveit2/install/moveit_resources:/home/manideep/ws_moveit2/install/moveit_resources_pr2_description:/home/manideep/ws_moveit2/install/moveit_resources_panda_moveit_config:/home/manideep/ws_moveit2/install/moveit_resources_panda_description:/home/manideep/ws_moveit2/install/moveit_resources_fanuc_moveit_config:/home/manideep/ws_moveit2/install/moveit_resources_fanuc_description:/home/manideep/ws_moveit2/install/moveit_common:/home/manideep/ws_moveit2/install/moveit_configs_utils:/home/manideep/ws_moveit2/install/launch_param_builder:/opt/ros/humble /usr/bin/cmake --install /home/manideep/FrankaSimulator_Ws/build/ros2_actions
[0.676s] Level 1:colcon.colcon_core.environment:checking '/home/manideep/FrankaSimulator_Ws/install/ros2_actions' for CMake config files
[0.676s] Level 1:colcon.colcon_core.shell:create_environment_hook('ros2_actions', 'cmake_prefix_path')
[0.676s] INFO:colcon.colcon_core.shell:Creating environment hook '/home/manideep/FrankaSimulator_Ws/install/ros2_actions/share/ros2_actions/hook/cmake_prefix_path.ps1'
[0.676s] INFO:colcon.colcon_core.shell:Creating environment descriptor '/home/manideep/FrankaSimulator_Ws/install/ros2_actions/share/ros2_actions/hook/cmake_prefix_path.dsv'
[0.677s] INFO:colcon.colcon_core.shell:Creating environment hook '/home/manideep/FrankaSimulator_Ws/install/ros2_actions/share/ros2_actions/hook/cmake_prefix_path.sh'
[0.677s] Level 1:colcon.colcon_core.environment:checking '/home/manideep/FrankaSimulator_Ws/install/ros2_actions/lib'
[0.677s] Level 1:colcon.colcon_core.environment:checking '/home/manideep/FrankaSimulator_Ws/install/ros2_actions/bin'
[0.677s] Level 1:colcon.colcon_core.environment:checking '/home/manideep/FrankaSimulator_Ws/install/ros2_actions/lib/pkgconfig/ros2_actions.pc'
[0.677s] Level 1:colcon.colcon_core.environment:checking '/home/manideep/FrankaSimulator_Ws/install/ros2_actions/lib/python3.10/site-packages'
[0.677s] Level 1:colcon.colcon_core.environment:checking '/home/manideep/FrankaSimulator_Ws/install/ros2_actions/bin'
[0.678s] INFO:colcon.colcon_core.shell:Creating package script '/home/manideep/FrankaSimulator_Ws/install/ros2_actions/share/ros2_actions/package.ps1'
[0.678s] INFO:colcon.colcon_core.shell:Creating package descriptor '/home/manideep/FrankaSimulator_Ws/install/ros2_actions/share/ros2_actions/package.dsv'
[0.678s] INFO:colcon.colcon_core.shell:Creating package script '/home/manideep/FrankaSimulator_Ws/install/ros2_actions/share/ros2_actions/package.sh'
[0.678s] INFO:colcon.colcon_core.shell:Creating package script '/home/manideep/FrankaSimulator_Ws/install/ros2_actions/share/ros2_actions/package.bash'
[0.679s] INFO:colcon.colcon_core.shell:Creating package script '/home/manideep/FrankaSimulator_Ws/install/ros2_actions/share/ros2_actions/package.zsh'
[0.679s] Level 1:colcon.colcon_core.environment:create_file_with_runtime_dependencies(/home/manideep/FrankaSimulator_Ws/install/ros2_actions/share/colcon-core/packages/ros2_actions)
[0.679s] Level 1:colcon.colcon_core.environment:create_environment_scripts_only(ros2_actions)
[0.679s] Level 1:colcon.colcon_core.environment:checking '/home/manideep/FrankaSimulator_Ws/install/ros2_actions' for CMake module files
[0.679s] Level 1:colcon.colcon_core.environment:checking '/home/manideep/FrankaSimulator_Ws/install/ros2_actions' for CMake config files
[0.680s] Level 1:colcon.colcon_core.shell:create_environment_hook('ros2_actions', 'cmake_prefix_path')
[0.680s] INFO:colcon.colcon_core.shell:Creating environment hook '/home/manideep/FrankaSimulator_Ws/install/ros2_actions/share/ros2_actions/hook/cmake_prefix_path.ps1'
[0.680s] INFO:colcon.colcon_core.shell:Creating environment descriptor '/home/manideep/FrankaSimulator_Ws/install/ros2_actions/share/ros2_actions/hook/cmake_prefix_path.dsv'
[0.680s] INFO:colcon.colcon_core.shell:Creating environment hook '/home/manideep/FrankaSimulator_Ws/install/ros2_actions/share/ros2_actions/hook/cmake_prefix_path.sh'
[0.681s] Level 1:colcon.colcon_core.environment:checking '/home/manideep/FrankaSimulator_Ws/install/ros2_actions/lib'
[0.681s] Level 1:colcon.colcon_core.environment:checking '/home/manideep/FrankaSimulator_Ws/install/ros2_actions/bin'
[0.681s] Level 1:colcon.colcon_core.environment:checking '/home/manideep/FrankaSimulator_Ws/install/ros2_actions/lib/pkgconfig/ros2_actions.pc'
[0.681s] Level 1:colcon.colcon_core.environment:checking '/home/manideep/FrankaSimulator_Ws/install/ros2_actions/lib/python3.10/site-packages'
[0.681s] Level 1:colcon.colcon_core.environment:checking '/home/manideep/FrankaSimulator_Ws/install/ros2_actions/bin'
[0.681s] INFO:colcon.colcon_core.shell:Creating package script '/home/manideep/FrankaSimulator_Ws/install/ros2_actions/share/ros2_actions/package.ps1'
[0.681s] INFO:colcon.colcon_core.shell:Creating package descriptor '/home/manideep/FrankaSimulator_Ws/install/ros2_actions/share/ros2_actions/package.dsv'
[0.682s] INFO:colcon.colcon_core.shell:Creating package script '/home/manideep/FrankaSimulator_Ws/install/ros2_actions/share/ros2_actions/package.sh'
[0.682s] INFO:colcon.colcon_core.shell:Creating package script '/home/manideep/FrankaSimulator_Ws/install/ros2_actions/share/ros2_actions/package.bash'
[0.682s] INFO:colcon.colcon_core.shell:Creating package script '/home/manideep/FrankaSimulator_Ws/install/ros2_actions/share/ros2_actions/package.zsh'
[0.682s] Level 1:colcon.colcon_core.environment:create_file_with_runtime_dependencies(/home/manideep/FrankaSimulator_Ws/install/ros2_actions/share/colcon-core/packages/ros2_actions)
[0.682s] DEBUG:colcon.colcon_parallel_executor.executor.parallel:closing loop
[0.683s] DEBUG:colcon.colcon_parallel_executor.executor.parallel:loop closed
[0.683s] DEBUG:colcon.colcon_parallel_executor.executor.parallel:run_until_complete finished with '0'
[0.683s] DEBUG:colcon.colcon_core.event_reactor:joining thread
[0.686s] INFO:colcon.colcon_core.plugin_system:Skipping extension 'colcon_notification.desktop_notification.terminal_notifier': Not used on non-Darwin systems
[0.686s] INFO:colcon.colcon_core.plugin_system:Skipping extension 'colcon_notification.desktop_notification.win32': Not used on non-Windows systems
[0.686s] INFO:colcon.colcon_notification.desktop_notification:Sending desktop notification using 'notify2'
[0.694s] DEBUG:colcon.colcon_core.event_reactor:joined thread
[0.694s] INFO:colcon.colcon_core.shell:Creating prefix script '/home/manideep/FrankaSimulator_Ws/install/local_setup.ps1'
[0.695s] INFO:colcon.colcon_core.shell:Creating prefix util module '/home/manideep/FrankaSimulator_Ws/install/_local_setup_util_ps1.py'
[0.696s] INFO:colcon.colcon_core.shell:Creating prefix chain script '/home/manideep/FrankaSimulator_Ws/install/setup.ps1'
[0.698s] INFO:colcon.colcon_core.shell:Creating prefix script '/home/manideep/FrankaSimulator_Ws/install/local_setup.sh'
[0.699s] INFO:colcon.colcon_core.shell:Creating prefix util module '/home/manideep/FrankaSimulator_Ws/install/_local_setup_util_sh.py'
[0.699s] INFO:colcon.colcon_core.shell:Creating prefix chain script '/home/manideep/FrankaSimulator_Ws/install/setup.sh'
[0.701s] INFO:colcon.colcon_core.shell:Creating prefix script '/home/manideep/FrankaSimulator_Ws/install/local_setup.bash'
[0.701s] INFO:colcon.colcon_core.shell:Creating prefix chain script '/home/manideep/FrankaSimulator_Ws/install/setup.bash'
[0.703s] INFO:colcon.colcon_core.shell:Creating prefix script '/home/manideep/FrankaSimulator_Ws/install/local_setup.zsh'
[0.703s] INFO:colcon.colcon_core.shell:Creating prefix chain script '/home/manideep/FrankaSimulator_Ws/install/setup.zsh'
