[0.094s] DEBUG:colcon:Command line arguments: ['/usr/bin/colcon', 'build']
[0.094s] DEBUG:colcon:Parsed command line arguments: Namespace(log_base=None, log_level=None, verb_name='build', build_base='build', install_base='install', merge_install=False, symlink_install=False, test_result_base=None, continue_on_error=False, executor='parallel', parallel_workers=16, event_handlers=None, ignore_user_meta=False, metas=['./colcon.meta'], base_paths=['.'], packages_ignore=None, packages_ignore_regex=None, paths=None, packages_up_to=None, packages_up_to_regex=None, packages_above=None, packages_above_and_dependencies=None, packages_above_depth=None, packages_select_by_dep=None, packages_skip_by_dep=None, packages_skip_up_to=None, packages_select_build_failed=False, packages_skip_build_finished=False, packages_select_test_failures=False, packages_skip_test_passed=False, packages_select=None, packages_skip=None, packages_select_regex=None, packages_skip_regex=None, packages_start=None, packages_end=None, allow_overriding=[], cmake_args=None, cmake_target=None, cmake_target_skip_unavailable=False, cmake_clean_cache=False, cmake_clean_first=False, cmake_force_configure=False, ament_cmake_args=None, catkin_cmake_args=None, catkin_skip_building_tests=False, mixin_files=None, mixin=None, verb_parser=<colcon_mixin.mixin.mixin_argument.MixinArgumentDecorator object at 0x73033643a950>, verb_extension=<colcon_core.verb.build.BuildVerb object at 0x73033643a3e0>, main=<bound method BuildVerb.main of <colcon_core.verb.build.BuildVerb object at 0x73033643a3e0>>, mixin_verb=('build',))
[0.214s] Level 1:colcon.colcon_core.package_discovery:discover_packages(colcon_meta) check parameters
[0.215s] Level 1:colcon.colcon_core.package_discovery:discover_packages(recursive) check parameters
[0.215s] Level 1:colcon.colcon_core.package_discovery:discover_packages(ignore) check parameters
[0.215s] Level 1:colcon.colcon_core.package_discovery:discover_packages(path) check parameters
[0.215s] Level 1:colcon.colcon_core.package_discovery:discover_packages(colcon_meta) discover
[0.215s] Level 1:colcon.colcon_core.package_discovery:discover_packages(recursive) discover
[0.215s] INFO:colcon.colcon_core.package_discovery:Crawling recursively for packages in '/home/manideep/FrankaSimulator_Ws'
[0.215s] Level 1:colcon.colcon_core.package_identification:_identify(.) by extensions ['ignore', 'ignore_ament_install']
[0.215s] Level 1:colcon.colcon_core.package_identification:_identify(.) by extension 'ignore'
[0.215s] Level 1:colcon.colcon_core.package_identification:_identify(.) by extension 'ignore_ament_install'
[0.215s] Level 1:colcon.colcon_core.package_identification:_identify(.) by extensions ['colcon_pkg']
[0.215s] Level 1:colcon.colcon_core.package_identification:_identify(.) by extension 'colcon_pkg'
[0.215s] Level 1:colcon.colcon_core.package_identification:_identify(.) by extensions ['colcon_meta']
[0.215s] Level 1:colcon.colcon_core.package_identification:_identify(.) by extension 'colcon_meta'
[0.215s] Level 1:colcon.colcon_core.package_identification:_identify(.) by extensions ['ros']
[0.215s] Level 1:colcon.colcon_core.package_identification:_identify(.) by extension 'ros'
[0.223s] Level 1:colcon.colcon_core.package_identification:_identify(.) by extensions ['cmake', 'python']
[0.223s] Level 1:colcon.colcon_core.package_identification:_identify(.) by extension 'cmake'
[0.223s] Level 1:colcon.colcon_core.package_identification:_identify(.) by extension 'python'
[0.223s] Level 1:colcon.colcon_core.package_identification:_identify(.) by extensions ['python_setup_py']
[0.223s] Level 1:colcon.colcon_core.package_identification:_identify(.) by extension 'python_setup_py'
[0.223s] Level 1:colcon.colcon_core.package_identification:_identify(build) by extensions ['ignore', 'ignore_ament_install']
[0.223s] Level 1:colcon.colcon_core.package_identification:_identify(build) by extension 'ignore'
[0.224s] Level 1:colcon.colcon_core.package_identification:_identify(build) ignored
[0.224s] Level 1:colcon.colcon_core.package_identification:_identify(install) by extensions ['ignore', 'ignore_ament_install']
[0.224s] Level 1:colcon.colcon_core.package_identification:_identify(install) by extension 'ignore'
[0.224s] Level 1:colcon.colcon_core.package_identification:_identify(install) ignored
[0.224s] Level 1:colcon.colcon_core.package_identification:_identify(log) by extensions ['ignore', 'ignore_ament_install']
[0.224s] Level 1:colcon.colcon_core.package_identification:_identify(log) by extension 'ignore'
[0.224s] Level 1:colcon.colcon_core.package_identification:_identify(log) ignored
[0.224s] Level 1:colcon.colcon_core.package_identification:_identify(src) by extensions ['ignore', 'ignore_ament_install']
[0.224s] Level 1:colcon.colcon_core.package_identification:_identify(src) by extension 'ignore'
[0.224s] Level 1:colcon.colcon_core.package_identification:_identify(src) by extension 'ignore_ament_install'
[0.224s] Level 1:colcon.colcon_core.package_identification:_identify(src) by extensions ['colcon_pkg']
[0.224s] Level 1:colcon.colcon_core.package_identification:_identify(src) by extension 'colcon_pkg'
[0.224s] Level 1:colcon.colcon_core.package_identification:_identify(src) by extensions ['colcon_meta']
[0.224s] Level 1:colcon.colcon_core.package_identification:_identify(src) by extension 'colcon_meta'
[0.224s] Level 1:colcon.colcon_core.package_identification:_identify(src) by extensions ['ros']
[0.224s] Level 1:colcon.colcon_core.package_identification:_identify(src) by extension 'ros'
[0.224s] Level 1:colcon.colcon_core.package_identification:_identify(src) by extensions ['cmake', 'python']
[0.224s] Level 1:colcon.colcon_core.package_identification:_identify(src) by extension 'cmake'
[0.224s] Level 1:colcon.colcon_core.package_identification:_identify(src) by extension 'python'
[0.224s] Level 1:colcon.colcon_core.package_identification:_identify(src) by extensions ['python_setup_py']
[0.224s] Level 1:colcon.colcon_core.package_identification:_identify(src) by extension 'python_setup_py'
[0.224s] Level 1:colcon.colcon_core.package_identification:_identify(src/PandaRobot) by extensions ['ignore', 'ignore_ament_install']
[0.224s] Level 1:colcon.colcon_core.package_identification:_identify(src/PandaRobot) by extension 'ignore'
[0.224s] Level 1:colcon.colcon_core.package_identification:_identify(src/PandaRobot) by extension 'ignore_ament_install'
[0.224s] Level 1:colcon.colcon_core.package_identification:_identify(src/PandaRobot) by extensions ['colcon_pkg']
[0.224s] Level 1:colcon.colcon_core.package_identification:_identify(src/PandaRobot) by extension 'colcon_pkg'
[0.224s] Level 1:colcon.colcon_core.package_identification:_identify(src/PandaRobot) by extensions ['colcon_meta']
[0.224s] Level 1:colcon.colcon_core.package_identification:_identify(src/PandaRobot) by extension 'colcon_meta'
[0.224s] Level 1:colcon.colcon_core.package_identification:_identify(src/PandaRobot) by extensions ['ros']
[0.224s] Level 1:colcon.colcon_core.package_identification:_identify(src/PandaRobot) by extension 'ros'
[0.224s] Level 1:colcon.colcon_core.package_identification:_identify(src/PandaRobot) by extensions ['cmake', 'python']
[0.224s] Level 1:colcon.colcon_core.package_identification:_identify(src/PandaRobot) by extension 'cmake'
[0.224s] Level 1:colcon.colcon_core.package_identification:_identify(src/PandaRobot) by extension 'python'
[0.224s] Level 1:colcon.colcon_core.package_identification:_identify(src/PandaRobot) by extensions ['python_setup_py']
[0.224s] Level 1:colcon.colcon_core.package_identification:_identify(src/PandaRobot) by extension 'python_setup_py'
[0.225s] Level 1:colcon.colcon_core.package_identification:_identify(src/PandaRobot/panda_ros2_gazebo) by extensions ['ignore', 'ignore_ament_install']
[0.225s] Level 1:colcon.colcon_core.package_identification:_identify(src/PandaRobot/panda_ros2_gazebo) by extension 'ignore'
[0.225s] Level 1:colcon.colcon_core.package_identification:_identify(src/PandaRobot/panda_ros2_gazebo) by extension 'ignore_ament_install'
[0.225s] Level 1:colcon.colcon_core.package_identification:_identify(src/PandaRobot/panda_ros2_gazebo) by extensions ['colcon_pkg']
[0.225s] Level 1:colcon.colcon_core.package_identification:_identify(src/PandaRobot/panda_ros2_gazebo) by extension 'colcon_pkg'
[0.225s] Level 1:colcon.colcon_core.package_identification:_identify(src/PandaRobot/panda_ros2_gazebo) by extensions ['colcon_meta']
[0.225s] Level 1:colcon.colcon_core.package_identification:_identify(src/PandaRobot/panda_ros2_gazebo) by extension 'colcon_meta'
[0.225s] Level 1:colcon.colcon_core.package_identification:_identify(src/PandaRobot/panda_ros2_gazebo) by extensions ['ros']
[0.225s] Level 1:colcon.colcon_core.package_identification:_identify(src/PandaRobot/panda_ros2_gazebo) by extension 'ros'
[0.226s] DEBUG:colcon.colcon_core.package_identification:Package 'src/PandaRobot/panda_ros2_gazebo' with type 'ros.ament_cmake' and name 'panda_ros2_gazebo'
[0.226s] Level 1:colcon.colcon_core.package_identification:_identify(src/PandaRobot/panda_ros2_moveit2) by extensions ['ignore', 'ignore_ament_install']
[0.226s] Level 1:colcon.colcon_core.package_identification:_identify(src/PandaRobot/panda_ros2_moveit2) by extension 'ignore'
[0.226s] Level 1:colcon.colcon_core.package_identification:_identify(src/PandaRobot/panda_ros2_moveit2) by extension 'ignore_ament_install'
[0.227s] Level 1:colcon.colcon_core.package_identification:_identify(src/PandaRobot/panda_ros2_moveit2) by extensions ['colcon_pkg']
[0.227s] Level 1:colcon.colcon_core.package_identification:_identify(src/PandaRobot/panda_ros2_moveit2) by extension 'colcon_pkg'
[0.227s] Level 1:colcon.colcon_core.package_identification:_identify(src/PandaRobot/panda_ros2_moveit2) by extensions ['colcon_meta']
[0.227s] Level 1:colcon.colcon_core.package_identification:_identify(src/PandaRobot/panda_ros2_moveit2) by extension 'colcon_meta'
[0.227s] Level 1:colcon.colcon_core.package_identification:_identify(src/PandaRobot/panda_ros2_moveit2) by extensions ['ros']
[0.227s] Level 1:colcon.colcon_core.package_identification:_identify(src/PandaRobot/panda_ros2_moveit2) by extension 'ros'
[0.227s] DEBUG:colcon.colcon_core.package_identification:Package 'src/PandaRobot/panda_ros2_moveit2' with type 'ros.ament_cmake' and name 'panda_ros2_moveit2'
[0.227s] Level 1:colcon.colcon_core.package_identification:_identify(src/gazebo_ros2_control) by extensions ['ignore', 'ignore_ament_install']
[0.227s] Level 1:colcon.colcon_core.package_identification:_identify(src/gazebo_ros2_control) by extension 'ignore'
[0.227s] Level 1:colcon.colcon_core.package_identification:_identify(src/gazebo_ros2_control) by extension 'ignore_ament_install'
[0.227s] Level 1:colcon.colcon_core.package_identification:_identify(src/gazebo_ros2_control) by extensions ['colcon_pkg']
[0.227s] Level 1:colcon.colcon_core.package_identification:_identify(src/gazebo_ros2_control) by extension 'colcon_pkg'
[0.227s] Level 1:colcon.colcon_core.package_identification:_identify(src/gazebo_ros2_control) by extensions ['colcon_meta']
[0.227s] Level 1:colcon.colcon_core.package_identification:_identify(src/gazebo_ros2_control) by extension 'colcon_meta'
[0.227s] Level 1:colcon.colcon_core.package_identification:_identify(src/gazebo_ros2_control) by extensions ['ros']
[0.227s] Level 1:colcon.colcon_core.package_identification:_identify(src/gazebo_ros2_control) by extension 'ros'
[0.227s] Level 1:colcon.colcon_core.package_identification:_identify(src/gazebo_ros2_control) by extensions ['cmake', 'python']
[0.227s] Level 1:colcon.colcon_core.package_identification:_identify(src/gazebo_ros2_control) by extension 'cmake'
[0.227s] Level 1:colcon.colcon_core.package_identification:_identify(src/gazebo_ros2_control) by extension 'python'
[0.227s] Level 1:colcon.colcon_core.package_identification:_identify(src/gazebo_ros2_control) by extensions ['python_setup_py']
[0.227s] Level 1:colcon.colcon_core.package_identification:_identify(src/gazebo_ros2_control) by extension 'python_setup_py'
[0.227s] Level 1:colcon.colcon_core.package_identification:_identify(src/gazebo_ros2_control/Docker) by extensions ['ignore', 'ignore_ament_install']
[0.227s] Level 1:colcon.colcon_core.package_identification:_identify(src/gazebo_ros2_control/Docker) by extension 'ignore'
[0.228s] Level 1:colcon.colcon_core.package_identification:_identify(src/gazebo_ros2_control/Docker) by extension 'ignore_ament_install'
[0.228s] Level 1:colcon.colcon_core.package_identification:_identify(src/gazebo_ros2_control/Docker) by extensions ['colcon_pkg']
[0.228s] Level 1:colcon.colcon_core.package_identification:_identify(src/gazebo_ros2_control/Docker) by extension 'colcon_pkg'
[0.228s] Level 1:colcon.colcon_core.package_identification:_identify(src/gazebo_ros2_control/Docker) by extensions ['colcon_meta']
[0.228s] Level 1:colcon.colcon_core.package_identification:_identify(src/gazebo_ros2_control/Docker) by extension 'colcon_meta'
[0.228s] Level 1:colcon.colcon_core.package_identification:_identify(src/gazebo_ros2_control/Docker) by extensions ['ros']
[0.228s] Level 1:colcon.colcon_core.package_identification:_identify(src/gazebo_ros2_control/Docker) by extension 'ros'
[0.228s] Level 1:colcon.colcon_core.package_identification:_identify(src/gazebo_ros2_control/Docker) by extensions ['cmake', 'python']
[0.228s] Level 1:colcon.colcon_core.package_identification:_identify(src/gazebo_ros2_control/Docker) by extension 'cmake'
[0.228s] Level 1:colcon.colcon_core.package_identification:_identify(src/gazebo_ros2_control/Docker) by extension 'python'
[0.228s] Level 1:colcon.colcon_core.package_identification:_identify(src/gazebo_ros2_control/Docker) by extensions ['python_setup_py']
[0.228s] Level 1:colcon.colcon_core.package_identification:_identify(src/gazebo_ros2_control/Docker) by extension 'python_setup_py'
[0.228s] Level 1:colcon.colcon_core.package_identification:_identify(src/gazebo_ros2_control/doc) by extensions ['ignore', 'ignore_ament_install']
[0.228s] Level 1:colcon.colcon_core.package_identification:_identify(src/gazebo_ros2_control/doc) by extension 'ignore'
[0.228s] Level 1:colcon.colcon_core.package_identification:_identify(src/gazebo_ros2_control/doc) by extension 'ignore_ament_install'
[0.228s] Level 1:colcon.colcon_core.package_identification:_identify(src/gazebo_ros2_control/doc) by extensions ['colcon_pkg']
[0.228s] Level 1:colcon.colcon_core.package_identification:_identify(src/gazebo_ros2_control/doc) by extension 'colcon_pkg'
[0.228s] Level 1:colcon.colcon_core.package_identification:_identify(src/gazebo_ros2_control/doc) by extensions ['colcon_meta']
[0.228s] Level 1:colcon.colcon_core.package_identification:_identify(src/gazebo_ros2_control/doc) by extension 'colcon_meta'
[0.228s] Level 1:colcon.colcon_core.package_identification:_identify(src/gazebo_ros2_control/doc) by extensions ['ros']
[0.228s] Level 1:colcon.colcon_core.package_identification:_identify(src/gazebo_ros2_control/doc) by extension 'ros'
[0.228s] Level 1:colcon.colcon_core.package_identification:_identify(src/gazebo_ros2_control/doc) by extensions ['cmake', 'python']
[0.228s] Level 1:colcon.colcon_core.package_identification:_identify(src/gazebo_ros2_control/doc) by extension 'cmake'
[0.228s] Level 1:colcon.colcon_core.package_identification:_identify(src/gazebo_ros2_control/doc) by extension 'python'
[0.228s] Level 1:colcon.colcon_core.package_identification:_identify(src/gazebo_ros2_control/doc) by extensions ['python_setup_py']
[0.228s] Level 1:colcon.colcon_core.package_identification:_identify(src/gazebo_ros2_control/doc) by extension 'python_setup_py'
[0.228s] Level 1:colcon.colcon_core.package_identification:_identify(src/gazebo_ros2_control/doc/img) by extensions ['ignore', 'ignore_ament_install']
[0.228s] Level 1:colcon.colcon_core.package_identification:_identify(src/gazebo_ros2_control/doc/img) by extension 'ignore'
[0.228s] Level 1:colcon.colcon_core.package_identification:_identify(src/gazebo_ros2_control/doc/img) by extension 'ignore_ament_install'
[0.228s] Level 1:colcon.colcon_core.package_identification:_identify(src/gazebo_ros2_control/doc/img) by extensions ['colcon_pkg']
[0.228s] Level 1:colcon.colcon_core.package_identification:_identify(src/gazebo_ros2_control/doc/img) by extension 'colcon_pkg'
[0.228s] Level 1:colcon.colcon_core.package_identification:_identify(src/gazebo_ros2_control/doc/img) by extensions ['colcon_meta']
[0.228s] Level 1:colcon.colcon_core.package_identification:_identify(src/gazebo_ros2_control/doc/img) by extension 'colcon_meta'
[0.228s] Level 1:colcon.colcon_core.package_identification:_identify(src/gazebo_ros2_control/doc/img) by extensions ['ros']
[0.228s] Level 1:colcon.colcon_core.package_identification:_identify(src/gazebo_ros2_control/doc/img) by extension 'ros'
[0.228s] Level 1:colcon.colcon_core.package_identification:_identify(src/gazebo_ros2_control/doc/img) by extensions ['cmake', 'python']
[0.229s] Level 1:colcon.colcon_core.package_identification:_identify(src/gazebo_ros2_control/doc/img) by extension 'cmake'
[0.229s] Level 1:colcon.colcon_core.package_identification:_identify(src/gazebo_ros2_control/doc/img) by extension 'python'
[0.229s] Level 1:colcon.colcon_core.package_identification:_identify(src/gazebo_ros2_control/doc/img) by extensions ['python_setup_py']
[0.229s] Level 1:colcon.colcon_core.package_identification:_identify(src/gazebo_ros2_control/doc/img) by extension 'python_setup_py'
[0.229s] Level 1:colcon.colcon_core.package_identification:_identify(src/gazebo_ros2_control/gazebo_ros2_control) by extensions ['ignore', 'ignore_ament_install']
[0.229s] Level 1:colcon.colcon_core.package_identification:_identify(src/gazebo_ros2_control/gazebo_ros2_control) by extension 'ignore'
[0.229s] Level 1:colcon.colcon_core.package_identification:_identify(src/gazebo_ros2_control/gazebo_ros2_control) by extension 'ignore_ament_install'
[0.229s] Level 1:colcon.colcon_core.package_identification:_identify(src/gazebo_ros2_control/gazebo_ros2_control) by extensions ['colcon_pkg']
[0.229s] Level 1:colcon.colcon_core.package_identification:_identify(src/gazebo_ros2_control/gazebo_ros2_control) by extension 'colcon_pkg'
[0.229s] Level 1:colcon.colcon_core.package_identification:_identify(src/gazebo_ros2_control/gazebo_ros2_control) by extensions ['colcon_meta']
[0.229s] Level 1:colcon.colcon_core.package_identification:_identify(src/gazebo_ros2_control/gazebo_ros2_control) by extension 'colcon_meta'
[0.229s] Level 1:colcon.colcon_core.package_identification:_identify(src/gazebo_ros2_control/gazebo_ros2_control) by extensions ['ros']
[0.229s] Level 1:colcon.colcon_core.package_identification:_identify(src/gazebo_ros2_control/gazebo_ros2_control) by extension 'ros'
[0.230s] DEBUG:colcon.colcon_core.package_identification:Package 'src/gazebo_ros2_control/gazebo_ros2_control' with type 'ros.ament_cmake' and name 'gazebo_ros2_control'
[0.230s] Level 1:colcon.colcon_core.package_identification:_identify(src/gazebo_ros2_control/gazebo_ros2_control_demos) by extensions ['ignore', 'ignore_ament_install']
[0.230s] Level 1:colcon.colcon_core.package_identification:_identify(src/gazebo_ros2_control/gazebo_ros2_control_demos) by extension 'ignore'
[0.230s] Level 1:colcon.colcon_core.package_identification:_identify(src/gazebo_ros2_control/gazebo_ros2_control_demos) by extension 'ignore_ament_install'
[0.230s] Level 1:colcon.colcon_core.package_identification:_identify(src/gazebo_ros2_control/gazebo_ros2_control_demos) by extensions ['colcon_pkg']
[0.230s] Level 1:colcon.colcon_core.package_identification:_identify(src/gazebo_ros2_control/gazebo_ros2_control_demos) by extension 'colcon_pkg'
[0.230s] Level 1:colcon.colcon_core.package_identification:_identify(src/gazebo_ros2_control/gazebo_ros2_control_demos) by extensions ['colcon_meta']
[0.230s] Level 1:colcon.colcon_core.package_identification:_identify(src/gazebo_ros2_control/gazebo_ros2_control_demos) by extension 'colcon_meta'
[0.230s] Level 1:colcon.colcon_core.package_identification:_identify(src/gazebo_ros2_control/gazebo_ros2_control_demos) by extensions ['ros']
[0.230s] Level 1:colcon.colcon_core.package_identification:_identify(src/gazebo_ros2_control/gazebo_ros2_control_demos) by extension 'ros'
[0.230s] DEBUG:colcon.colcon_core.package_identification:Package 'src/gazebo_ros2_control/gazebo_ros2_control_demos' with type 'ros.ament_cmake' and name 'gazebo_ros2_control_demos'
[0.230s] Level 1:colcon.colcon_core.package_identification:_identify(src/ros2_actions) by extensions ['ignore', 'ignore_ament_install']
[0.230s] Level 1:colcon.colcon_core.package_identification:_identify(src/ros2_actions) by extension 'ignore'
[0.230s] Level 1:colcon.colcon_core.package_identification:_identify(src/ros2_actions) by extension 'ignore_ament_install'
[0.230s] Level 1:colcon.colcon_core.package_identification:_identify(src/ros2_actions) by extensions ['colcon_pkg']
[0.231s] Level 1:colcon.colcon_core.package_identification:_identify(src/ros2_actions) by extension 'colcon_pkg'
[0.231s] Level 1:colcon.colcon_core.package_identification:_identify(src/ros2_actions) by extensions ['colcon_meta']
[0.231s] Level 1:colcon.colcon_core.package_identification:_identify(src/ros2_actions) by extension 'colcon_meta'
[0.231s] Level 1:colcon.colcon_core.package_identification:_identify(src/ros2_actions) by extensions ['ros']
[0.231s] Level 1:colcon.colcon_core.package_identification:_identify(src/ros2_actions) by extension 'ros'
[0.231s] DEBUG:colcon.colcon_core.package_identification:Package 'src/ros2_actions' with type 'ros.ament_cmake' and name 'ros2_actions'
[0.231s] Level 1:colcon.colcon_core.package_identification:_identify(src/ros2_data) by extensions ['ignore', 'ignore_ament_install']
[0.231s] Level 1:colcon.colcon_core.package_identification:_identify(src/ros2_data) by extension 'ignore'
[0.231s] Level 1:colcon.colcon_core.package_identification:_identify(src/ros2_data) by extension 'ignore_ament_install'
[0.231s] Level 1:colcon.colcon_core.package_identification:_identify(src/ros2_data) by extensions ['colcon_pkg']
[0.231s] Level 1:colcon.colcon_core.package_identification:_identify(src/ros2_data) by extension 'colcon_pkg'
[0.231s] Level 1:colcon.colcon_core.package_identification:_identify(src/ros2_data) by extensions ['colcon_meta']
[0.231s] Level 1:colcon.colcon_core.package_identification:_identify(src/ros2_data) by extension 'colcon_meta'
[0.231s] Level 1:colcon.colcon_core.package_identification:_identify(src/ros2_data) by extensions ['ros']
[0.231s] Level 1:colcon.colcon_core.package_identification:_identify(src/ros2_data) by extension 'ros'
[0.232s] DEBUG:colcon.colcon_core.package_identification:Package 'src/ros2_data' with type 'ros.ament_cmake' and name 'ros2_data'
[0.232s] Level 1:colcon.colcon_core.package_discovery:discover_packages(recursive) using defaults
[0.232s] Level 1:colcon.colcon_core.package_discovery:discover_packages(ignore) discover
[0.232s] Level 1:colcon.colcon_core.package_discovery:discover_packages(ignore) using defaults
[0.232s] Level 1:colcon.colcon_core.package_discovery:discover_packages(path) discover
[0.232s] Level 1:colcon.colcon_core.package_discovery:discover_packages(path) using defaults
[0.253s] Level 1:colcon.colcon_core.package_discovery:discover_packages(prefix_path) check parameters
[0.253s] Level 1:colcon.colcon_core.package_discovery:discover_packages(prefix_path) discover
[0.256s] DEBUG:colcon.colcon_installed_package_information.package_discovery:Found 56 installed packages in /home/manideep/ws_moveit2/install
[0.257s] DEBUG:colcon.colcon_installed_package_information.package_discovery:Found 382 installed packages in /opt/ros/humble
[0.259s] Level 1:colcon.colcon_core.package_discovery:discover_packages(prefix_path) using defaults
[0.319s] Level 5:colcon.colcon_core.verb:set package 'gazebo_ros2_control' build argument 'cmake_args' from command line to 'None'
[0.319s] Level 5:colcon.colcon_core.verb:set package 'gazebo_ros2_control' build argument 'cmake_target' from command line to 'None'
[0.320s] Level 5:colcon.colcon_core.verb:set package 'gazebo_ros2_control' build argument 'cmake_target_skip_unavailable' from command line to 'False'
[0.320s] Level 5:colcon.colcon_core.verb:set package 'gazebo_ros2_control' build argument 'cmake_clean_cache' from command line to 'False'
[0.320s] Level 5:colcon.colcon_core.verb:set package 'gazebo_ros2_control' build argument 'cmake_clean_first' from command line to 'False'
[0.320s] Level 5:colcon.colcon_core.verb:set package 'gazebo_ros2_control' build argument 'cmake_force_configure' from command line to 'False'
[0.320s] Level 5:colcon.colcon_core.verb:set package 'gazebo_ros2_control' build argument 'ament_cmake_args' from command line to 'None'
[0.320s] Level 5:colcon.colcon_core.verb:set package 'gazebo_ros2_control' build argument 'catkin_cmake_args' from command line to 'None'
[0.320s] Level 5:colcon.colcon_core.verb:set package 'gazebo_ros2_control' build argument 'catkin_skip_building_tests' from command line to 'False'
[0.320s] DEBUG:colcon.colcon_core.verb:Building package 'gazebo_ros2_control' with the following arguments: {'ament_cmake_args': None, 'build_base': '/home/manideep/FrankaSimulator_Ws/build/gazebo_ros2_control', 'catkin_cmake_args': None, 'catkin_skip_building_tests': False, 'cmake_args': None, 'cmake_clean_cache': False, 'cmake_clean_first': False, 'cmake_force_configure': False, 'cmake_target': None, 'cmake_target_skip_unavailable': False, 'install_base': '/home/manideep/FrankaSimulator_Ws/install/gazebo_ros2_control', 'merge_install': False, 'path': '/home/manideep/FrankaSimulator_Ws/src/gazebo_ros2_control/gazebo_ros2_control', 'symlink_install': False, 'test_result_base': None}
[0.320s] Level 5:colcon.colcon_core.verb:set package 'panda_ros2_gazebo' build argument 'cmake_args' from command line to 'None'
[0.320s] Level 5:colcon.colcon_core.verb:set package 'panda_ros2_gazebo' build argument 'cmake_target' from command line to 'None'
[0.320s] Level 5:colcon.colcon_core.verb:set package 'panda_ros2_gazebo' build argument 'cmake_target_skip_unavailable' from command line to 'False'
[0.320s] Level 5:colcon.colcon_core.verb:set package 'panda_ros2_gazebo' build argument 'cmake_clean_cache' from command line to 'False'
[0.320s] Level 5:colcon.colcon_core.verb:set package 'panda_ros2_gazebo' build argument 'cmake_clean_first' from command line to 'False'
[0.320s] Level 5:colcon.colcon_core.verb:set package 'panda_ros2_gazebo' build argument 'cmake_force_configure' from command line to 'False'
[0.320s] Level 5:colcon.colcon_core.verb:set package 'panda_ros2_gazebo' build argument 'ament_cmake_args' from command line to 'None'
[0.320s] Level 5:colcon.colcon_core.verb:set package 'panda_ros2_gazebo' build argument 'catkin_cmake_args' from command line to 'None'
[0.320s] Level 5:colcon.colcon_core.verb:set package 'panda_ros2_gazebo' build argument 'catkin_skip_building_tests' from command line to 'False'
[0.320s] DEBUG:colcon.colcon_core.verb:Building package 'panda_ros2_gazebo' with the following arguments: {'ament_cmake_args': None, 'build_base': '/home/manideep/FrankaSimulator_Ws/build/panda_ros2_gazebo', 'catkin_cmake_args': None, 'catkin_skip_building_tests': False, 'cmake_args': None, 'cmake_clean_cache': False, 'cmake_clean_first': False, 'cmake_force_configure': False, 'cmake_target': None, 'cmake_target_skip_unavailable': False, 'install_base': '/home/manideep/FrankaSimulator_Ws/install/panda_ros2_gazebo', 'merge_install': False, 'path': '/home/manideep/FrankaSimulator_Ws/src/PandaRobot/panda_ros2_gazebo', 'symlink_install': False, 'test_result_base': None}
[0.320s] Level 5:colcon.colcon_core.verb:set package 'ros2_data' build argument 'cmake_args' from command line to 'None'
[0.320s] Level 5:colcon.colcon_core.verb:set package 'ros2_data' build argument 'cmake_target' from command line to 'None'
[0.320s] Level 5:colcon.colcon_core.verb:set package 'ros2_data' build argument 'cmake_target_skip_unavailable' from command line to 'False'
[0.320s] Level 5:colcon.colcon_core.verb:set package 'ros2_data' build argument 'cmake_clean_cache' from command line to 'False'
[0.320s] Level 5:colcon.colcon_core.verb:set package 'ros2_data' build argument 'cmake_clean_first' from command line to 'False'
[0.320s] Level 5:colcon.colcon_core.verb:set package 'ros2_data' build argument 'cmake_force_configure' from command line to 'False'
[0.320s] Level 5:colcon.colcon_core.verb:set package 'ros2_data' build argument 'ament_cmake_args' from command line to 'None'
[0.320s] Level 5:colcon.colcon_core.verb:set package 'ros2_data' build argument 'catkin_cmake_args' from command line to 'None'
[0.320s] Level 5:colcon.colcon_core.verb:set package 'ros2_data' build argument 'catkin_skip_building_tests' from command line to 'False'
[0.320s] DEBUG:colcon.colcon_core.verb:Building package 'ros2_data' with the following arguments: {'ament_cmake_args': None, 'build_base': '/home/manideep/FrankaSimulator_Ws/build/ros2_data', 'catkin_cmake_args': None, 'catkin_skip_building_tests': False, 'cmake_args': None, 'cmake_clean_cache': False, 'cmake_clean_first': False, 'cmake_force_configure': False, 'cmake_target': None, 'cmake_target_skip_unavailable': False, 'install_base': '/home/manideep/FrankaSimulator_Ws/install/ros2_data', 'merge_install': False, 'path': '/home/manideep/FrankaSimulator_Ws/src/ros2_data', 'symlink_install': False, 'test_result_base': None}
[0.320s] Level 5:colcon.colcon_core.verb:set package 'gazebo_ros2_control_demos' build argument 'cmake_args' from command line to 'None'
[0.320s] Level 5:colcon.colcon_core.verb:set package 'gazebo_ros2_control_demos' build argument 'cmake_target' from command line to 'None'
[0.320s] Level 5:colcon.colcon_core.verb:set package 'gazebo_ros2_control_demos' build argument 'cmake_target_skip_unavailable' from command line to 'False'
[0.320s] Level 5:colcon.colcon_core.verb:set package 'gazebo_ros2_control_demos' build argument 'cmake_clean_cache' from command line to 'False'
[0.321s] Level 5:colcon.colcon_core.verb:set package 'gazebo_ros2_control_demos' build argument 'cmake_clean_first' from command line to 'False'
[0.321s] Level 5:colcon.colcon_core.verb:set package 'gazebo_ros2_control_demos' build argument 'cmake_force_configure' from command line to 'False'
[0.321s] Level 5:colcon.colcon_core.verb:set package 'gazebo_ros2_control_demos' build argument 'ament_cmake_args' from command line to 'None'
[0.321s] Level 5:colcon.colcon_core.verb:set package 'gazebo_ros2_control_demos' build argument 'catkin_cmake_args' from command line to 'None'
[0.321s] Level 5:colcon.colcon_core.verb:set package 'gazebo_ros2_control_demos' build argument 'catkin_skip_building_tests' from command line to 'False'
[0.321s] DEBUG:colcon.colcon_core.verb:Building package 'gazebo_ros2_control_demos' with the following arguments: {'ament_cmake_args': None, 'build_base': '/home/manideep/FrankaSimulator_Ws/build/gazebo_ros2_control_demos', 'catkin_cmake_args': None, 'catkin_skip_building_tests': False, 'cmake_args': None, 'cmake_clean_cache': False, 'cmake_clean_first': False, 'cmake_force_configure': False, 'cmake_target': None, 'cmake_target_skip_unavailable': False, 'install_base': '/home/manideep/FrankaSimulator_Ws/install/gazebo_ros2_control_demos', 'merge_install': False, 'path': '/home/manideep/FrankaSimulator_Ws/src/gazebo_ros2_control/gazebo_ros2_control_demos', 'symlink_install': False, 'test_result_base': None}
[0.321s] Level 5:colcon.colcon_core.verb:set package 'panda_ros2_moveit2' build argument 'cmake_args' from command line to 'None'
[0.321s] Level 5:colcon.colcon_core.verb:set package 'panda_ros2_moveit2' build argument 'cmake_target' from command line to 'None'
[0.321s] Level 5:colcon.colcon_core.verb:set package 'panda_ros2_moveit2' build argument 'cmake_target_skip_unavailable' from command line to 'False'
[0.321s] Level 5:colcon.colcon_core.verb:set package 'panda_ros2_moveit2' build argument 'cmake_clean_cache' from command line to 'False'
[0.321s] Level 5:colcon.colcon_core.verb:set package 'panda_ros2_moveit2' build argument 'cmake_clean_first' from command line to 'False'
[0.321s] Level 5:colcon.colcon_core.verb:set package 'panda_ros2_moveit2' build argument 'cmake_force_configure' from command line to 'False'
[0.321s] Level 5:colcon.colcon_core.verb:set package 'panda_ros2_moveit2' build argument 'ament_cmake_args' from command line to 'None'
[0.321s] Level 5:colcon.colcon_core.verb:set package 'panda_ros2_moveit2' build argument 'catkin_cmake_args' from command line to 'None'
[0.321s] Level 5:colcon.colcon_core.verb:set package 'panda_ros2_moveit2' build argument 'catkin_skip_building_tests' from command line to 'False'
[0.321s] DEBUG:colcon.colcon_core.verb:Building package 'panda_ros2_moveit2' with the following arguments: {'ament_cmake_args': None, 'build_base': '/home/manideep/FrankaSimulator_Ws/build/panda_ros2_moveit2', 'catkin_cmake_args': None, 'catkin_skip_building_tests': False, 'cmake_args': None, 'cmake_clean_cache': False, 'cmake_clean_first': False, 'cmake_force_configure': False, 'cmake_target': None, 'cmake_target_skip_unavailable': False, 'install_base': '/home/manideep/FrankaSimulator_Ws/install/panda_ros2_moveit2', 'merge_install': False, 'path': '/home/manideep/FrankaSimulator_Ws/src/PandaRobot/panda_ros2_moveit2', 'symlink_install': False, 'test_result_base': None}
[0.321s] Level 5:colcon.colcon_core.verb:set package 'ros2_actions' build argument 'cmake_args' from command line to 'None'
[0.321s] Level 5:colcon.colcon_core.verb:set package 'ros2_actions' build argument 'cmake_target' from command line to 'None'
[0.321s] Level 5:colcon.colcon_core.verb:set package 'ros2_actions' build argument 'cmake_target_skip_unavailable' from command line to 'False'
[0.321s] Level 5:colcon.colcon_core.verb:set package 'ros2_actions' build argument 'cmake_clean_cache' from command line to 'False'
[0.321s] Level 5:colcon.colcon_core.verb:set package 'ros2_actions' build argument 'cmake_clean_first' from command line to 'False'
[0.321s] Level 5:colcon.colcon_core.verb:set package 'ros2_actions' build argument 'cmake_force_configure' from command line to 'False'
[0.321s] Level 5:colcon.colcon_core.verb:set package 'ros2_actions' build argument 'ament_cmake_args' from command line to 'None'
[0.321s] Level 5:colcon.colcon_core.verb:set package 'ros2_actions' build argument 'catkin_cmake_args' from command line to 'None'
[0.321s] Level 5:colcon.colcon_core.verb:set package 'ros2_actions' build argument 'catkin_skip_building_tests' from command line to 'False'
[0.321s] DEBUG:colcon.colcon_core.verb:Building package 'ros2_actions' with the following arguments: {'ament_cmake_args': None, 'build_base': '/home/manideep/FrankaSimulator_Ws/build/ros2_actions', 'catkin_cmake_args': None, 'catkin_skip_building_tests': False, 'cmake_args': None, 'cmake_clean_cache': False, 'cmake_clean_first': False, 'cmake_force_configure': False, 'cmake_target': None, 'cmake_target_skip_unavailable': False, 'install_base': '/home/manideep/FrankaSimulator_Ws/install/ros2_actions', 'merge_install': False, 'path': '/home/manideep/FrankaSimulator_Ws/src/ros2_actions', 'symlink_install': False, 'test_result_base': None}
[0.321s] INFO:colcon.colcon_core.executor:Executing jobs using 'parallel' executor
[0.322s] DEBUG:colcon.colcon_parallel_executor.executor.parallel:run_until_complete
[0.322s] INFO:colcon.colcon_ros.task.ament_cmake.build:Building ROS package in '/home/manideep/FrankaSimulator_Ws/src/ros2_data' with build type 'ament_cmake'
[0.322s] INFO:colcon.colcon_cmake.task.cmake.build:Building CMake package in '/home/manideep/FrankaSimulator_Ws/src/ros2_data'
[0.324s] INFO:colcon.colcon_core.plugin_system:Skipping extension 'colcon_core.shell.bat': Not used on non-Windows systems
[0.325s] INFO:colcon.colcon_core.shell:Skip shell extension 'powershell' for command environment: Not usable outside of PowerShell
[0.325s] DEBUG:colcon.colcon_core.shell:Skip shell extension 'dsv' for command environment
[0.328s] INFO:colcon.colcon_ros.task.ament_cmake.build:Building ROS package in '/home/manideep/FrankaSimulator_Ws/src/gazebo_ros2_control/gazebo_ros2_control' with build type 'ament_cmake'
[0.328s] INFO:colcon.colcon_cmake.task.cmake.build:Building CMake package in '/home/manideep/FrankaSimulator_Ws/src/gazebo_ros2_control/gazebo_ros2_control'
[0.329s] INFO:colcon.colcon_core.shell:Skip shell extension 'powershell' for command environment: Not usable outside of PowerShell
[0.329s] DEBUG:colcon.colcon_core.shell:Skip shell extension 'dsv' for command environment
[0.332s] INFO:colcon.colcon_ros.task.ament_cmake.build:Building ROS package in '/home/manideep/FrankaSimulator_Ws/src/PandaRobot/panda_ros2_gazebo' with build type 'ament_cmake'
[0.332s] INFO:colcon.colcon_cmake.task.cmake.build:Building CMake package in '/home/manideep/FrankaSimulator_Ws/src/PandaRobot/panda_ros2_gazebo'
[0.332s] INFO:colcon.colcon_core.shell:Skip shell extension 'powershell' for command environment: Not usable outside of PowerShell
[0.332s] DEBUG:colcon.colcon_core.shell:Skip shell extension 'dsv' for command environment
[0.339s] DEBUG:colcon.colcon_core.event_handler.log_command:Invoking command in '/home/manideep/FrankaSimulator_Ws/build/ros2_data': CMAKE_PREFIX_PATH=${CMAKE_PREFIX_PATH}:/home/manideep/ws_moveit2/install/moveit_configs_utils:/home/manideep/ws_moveit2/install/launch_param_builder:/opt/ros/humble /usr/bin/cmake --build /home/manideep/FrankaSimulator_Ws/build/ros2_data -- -j16 -l16
[0.342s] DEBUG:colcon.colcon_core.event_handler.log_command:Invoking command in '/home/manideep/FrankaSimulator_Ws/build/gazebo_ros2_control': CMAKE_PREFIX_PATH=${CMAKE_PREFIX_PATH}:/home/manideep/ws_moveit2/install/moveit_configs_utils:/home/manideep/ws_moveit2/install/launch_param_builder:/opt/ros/humble /usr/bin/cmake --build /home/manideep/FrankaSimulator_Ws/build/gazebo_ros2_control -- -j16 -l16
[0.344s] DEBUG:colcon.colcon_core.event_handler.log_command:Invoking command in '/home/manideep/FrankaSimulator_Ws/build/panda_ros2_gazebo': CMAKE_PREFIX_PATH=${CMAKE_PREFIX_PATH}:/home/manideep/ws_moveit2/install/moveit_configs_utils:/home/manideep/ws_moveit2/install/launch_param_builder:/opt/ros/humble /usr/bin/cmake --build /home/manideep/FrankaSimulator_Ws/build/panda_ros2_gazebo -- -j16 -l16
[0.394s] DEBUG:colcon.colcon_core.event_handler.log_command:Invoked command in '/home/manideep/FrankaSimulator_Ws/build/panda_ros2_gazebo' returned '0': CMAKE_PREFIX_PATH=${CMAKE_PREFIX_PATH}:/home/manideep/ws_moveit2/install/moveit_configs_utils:/home/manideep/ws_moveit2/install/launch_param_builder:/opt/ros/humble /usr/bin/cmake --build /home/manideep/FrankaSimulator_Ws/build/panda_ros2_gazebo -- -j16 -l16
[0.412s] DEBUG:colcon.colcon_core.event_handler.log_command:Invoking command in '/home/manideep/FrankaSimulator_Ws/build/panda_ros2_gazebo': CMAKE_PREFIX_PATH=${CMAKE_PREFIX_PATH}:/home/manideep/ws_moveit2/install/moveit_configs_utils:/home/manideep/ws_moveit2/install/launch_param_builder:/opt/ros/humble /usr/bin/cmake --install /home/manideep/FrankaSimulator_Ws/build/panda_ros2_gazebo
[0.431s] Level 1:colcon.colcon_core.environment:create_environment_scripts_only(panda_ros2_gazebo)
[0.432s] DEBUG:colcon.colcon_core.event_handler.log_command:Invoked command in '/home/manideep/FrankaSimulator_Ws/build/panda_ros2_gazebo' returned '0': CMAKE_PREFIX_PATH=${CMAKE_PREFIX_PATH}:/home/manideep/ws_moveit2/install/moveit_configs_utils:/home/manideep/ws_moveit2/install/launch_param_builder:/opt/ros/humble /usr/bin/cmake --install /home/manideep/FrankaSimulator_Ws/build/panda_ros2_gazebo
[0.439s] Level 1:colcon.colcon_core.environment:checking '/home/manideep/FrankaSimulator_Ws/install/panda_ros2_gazebo' for CMake module files
[0.440s] Level 1:colcon.colcon_core.environment:checking '/home/manideep/FrankaSimulator_Ws/install/panda_ros2_gazebo' for CMake config files
[0.440s] Level 1:colcon.colcon_core.shell:create_environment_hook('panda_ros2_gazebo', 'cmake_prefix_path')
[0.440s] INFO:colcon.colcon_core.shell:Creating environment hook '/home/manideep/FrankaSimulator_Ws/install/panda_ros2_gazebo/share/panda_ros2_gazebo/hook/cmake_prefix_path.ps1'
[0.442s] INFO:colcon.colcon_core.shell:Creating environment descriptor '/home/manideep/FrankaSimulator_Ws/install/panda_ros2_gazebo/share/panda_ros2_gazebo/hook/cmake_prefix_path.dsv'
[0.442s] INFO:colcon.colcon_core.shell:Creating environment hook '/home/manideep/FrankaSimulator_Ws/install/panda_ros2_gazebo/share/panda_ros2_gazebo/hook/cmake_prefix_path.sh'
[0.443s] Level 1:colcon.colcon_core.environment:checking '/home/manideep/FrankaSimulator_Ws/install/panda_ros2_gazebo/bin'
[0.443s] Level 1:colcon.colcon_core.environment:checking '/home/manideep/FrankaSimulator_Ws/install/panda_ros2_gazebo/lib/pkgconfig/panda_ros2_gazebo.pc'
[0.444s] Level 1:colcon.colcon_core.environment:checking '/home/manideep/FrankaSimulator_Ws/install/panda_ros2_gazebo/lib/python3.10/site-packages'
[0.444s] Level 1:colcon.colcon_core.environment:checking '/home/manideep/FrankaSimulator_Ws/install/panda_ros2_gazebo/bin'
[0.444s] INFO:colcon.colcon_core.shell:Creating package script '/home/manideep/FrankaSimulator_Ws/install/panda_ros2_gazebo/share/panda_ros2_gazebo/package.ps1'
[0.445s] INFO:colcon.colcon_core.shell:Creating package descriptor '/home/manideep/FrankaSimulator_Ws/install/panda_ros2_gazebo/share/panda_ros2_gazebo/package.dsv'
[0.446s] INFO:colcon.colcon_core.shell:Creating package script '/home/manideep/FrankaSimulator_Ws/install/panda_ros2_gazebo/share/panda_ros2_gazebo/package.sh'
[0.446s] INFO:colcon.colcon_core.shell:Creating package script '/home/manideep/FrankaSimulator_Ws/install/panda_ros2_gazebo/share/panda_ros2_gazebo/package.bash'
[0.447s] INFO:colcon.colcon_core.shell:Creating package script '/home/manideep/FrankaSimulator_Ws/install/panda_ros2_gazebo/share/panda_ros2_gazebo/package.zsh'
[0.447s] Level 1:colcon.colcon_core.environment:create_file_with_runtime_dependencies(/home/manideep/FrankaSimulator_Ws/install/panda_ros2_gazebo/share/colcon-core/packages/panda_ros2_gazebo)
[0.448s] Level 1:colcon.colcon_core.environment:create_environment_scripts_only(panda_ros2_gazebo)
[0.448s] Level 1:colcon.colcon_core.environment:checking '/home/manideep/FrankaSimulator_Ws/install/panda_ros2_gazebo' for CMake module files
[0.449s] Level 1:colcon.colcon_core.environment:checking '/home/manideep/FrankaSimulator_Ws/install/panda_ros2_gazebo' for CMake config files
[0.449s] Level 1:colcon.colcon_core.shell:create_environment_hook('panda_ros2_gazebo', 'cmake_prefix_path')
[0.449s] INFO:colcon.colcon_core.shell:Creating environment hook '/home/manideep/FrankaSimulator_Ws/install/panda_ros2_gazebo/share/panda_ros2_gazebo/hook/cmake_prefix_path.ps1'
[0.449s] INFO:colcon.colcon_core.shell:Creating environment descriptor '/home/manideep/FrankaSimulator_Ws/install/panda_ros2_gazebo/share/panda_ros2_gazebo/hook/cmake_prefix_path.dsv'
[0.450s] INFO:colcon.colcon_core.shell:Creating environment hook '/home/manideep/FrankaSimulator_Ws/install/panda_ros2_gazebo/share/panda_ros2_gazebo/hook/cmake_prefix_path.sh'
[0.450s] Level 1:colcon.colcon_core.environment:checking '/home/manideep/FrankaSimulator_Ws/install/panda_ros2_gazebo/bin'
[0.450s] Level 1:colcon.colcon_core.environment:checking '/home/manideep/FrankaSimulator_Ws/install/panda_ros2_gazebo/lib/pkgconfig/panda_ros2_gazebo.pc'
[0.450s] Level 1:colcon.colcon_core.environment:checking '/home/manideep/FrankaSimulator_Ws/install/panda_ros2_gazebo/lib/python3.10/site-packages'
[0.451s] Level 1:colcon.colcon_core.environment:checking '/home/manideep/FrankaSimulator_Ws/install/panda_ros2_gazebo/bin'
[0.451s] INFO:colcon.colcon_core.shell:Creating package script '/home/manideep/FrankaSimulator_Ws/install/panda_ros2_gazebo/share/panda_ros2_gazebo/package.ps1'
[0.452s] INFO:colcon.colcon_core.shell:Creating package descriptor '/home/manideep/FrankaSimulator_Ws/install/panda_ros2_gazebo/share/panda_ros2_gazebo/package.dsv'
[0.453s] INFO:colcon.colcon_core.shell:Creating package script '/home/manideep/FrankaSimulator_Ws/install/panda_ros2_gazebo/share/panda_ros2_gazebo/package.sh'
[0.453s] INFO:colcon.colcon_core.shell:Creating package script '/home/manideep/FrankaSimulator_Ws/install/panda_ros2_gazebo/share/panda_ros2_gazebo/package.bash'
[0.454s] INFO:colcon.colcon_core.shell:Creating package script '/home/manideep/FrankaSimulator_Ws/install/panda_ros2_gazebo/share/panda_ros2_gazebo/package.zsh'
[0.454s] Level 1:colcon.colcon_core.environment:create_file_with_runtime_dependencies(/home/manideep/FrankaSimulator_Ws/install/panda_ros2_gazebo/share/colcon-core/packages/panda_ros2_gazebo)
[0.457s] DEBUG:colcon.colcon_core.event_handler.log_command:Invoked command in '/home/manideep/FrankaSimulator_Ws/build/gazebo_ros2_control' returned '0': CMAKE_PREFIX_PATH=${CMAKE_PREFIX_PATH}:/home/manideep/ws_moveit2/install/moveit_configs_utils:/home/manideep/ws_moveit2/install/launch_param_builder:/opt/ros/humble /usr/bin/cmake --build /home/manideep/FrankaSimulator_Ws/build/gazebo_ros2_control -- -j16 -l16
[0.459s] DEBUG:colcon.colcon_core.event_handler.log_command:Invoking command in '/home/manideep/FrankaSimulator_Ws/build/gazebo_ros2_control': CMAKE_PREFIX_PATH=${CMAKE_PREFIX_PATH}:/home/manideep/ws_moveit2/install/moveit_configs_utils:/home/manideep/ws_moveit2/install/launch_param_builder:/opt/ros/humble /usr/bin/cmake --install /home/manideep/FrankaSimulator_Ws/build/gazebo_ros2_control
[0.466s] Level 1:colcon.colcon_core.environment:create_environment_scripts_only(gazebo_ros2_control)
[0.466s] Level 1:colcon.colcon_core.environment:checking '/home/manideep/FrankaSimulator_Ws/install/gazebo_ros2_control' for CMake module files
[0.466s] DEBUG:colcon.colcon_core.event_handler.log_command:Invoked command in '/home/manideep/FrankaSimulator_Ws/build/gazebo_ros2_control' returned '0': CMAKE_PREFIX_PATH=${CMAKE_PREFIX_PATH}:/home/manideep/ws_moveit2/install/moveit_configs_utils:/home/manideep/ws_moveit2/install/launch_param_builder:/opt/ros/humble /usr/bin/cmake --install /home/manideep/FrankaSimulator_Ws/build/gazebo_ros2_control
[0.467s] Level 1:colcon.colcon_core.environment:checking '/home/manideep/FrankaSimulator_Ws/install/gazebo_ros2_control' for CMake config files
[0.467s] Level 1:colcon.colcon_core.shell:create_environment_hook('gazebo_ros2_control', 'cmake_prefix_path')
[0.467s] INFO:colcon.colcon_core.shell:Creating environment hook '/home/manideep/FrankaSimulator_Ws/install/gazebo_ros2_control/share/gazebo_ros2_control/hook/cmake_prefix_path.ps1'
[0.467s] INFO:colcon.colcon_core.shell:Creating environment descriptor '/home/manideep/FrankaSimulator_Ws/install/gazebo_ros2_control/share/gazebo_ros2_control/hook/cmake_prefix_path.dsv'
[0.468s] INFO:colcon.colcon_core.shell:Creating environment hook '/home/manideep/FrankaSimulator_Ws/install/gazebo_ros2_control/share/gazebo_ros2_control/hook/cmake_prefix_path.sh'
[0.468s] Level 1:colcon.colcon_core.environment:checking '/home/manideep/FrankaSimulator_Ws/install/gazebo_ros2_control/lib'
[0.468s] Level 1:colcon.colcon_core.shell:create_environment_hook('gazebo_ros2_control', 'ld_library_path_lib')
[0.468s] INFO:colcon.colcon_core.shell:Creating environment hook '/home/manideep/FrankaSimulator_Ws/install/gazebo_ros2_control/share/gazebo_ros2_control/hook/ld_library_path_lib.ps1'
[0.469s] INFO:colcon.colcon_core.shell:Creating environment descriptor '/home/manideep/FrankaSimulator_Ws/install/gazebo_ros2_control/share/gazebo_ros2_control/hook/ld_library_path_lib.dsv'
[0.469s] INFO:colcon.colcon_core.shell:Creating environment hook '/home/manideep/FrankaSimulator_Ws/install/gazebo_ros2_control/share/gazebo_ros2_control/hook/ld_library_path_lib.sh'
[0.469s] Level 1:colcon.colcon_core.environment:checking '/home/manideep/FrankaSimulator_Ws/install/gazebo_ros2_control/bin'
[0.469s] Level 1:colcon.colcon_core.environment:checking '/home/manideep/FrankaSimulator_Ws/install/gazebo_ros2_control/lib/pkgconfig/gazebo_ros2_control.pc'
[0.469s] Level 1:colcon.colcon_core.environment:checking '/home/manideep/FrankaSimulator_Ws/install/gazebo_ros2_control/lib/python3.10/site-packages'
[0.469s] Level 1:colcon.colcon_core.environment:checking '/home/manideep/FrankaSimulator_Ws/install/gazebo_ros2_control/bin'
[0.470s] INFO:colcon.colcon_core.shell:Creating package script '/home/manideep/FrankaSimulator_Ws/install/gazebo_ros2_control/share/gazebo_ros2_control/package.ps1'
[0.470s] INFO:colcon.colcon_core.shell:Creating package descriptor '/home/manideep/FrankaSimulator_Ws/install/gazebo_ros2_control/share/gazebo_ros2_control/package.dsv'
[0.470s] INFO:colcon.colcon_core.shell:Creating package script '/home/manideep/FrankaSimulator_Ws/install/gazebo_ros2_control/share/gazebo_ros2_control/package.sh'
[0.470s] INFO:colcon.colcon_core.shell:Creating package script '/home/manideep/FrankaSimulator_Ws/install/gazebo_ros2_control/share/gazebo_ros2_control/package.bash'
[0.470s] INFO:colcon.colcon_core.shell:Creating package script '/home/manideep/FrankaSimulator_Ws/install/gazebo_ros2_control/share/gazebo_ros2_control/package.zsh'
[0.471s] Level 1:colcon.colcon_core.environment:create_file_with_runtime_dependencies(/home/manideep/FrankaSimulator_Ws/install/gazebo_ros2_control/share/colcon-core/packages/gazebo_ros2_control)
[0.471s] Level 1:colcon.colcon_core.environment:create_environment_scripts_only(gazebo_ros2_control)
[0.471s] Level 1:colcon.colcon_core.environment:checking '/home/manideep/FrankaSimulator_Ws/install/gazebo_ros2_control' for CMake module files
[0.471s] Level 1:colcon.colcon_core.environment:checking '/home/manideep/FrankaSimulator_Ws/install/gazebo_ros2_control' for CMake config files
[0.471s] Level 1:colcon.colcon_core.shell:create_environment_hook('gazebo_ros2_control', 'cmake_prefix_path')
[0.472s] INFO:colcon.colcon_core.shell:Creating environment hook '/home/manideep/FrankaSimulator_Ws/install/gazebo_ros2_control/share/gazebo_ros2_control/hook/cmake_prefix_path.ps1'
[0.472s] INFO:colcon.colcon_core.shell:Creating environment descriptor '/home/manideep/FrankaSimulator_Ws/install/gazebo_ros2_control/share/gazebo_ros2_control/hook/cmake_prefix_path.dsv'
[0.472s] INFO:colcon.colcon_core.shell:Creating environment hook '/home/manideep/FrankaSimulator_Ws/install/gazebo_ros2_control/share/gazebo_ros2_control/hook/cmake_prefix_path.sh'
[0.472s] Level 1:colcon.colcon_core.environment:checking '/home/manideep/FrankaSimulator_Ws/install/gazebo_ros2_control/lib'
[0.472s] Level 1:colcon.colcon_core.shell:create_environment_hook('gazebo_ros2_control', 'ld_library_path_lib')
[0.472s] INFO:colcon.colcon_core.shell:Creating environment hook '/home/manideep/FrankaSimulator_Ws/install/gazebo_ros2_control/share/gazebo_ros2_control/hook/ld_library_path_lib.ps1'
[0.473s] INFO:colcon.colcon_core.shell:Creating environment descriptor '/home/manideep/FrankaSimulator_Ws/install/gazebo_ros2_control/share/gazebo_ros2_control/hook/ld_library_path_lib.dsv'
[0.473s] INFO:colcon.colcon_core.shell:Creating environment hook '/home/manideep/FrankaSimulator_Ws/install/gazebo_ros2_control/share/gazebo_ros2_control/hook/ld_library_path_lib.sh'
[0.473s] Level 1:colcon.colcon_core.environment:checking '/home/manideep/FrankaSimulator_Ws/install/gazebo_ros2_control/bin'
[0.473s] Level 1:colcon.colcon_core.environment:checking '/home/manideep/FrankaSimulator_Ws/install/gazebo_ros2_control/lib/pkgconfig/gazebo_ros2_control.pc'
[0.473s] Level 1:colcon.colcon_core.environment:checking '/home/manideep/FrankaSimulator_Ws/install/gazebo_ros2_control/lib/python3.10/site-packages'
[0.473s] Level 1:colcon.colcon_core.environment:checking '/home/manideep/FrankaSimulator_Ws/install/gazebo_ros2_control/bin'
[0.473s] INFO:colcon.colcon_core.shell:Creating package script '/home/manideep/FrankaSimulator_Ws/install/gazebo_ros2_control/share/gazebo_ros2_control/package.ps1'
[0.474s] INFO:colcon.colcon_core.shell:Creating package descriptor '/home/manideep/FrankaSimulator_Ws/install/gazebo_ros2_control/share/gazebo_ros2_control/package.dsv'
[0.474s] INFO:colcon.colcon_core.shell:Creating package script '/home/manideep/FrankaSimulator_Ws/install/gazebo_ros2_control/share/gazebo_ros2_control/package.sh'
[0.474s] INFO:colcon.colcon_core.shell:Creating package script '/home/manideep/FrankaSimulator_Ws/install/gazebo_ros2_control/share/gazebo_ros2_control/package.bash'
[0.474s] INFO:colcon.colcon_core.shell:Creating package script '/home/manideep/FrankaSimulator_Ws/install/gazebo_ros2_control/share/gazebo_ros2_control/package.zsh'
[0.475s] Level 1:colcon.colcon_core.environment:create_file_with_runtime_dependencies(/home/manideep/FrankaSimulator_Ws/install/gazebo_ros2_control/share/colcon-core/packages/gazebo_ros2_control)
[0.475s] INFO:colcon.colcon_ros.task.ament_cmake.build:Building ROS package in '/home/manideep/FrankaSimulator_Ws/src/gazebo_ros2_control/gazebo_ros2_control_demos' with build type 'ament_cmake'
[0.475s] INFO:colcon.colcon_cmake.task.cmake.build:Building CMake package in '/home/manideep/FrankaSimulator_Ws/src/gazebo_ros2_control/gazebo_ros2_control_demos'
[0.475s] INFO:colcon.colcon_core.shell:Skip shell extension 'powershell' for command environment: Not usable outside of PowerShell
[0.475s] DEBUG:colcon.colcon_core.shell:Skip shell extension 'dsv' for command environment
[0.487s] DEBUG:colcon.colcon_core.event_handler.log_command:Invoking command in '/home/manideep/FrankaSimulator_Ws/build/gazebo_ros2_control_demos': AMENT_PREFIX_PATH=/home/manideep/FrankaSimulator_Ws/install/gazebo_ros2_control:${AMENT_PREFIX_PATH} CMAKE_PREFIX_PATH=/home/manideep/FrankaSimulator_Ws/install/gazebo_ros2_control:/home/manideep/ws_moveit2/install/pilz_industrial_motion_planner_testutils:/home/manideep/ws_moveit2/install/moveit_runtime:/home/manideep/ws_moveit2/install/moveit2_tutorials:/home/manideep/ws_moveit2/install/moveit:/home/manideep/ws_moveit2/install/moveit_planners:/home/manideep/ws_moveit2/install/pilz_industrial_motion_planner:/home/manideep/ws_moveit2/install/moveit_visual_tools:/home/manideep/ws_moveit2/install/moveit_task_constructor_visualization:/home/manideep/ws_moveit2/install/moveit_task_constructor_demo:/home/manideep/ws_moveit2/install/moveit_task_constructor_capabilities:/home/manideep/ws_moveit2/install/moveit_task_constructor_core:/home/manideep/ws_moveit2/install/moveit_ros_control_interface:/home/manideep/ws_moveit2/install/moveit_plugins:/home/manideep/ws_moveit2/install/moveit_simple_controller_manager:/home/manideep/ws_moveit2/install/moveit_setup_assistant:/home/manideep/ws_moveit2/install/moveit_setup_srdf_plugins:/home/manideep/ws_moveit2/install/moveit_setup_core_plugins:/home/manideep/ws_moveit2/install/moveit_setup_controllers:/home/manideep/ws_moveit2/install/moveit_setup_app_plugins:/home/manideep/ws_moveit2/install/moveit_setup_framework:/home/manideep/ws_moveit2/install/moveit_servo:/home/manideep/ws_moveit2/install/moveit_ros:/home/manideep/ws_moveit2/install/moveit_ros_visualization:/home/manideep/ws_moveit2/install/moveit_hybrid_planning:/home/manideep/ws_moveit2/install/moveit_ros_planning_interface:/home/manideep/ws_moveit2/install/moveit_ros_benchmarks:/home/manideep/ws_moveit2/install/moveit_ros_warehouse:/home/manideep/ws_moveit2/install/moveit_ros_robot_interaction:/home/manideep/ws_moveit2/install/moveit_ros_perception:/home/manideep/ws_moveit2/install/moveit_resources_prbt_pg70_support:/home/manideep/ws_moveit2/install/moveit_resources_prbt_moveit_config:/home/manideep/ws_moveit2/install/moveit_ros_move_group:/home/manideep/ws_moveit2/install/moveit_planners_ompl:/home/manideep/ws_moveit2/install/moveit_ros_planning:/home/manideep/ws_moveit2/install/moveit_ros_occupancy_map_monitor:/home/manideep/ws_moveit2/install/moveit_resources_prbt_ikfast_manipulator_plugin:/home/manideep/ws_moveit2/install/moveit_planners_chomp:/home/manideep/ws_moveit2/install/moveit_kinematics:/home/manideep/ws_moveit2/install/moveit_chomp_optimizer_adapter:/home/manideep/ws_moveit2/install/chomp_motion_planner:/home/manideep/ws_moveit2/install/moveit_core:/home/manideep/ws_moveit2/install/srdfdom:/home/manideep/ws_moveit2/install/rviz_marker_tools:/home/manideep/ws_moveit2/install/rosparam_shortcuts:/home/manideep/ws_moveit2/install/my_environment_package:/home/manideep/ws_moveit2/install/moveit_task_constructor_msgs:/home/manideep/ws_moveit2/install/moveit_resources_prbt_support:/home/manideep/ws_moveit2/install/moveit_resources:/home/manideep/ws_moveit2/install/moveit_resources_pr2_description:/home/manideep/ws_moveit2/install/moveit_resources_panda_moveit_config:/home/manideep/ws_moveit2/install/moveit_resources_panda_description:/home/manideep/ws_moveit2/install/moveit_resources_fanuc_moveit_config:/home/manideep/ws_moveit2/install/moveit_resources_fanuc_description:/home/manideep/ws_moveit2/install/moveit_common:/home/manideep/ws_moveit2/install/moveit_configs_utils:/home/manideep/ws_moveit2/install/launch_param_builder:/opt/ros/humble LD_LIBRARY_PATH=/home/manideep/FrankaSimulator_Ws/install/gazebo_ros2_control/lib:${LD_LIBRARY_PATH} /usr/bin/cmake --build /home/manideep/FrankaSimulator_Ws/build/gazebo_ros2_control_demos -- -j16 -l16
[0.554s] DEBUG:colcon.colcon_core.event_handler.log_command:Invoked command in '/home/manideep/FrankaSimulator_Ws/build/gazebo_ros2_control_demos' returned '0': AMENT_PREFIX_PATH=/home/manideep/FrankaSimulator_Ws/install/gazebo_ros2_control:${AMENT_PREFIX_PATH} CMAKE_PREFIX_PATH=/home/manideep/FrankaSimulator_Ws/install/gazebo_ros2_control:/home/manideep/ws_moveit2/install/pilz_industrial_motion_planner_testutils:/home/manideep/ws_moveit2/install/moveit_runtime:/home/manideep/ws_moveit2/install/moveit2_tutorials:/home/manideep/ws_moveit2/install/moveit:/home/manideep/ws_moveit2/install/moveit_planners:/home/manideep/ws_moveit2/install/pilz_industrial_motion_planner:/home/manideep/ws_moveit2/install/moveit_visual_tools:/home/manideep/ws_moveit2/install/moveit_task_constructor_visualization:/home/manideep/ws_moveit2/install/moveit_task_constructor_demo:/home/manideep/ws_moveit2/install/moveit_task_constructor_capabilities:/home/manideep/ws_moveit2/install/moveit_task_constructor_core:/home/manideep/ws_moveit2/install/moveit_ros_control_interface:/home/manideep/ws_moveit2/install/moveit_plugins:/home/manideep/ws_moveit2/install/moveit_simple_controller_manager:/home/manideep/ws_moveit2/install/moveit_setup_assistant:/home/manideep/ws_moveit2/install/moveit_setup_srdf_plugins:/home/manideep/ws_moveit2/install/moveit_setup_core_plugins:/home/manideep/ws_moveit2/install/moveit_setup_controllers:/home/manideep/ws_moveit2/install/moveit_setup_app_plugins:/home/manideep/ws_moveit2/install/moveit_setup_framework:/home/manideep/ws_moveit2/install/moveit_servo:/home/manideep/ws_moveit2/install/moveit_ros:/home/manideep/ws_moveit2/install/moveit_ros_visualization:/home/manideep/ws_moveit2/install/moveit_hybrid_planning:/home/manideep/ws_moveit2/install/moveit_ros_planning_interface:/home/manideep/ws_moveit2/install/moveit_ros_benchmarks:/home/manideep/ws_moveit2/install/moveit_ros_warehouse:/home/manideep/ws_moveit2/install/moveit_ros_robot_interaction:/home/manideep/ws_moveit2/install/moveit_ros_perception:/home/manideep/ws_moveit2/install/moveit_resources_prbt_pg70_support:/home/manideep/ws_moveit2/install/moveit_resources_prbt_moveit_config:/home/manideep/ws_moveit2/install/moveit_ros_move_group:/home/manideep/ws_moveit2/install/moveit_planners_ompl:/home/manideep/ws_moveit2/install/moveit_ros_planning:/home/manideep/ws_moveit2/install/moveit_ros_occupancy_map_monitor:/home/manideep/ws_moveit2/install/moveit_resources_prbt_ikfast_manipulator_plugin:/home/manideep/ws_moveit2/install/moveit_planners_chomp:/home/manideep/ws_moveit2/install/moveit_kinematics:/home/manideep/ws_moveit2/install/moveit_chomp_optimizer_adapter:/home/manideep/ws_moveit2/install/chomp_motion_planner:/home/manideep/ws_moveit2/install/moveit_core:/home/manideep/ws_moveit2/install/srdfdom:/home/manideep/ws_moveit2/install/rviz_marker_tools:/home/manideep/ws_moveit2/install/rosparam_shortcuts:/home/manideep/ws_moveit2/install/my_environment_package:/home/manideep/ws_moveit2/install/moveit_task_constructor_msgs:/home/manideep/ws_moveit2/install/moveit_resources_prbt_support:/home/manideep/ws_moveit2/install/moveit_resources:/home/manideep/ws_moveit2/install/moveit_resources_pr2_description:/home/manideep/ws_moveit2/install/moveit_resources_panda_moveit_config:/home/manideep/ws_moveit2/install/moveit_resources_panda_description:/home/manideep/ws_moveit2/install/moveit_resources_fanuc_moveit_config:/home/manideep/ws_moveit2/install/moveit_resources_fanuc_description:/home/manideep/ws_moveit2/install/moveit_common:/home/manideep/ws_moveit2/install/moveit_configs_utils:/home/manideep/ws_moveit2/install/launch_param_builder:/opt/ros/humble LD_LIBRARY_PATH=/home/manideep/FrankaSimulator_Ws/install/gazebo_ros2_control/lib:${LD_LIBRARY_PATH} /usr/bin/cmake --build /home/manideep/FrankaSimulator_Ws/build/gazebo_ros2_control_demos -- -j16 -l16
[0.555s] DEBUG:colcon.colcon_core.event_handler.log_command:Invoking command in '/home/manideep/FrankaSimulator_Ws/build/gazebo_ros2_control_demos': AMENT_PREFIX_PATH=/home/manideep/FrankaSimulator_Ws/install/gazebo_ros2_control:${AMENT_PREFIX_PATH} CMAKE_PREFIX_PATH=/home/manideep/FrankaSimulator_Ws/install/gazebo_ros2_control:/home/manideep/ws_moveit2/install/pilz_industrial_motion_planner_testutils:/home/manideep/ws_moveit2/install/moveit_runtime:/home/manideep/ws_moveit2/install/moveit2_tutorials:/home/manideep/ws_moveit2/install/moveit:/home/manideep/ws_moveit2/install/moveit_planners:/home/manideep/ws_moveit2/install/pilz_industrial_motion_planner:/home/manideep/ws_moveit2/install/moveit_visual_tools:/home/manideep/ws_moveit2/install/moveit_task_constructor_visualization:/home/manideep/ws_moveit2/install/moveit_task_constructor_demo:/home/manideep/ws_moveit2/install/moveit_task_constructor_capabilities:/home/manideep/ws_moveit2/install/moveit_task_constructor_core:/home/manideep/ws_moveit2/install/moveit_ros_control_interface:/home/manideep/ws_moveit2/install/moveit_plugins:/home/manideep/ws_moveit2/install/moveit_simple_controller_manager:/home/manideep/ws_moveit2/install/moveit_setup_assistant:/home/manideep/ws_moveit2/install/moveit_setup_srdf_plugins:/home/manideep/ws_moveit2/install/moveit_setup_core_plugins:/home/manideep/ws_moveit2/install/moveit_setup_controllers:/home/manideep/ws_moveit2/install/moveit_setup_app_plugins:/home/manideep/ws_moveit2/install/moveit_setup_framework:/home/manideep/ws_moveit2/install/moveit_servo:/home/manideep/ws_moveit2/install/moveit_ros:/home/manideep/ws_moveit2/install/moveit_ros_visualization:/home/manideep/ws_moveit2/install/moveit_hybrid_planning:/home/manideep/ws_moveit2/install/moveit_ros_planning_interface:/home/manideep/ws_moveit2/install/moveit_ros_benchmarks:/home/manideep/ws_moveit2/install/moveit_ros_warehouse:/home/manideep/ws_moveit2/install/moveit_ros_robot_interaction:/home/manideep/ws_moveit2/install/moveit_ros_perception:/home/manideep/ws_moveit2/install/moveit_resources_prbt_pg70_support:/home/manideep/ws_moveit2/install/moveit_resources_prbt_moveit_config:/home/manideep/ws_moveit2/install/moveit_ros_move_group:/home/manideep/ws_moveit2/install/moveit_planners_ompl:/home/manideep/ws_moveit2/install/moveit_ros_planning:/home/manideep/ws_moveit2/install/moveit_ros_occupancy_map_monitor:/home/manideep/ws_moveit2/install/moveit_resources_prbt_ikfast_manipulator_plugin:/home/manideep/ws_moveit2/install/moveit_planners_chomp:/home/manideep/ws_moveit2/install/moveit_kinematics:/home/manideep/ws_moveit2/install/moveit_chomp_optimizer_adapter:/home/manideep/ws_moveit2/install/chomp_motion_planner:/home/manideep/ws_moveit2/install/moveit_core:/home/manideep/ws_moveit2/install/srdfdom:/home/manideep/ws_moveit2/install/rviz_marker_tools:/home/manideep/ws_moveit2/install/rosparam_shortcuts:/home/manideep/ws_moveit2/install/my_environment_package:/home/manideep/ws_moveit2/install/moveit_task_constructor_msgs:/home/manideep/ws_moveit2/install/moveit_resources_prbt_support:/home/manideep/ws_moveit2/install/moveit_resources:/home/manideep/ws_moveit2/install/moveit_resources_pr2_description:/home/manideep/ws_moveit2/install/moveit_resources_panda_moveit_config:/home/manideep/ws_moveit2/install/moveit_resources_panda_description:/home/manideep/ws_moveit2/install/moveit_resources_fanuc_moveit_config:/home/manideep/ws_moveit2/install/moveit_resources_fanuc_description:/home/manideep/ws_moveit2/install/moveit_common:/home/manideep/ws_moveit2/install/moveit_configs_utils:/home/manideep/ws_moveit2/install/launch_param_builder:/opt/ros/humble LD_LIBRARY_PATH=/home/manideep/FrankaSimulator_Ws/install/gazebo_ros2_control/lib:${LD_LIBRARY_PATH} /usr/bin/cmake --install /home/manideep/FrankaSimulator_Ws/build/gazebo_ros2_control_demos
[0.566s] Level 1:colcon.colcon_core.environment:create_environment_scripts_only(gazebo_ros2_control_demos)
[0.567s] Level 1:colcon.colcon_core.environment:checking '/home/manideep/FrankaSimulator_Ws/install/gazebo_ros2_control_demos' for CMake module files
[0.567s] DEBUG:colcon.colcon_core.event_handler.log_command:Invoked command in '/home/manideep/FrankaSimulator_Ws/build/gazebo_ros2_control_demos' returned '0': AMENT_PREFIX_PATH=/home/manideep/FrankaSimulator_Ws/install/gazebo_ros2_control:${AMENT_PREFIX_PATH} CMAKE_PREFIX_PATH=/home/manideep/FrankaSimulator_Ws/install/gazebo_ros2_control:/home/manideep/ws_moveit2/install/pilz_industrial_motion_planner_testutils:/home/manideep/ws_moveit2/install/moveit_runtime:/home/manideep/ws_moveit2/install/moveit2_tutorials:/home/manideep/ws_moveit2/install/moveit:/home/manideep/ws_moveit2/install/moveit_planners:/home/manideep/ws_moveit2/install/pilz_industrial_motion_planner:/home/manideep/ws_moveit2/install/moveit_visual_tools:/home/manideep/ws_moveit2/install/moveit_task_constructor_visualization:/home/manideep/ws_moveit2/install/moveit_task_constructor_demo:/home/manideep/ws_moveit2/install/moveit_task_constructor_capabilities:/home/manideep/ws_moveit2/install/moveit_task_constructor_core:/home/manideep/ws_moveit2/install/moveit_ros_control_interface:/home/manideep/ws_moveit2/install/moveit_plugins:/home/manideep/ws_moveit2/install/moveit_simple_controller_manager:/home/manideep/ws_moveit2/install/moveit_setup_assistant:/home/manideep/ws_moveit2/install/moveit_setup_srdf_plugins:/home/manideep/ws_moveit2/install/moveit_setup_core_plugins:/home/manideep/ws_moveit2/install/moveit_setup_controllers:/home/manideep/ws_moveit2/install/moveit_setup_app_plugins:/home/manideep/ws_moveit2/install/moveit_setup_framework:/home/manideep/ws_moveit2/install/moveit_servo:/home/manideep/ws_moveit2/install/moveit_ros:/home/manideep/ws_moveit2/install/moveit_ros_visualization:/home/manideep/ws_moveit2/install/moveit_hybrid_planning:/home/manideep/ws_moveit2/install/moveit_ros_planning_interface:/home/manideep/ws_moveit2/install/moveit_ros_benchmarks:/home/manideep/ws_moveit2/install/moveit_ros_warehouse:/home/manideep/ws_moveit2/install/moveit_ros_robot_interaction:/home/manideep/ws_moveit2/install/moveit_ros_perception:/home/manideep/ws_moveit2/install/moveit_resources_prbt_pg70_support:/home/manideep/ws_moveit2/install/moveit_resources_prbt_moveit_config:/home/manideep/ws_moveit2/install/moveit_ros_move_group:/home/manideep/ws_moveit2/install/moveit_planners_ompl:/home/manideep/ws_moveit2/install/moveit_ros_planning:/home/manideep/ws_moveit2/install/moveit_ros_occupancy_map_monitor:/home/manideep/ws_moveit2/install/moveit_resources_prbt_ikfast_manipulator_plugin:/home/manideep/ws_moveit2/install/moveit_planners_chomp:/home/manideep/ws_moveit2/install/moveit_kinematics:/home/manideep/ws_moveit2/install/moveit_chomp_optimizer_adapter:/home/manideep/ws_moveit2/install/chomp_motion_planner:/home/manideep/ws_moveit2/install/moveit_core:/home/manideep/ws_moveit2/install/srdfdom:/home/manideep/ws_moveit2/install/rviz_marker_tools:/home/manideep/ws_moveit2/install/rosparam_shortcuts:/home/manideep/ws_moveit2/install/my_environment_package:/home/manideep/ws_moveit2/install/moveit_task_constructor_msgs:/home/manideep/ws_moveit2/install/moveit_resources_prbt_support:/home/manideep/ws_moveit2/install/moveit_resources:/home/manideep/ws_moveit2/install/moveit_resources_pr2_description:/home/manideep/ws_moveit2/install/moveit_resources_panda_moveit_config:/home/manideep/ws_moveit2/install/moveit_resources_panda_description:/home/manideep/ws_moveit2/install/moveit_resources_fanuc_moveit_config:/home/manideep/ws_moveit2/install/moveit_resources_fanuc_description:/home/manideep/ws_moveit2/install/moveit_common:/home/manideep/ws_moveit2/install/moveit_configs_utils:/home/manideep/ws_moveit2/install/launch_param_builder:/opt/ros/humble LD_LIBRARY_PATH=/home/manideep/FrankaSimulator_Ws/install/gazebo_ros2_control/lib:${LD_LIBRARY_PATH} /usr/bin/cmake --install /home/manideep/FrankaSimulator_Ws/build/gazebo_ros2_control_demos
[0.567s] Level 1:colcon.colcon_core.environment:checking '/home/manideep/FrankaSimulator_Ws/install/gazebo_ros2_control_demos' for CMake config files
[0.567s] Level 1:colcon.colcon_core.shell:create_environment_hook('gazebo_ros2_control_demos', 'cmake_prefix_path')
[0.568s] INFO:colcon.colcon_core.shell:Creating environment hook '/home/manideep/FrankaSimulator_Ws/install/gazebo_ros2_control_demos/share/gazebo_ros2_control_demos/hook/cmake_prefix_path.ps1'
[0.568s] INFO:colcon.colcon_core.shell:Creating environment descriptor '/home/manideep/FrankaSimulator_Ws/install/gazebo_ros2_control_demos/share/gazebo_ros2_control_demos/hook/cmake_prefix_path.dsv'
[0.568s] INFO:colcon.colcon_core.shell:Creating environment hook '/home/manideep/FrankaSimulator_Ws/install/gazebo_ros2_control_demos/share/gazebo_ros2_control_demos/hook/cmake_prefix_path.sh'
[0.568s] Level 1:colcon.colcon_core.environment:checking '/home/manideep/FrankaSimulator_Ws/install/gazebo_ros2_control_demos/lib'
[0.568s] Level 1:colcon.colcon_core.environment:checking '/home/manideep/FrankaSimulator_Ws/install/gazebo_ros2_control_demos/bin'
[0.568s] Level 1:colcon.colcon_core.environment:checking '/home/manideep/FrankaSimulator_Ws/install/gazebo_ros2_control_demos/lib/pkgconfig/gazebo_ros2_control_demos.pc'
[0.569s] Level 1:colcon.colcon_core.environment:checking '/home/manideep/FrankaSimulator_Ws/install/gazebo_ros2_control_demos/lib/python3.10/site-packages'
[0.569s] Level 1:colcon.colcon_core.environment:checking '/home/manideep/FrankaSimulator_Ws/install/gazebo_ros2_control_demos/bin'
[0.569s] INFO:colcon.colcon_core.shell:Creating package script '/home/manideep/FrankaSimulator_Ws/install/gazebo_ros2_control_demos/share/gazebo_ros2_control_demos/package.ps1'
[0.569s] INFO:colcon.colcon_core.shell:Creating package descriptor '/home/manideep/FrankaSimulator_Ws/install/gazebo_ros2_control_demos/share/gazebo_ros2_control_demos/package.dsv'
[0.569s] INFO:colcon.colcon_core.shell:Creating package script '/home/manideep/FrankaSimulator_Ws/install/gazebo_ros2_control_demos/share/gazebo_ros2_control_demos/package.sh'
[0.570s] INFO:colcon.colcon_core.shell:Creating package script '/home/manideep/FrankaSimulator_Ws/install/gazebo_ros2_control_demos/share/gazebo_ros2_control_demos/package.bash'
[0.570s] INFO:colcon.colcon_core.shell:Creating package script '/home/manideep/FrankaSimulator_Ws/install/gazebo_ros2_control_demos/share/gazebo_ros2_control_demos/package.zsh'
[0.570s] Level 1:colcon.colcon_core.environment:create_file_with_runtime_dependencies(/home/manideep/FrankaSimulator_Ws/install/gazebo_ros2_control_demos/share/colcon-core/packages/gazebo_ros2_control_demos)
[0.570s] Level 1:colcon.colcon_core.environment:create_environment_scripts_only(gazebo_ros2_control_demos)
[0.570s] Level 1:colcon.colcon_core.environment:checking '/home/manideep/FrankaSimulator_Ws/install/gazebo_ros2_control_demos' for CMake module files
[0.571s] Level 1:colcon.colcon_core.environment:checking '/home/manideep/FrankaSimulator_Ws/install/gazebo_ros2_control_demos' for CMake config files
[0.571s] Level 1:colcon.colcon_core.shell:create_environment_hook('gazebo_ros2_control_demos', 'cmake_prefix_path')
[0.571s] INFO:colcon.colcon_core.shell:Creating environment hook '/home/manideep/FrankaSimulator_Ws/install/gazebo_ros2_control_demos/share/gazebo_ros2_control_demos/hook/cmake_prefix_path.ps1'
[0.571s] INFO:colcon.colcon_core.shell:Creating environment descriptor '/home/manideep/FrankaSimulator_Ws/install/gazebo_ros2_control_demos/share/gazebo_ros2_control_demos/hook/cmake_prefix_path.dsv'
[0.571s] INFO:colcon.colcon_core.shell:Creating environment hook '/home/manideep/FrankaSimulator_Ws/install/gazebo_ros2_control_demos/share/gazebo_ros2_control_demos/hook/cmake_prefix_path.sh'
[0.572s] Level 1:colcon.colcon_core.environment:checking '/home/manideep/FrankaSimulator_Ws/install/gazebo_ros2_control_demos/lib'
[0.572s] Level 1:colcon.colcon_core.environment:checking '/home/manideep/FrankaSimulator_Ws/install/gazebo_ros2_control_demos/bin'
[0.572s] Level 1:colcon.colcon_core.environment:checking '/home/manideep/FrankaSimulator_Ws/install/gazebo_ros2_control_demos/lib/pkgconfig/gazebo_ros2_control_demos.pc'
[0.572s] Level 1:colcon.colcon_core.environment:checking '/home/manideep/FrankaSimulator_Ws/install/gazebo_ros2_control_demos/lib/python3.10/site-packages'
[0.572s] Level 1:colcon.colcon_core.environment:checking '/home/manideep/FrankaSimulator_Ws/install/gazebo_ros2_control_demos/bin'
[0.572s] INFO:colcon.colcon_core.shell:Creating package script '/home/manideep/FrankaSimulator_Ws/install/gazebo_ros2_control_demos/share/gazebo_ros2_control_demos/package.ps1'
[0.573s] INFO:colcon.colcon_core.shell:Creating package descriptor '/home/manideep/FrankaSimulator_Ws/install/gazebo_ros2_control_demos/share/gazebo_ros2_control_demos/package.dsv'
[0.573s] INFO:colcon.colcon_core.shell:Creating package script '/home/manideep/FrankaSimulator_Ws/install/gazebo_ros2_control_demos/share/gazebo_ros2_control_demos/package.sh'
[0.573s] INFO:colcon.colcon_core.shell:Creating package script '/home/manideep/FrankaSimulator_Ws/install/gazebo_ros2_control_demos/share/gazebo_ros2_control_demos/package.bash'
[0.573s] INFO:colcon.colcon_core.shell:Creating package script '/home/manideep/FrankaSimulator_Ws/install/gazebo_ros2_control_demos/share/gazebo_ros2_control_demos/package.zsh'
[0.574s] Level 1:colcon.colcon_core.environment:create_file_with_runtime_dependencies(/home/manideep/FrankaSimulator_Ws/install/gazebo_ros2_control_demos/share/colcon-core/packages/gazebo_ros2_control_demos)
[0.622s] DEBUG:colcon.colcon_core.event_handler.log_command:Invoked command in '/home/manideep/FrankaSimulator_Ws/build/ros2_data' returned '0': CMAKE_PREFIX_PATH=${CMAKE_PREFIX_PATH}:/home/manideep/ws_moveit2/install/moveit_configs_utils:/home/manideep/ws_moveit2/install/launch_param_builder:/opt/ros/humble /usr/bin/cmake --build /home/manideep/FrankaSimulator_Ws/build/ros2_data -- -j16 -l16
[0.624s] DEBUG:colcon.colcon_core.event_handler.log_command:Invoking command in '/home/manideep/FrankaSimulator_Ws/build/ros2_data': CMAKE_PREFIX_PATH=${CMAKE_PREFIX_PATH}:/home/manideep/ws_moveit2/install/moveit_configs_utils:/home/manideep/ws_moveit2/install/launch_param_builder:/opt/ros/humble /usr/bin/cmake --install /home/manideep/FrankaSimulator_Ws/build/ros2_data
[0.683s] Level 1:colcon.colcon_core.environment:create_environment_scripts_only(ros2_data)
[0.683s] DEBUG:colcon.colcon_core.event_handler.log_command:Invoked command in '/home/manideep/FrankaSimulator_Ws/build/ros2_data' returned '0': CMAKE_PREFIX_PATH=${CMAKE_PREFIX_PATH}:/home/manideep/ws_moveit2/install/moveit_configs_utils:/home/manideep/ws_moveit2/install/launch_param_builder:/opt/ros/humble /usr/bin/cmake --install /home/manideep/FrankaSimulator_Ws/build/ros2_data
[0.683s] Level 1:colcon.colcon_core.environment:checking '/home/manideep/FrankaSimulator_Ws/install/ros2_data' for CMake module files
[0.684s] Level 1:colcon.colcon_core.environment:checking '/home/manideep/FrankaSimulator_Ws/install/ros2_data' for CMake config files
[0.684s] Level 1:colcon.colcon_core.shell:create_environment_hook('ros2_data', 'cmake_prefix_path')
[0.684s] INFO:colcon.colcon_core.shell:Creating environment hook '/home/manideep/FrankaSimulator_Ws/install/ros2_data/share/ros2_data/hook/cmake_prefix_path.ps1'
[0.684s] INFO:colcon.colcon_core.shell:Creating environment descriptor '/home/manideep/FrankaSimulator_Ws/install/ros2_data/share/ros2_data/hook/cmake_prefix_path.dsv'
[0.684s] INFO:colcon.colcon_core.shell:Creating environment hook '/home/manideep/FrankaSimulator_Ws/install/ros2_data/share/ros2_data/hook/cmake_prefix_path.sh'
[0.685s] Level 1:colcon.colcon_core.environment:checking '/home/manideep/FrankaSimulator_Ws/install/ros2_data/lib'
[0.685s] Level 1:colcon.colcon_core.shell:create_environment_hook('ros2_data', 'ld_library_path_lib')
[0.685s] INFO:colcon.colcon_core.shell:Creating environment hook '/home/manideep/FrankaSimulator_Ws/install/ros2_data/share/ros2_data/hook/ld_library_path_lib.ps1'
[0.685s] INFO:colcon.colcon_core.shell:Creating environment descriptor '/home/manideep/FrankaSimulator_Ws/install/ros2_data/share/ros2_data/hook/ld_library_path_lib.dsv'
[0.685s] INFO:colcon.colcon_core.shell:Creating environment hook '/home/manideep/FrankaSimulator_Ws/install/ros2_data/share/ros2_data/hook/ld_library_path_lib.sh'
[0.686s] Level 1:colcon.colcon_core.environment:checking '/home/manideep/FrankaSimulator_Ws/install/ros2_data/bin'
[0.686s] Level 1:colcon.colcon_core.environment:checking '/home/manideep/FrankaSimulator_Ws/install/ros2_data/lib/pkgconfig/ros2_data.pc'
[0.686s] Level 1:colcon.colcon_core.environment:checking '/home/manideep/FrankaSimulator_Ws/install/ros2_data/lib/python3.10/site-packages'
[0.686s] Level 1:colcon.colcon_core.shell:create_environment_hook('ros2_data', 'pythonpath')
[0.686s] INFO:colcon.colcon_core.shell:Creating environment hook '/home/manideep/FrankaSimulator_Ws/install/ros2_data/share/ros2_data/hook/pythonpath.ps1'
[0.686s] INFO:colcon.colcon_core.shell:Creating environment descriptor '/home/manideep/FrankaSimulator_Ws/install/ros2_data/share/ros2_data/hook/pythonpath.dsv'
[0.687s] INFO:colcon.colcon_core.shell:Creating environment hook '/home/manideep/FrankaSimulator_Ws/install/ros2_data/share/ros2_data/hook/pythonpath.sh'
[0.687s] Level 1:colcon.colcon_core.environment:checking '/home/manideep/FrankaSimulator_Ws/install/ros2_data/bin'
[0.687s] INFO:colcon.colcon_core.shell:Creating package script '/home/manideep/FrankaSimulator_Ws/install/ros2_data/share/ros2_data/package.ps1'
[0.688s] INFO:colcon.colcon_core.shell:Creating package descriptor '/home/manideep/FrankaSimulator_Ws/install/ros2_data/share/ros2_data/package.dsv'
[0.688s] INFO:colcon.colcon_core.shell:Creating package script '/home/manideep/FrankaSimulator_Ws/install/ros2_data/share/ros2_data/package.sh'
[0.688s] INFO:colcon.colcon_core.shell:Creating package script '/home/manideep/FrankaSimulator_Ws/install/ros2_data/share/ros2_data/package.bash'
[0.689s] INFO:colcon.colcon_core.shell:Creating package script '/home/manideep/FrankaSimulator_Ws/install/ros2_data/share/ros2_data/package.zsh'
[0.689s] Level 1:colcon.colcon_core.environment:create_file_with_runtime_dependencies(/home/manideep/FrankaSimulator_Ws/install/ros2_data/share/colcon-core/packages/ros2_data)
[0.689s] Level 1:colcon.colcon_core.environment:create_environment_scripts_only(ros2_data)
[0.689s] Level 1:colcon.colcon_core.environment:checking '/home/manideep/FrankaSimulator_Ws/install/ros2_data' for CMake module files
[0.690s] Level 1:colcon.colcon_core.environment:checking '/home/manideep/FrankaSimulator_Ws/install/ros2_data' for CMake config files
[0.690s] Level 1:colcon.colcon_core.shell:create_environment_hook('ros2_data', 'cmake_prefix_path')
[0.690s] INFO:colcon.colcon_core.shell:Creating environment hook '/home/manideep/FrankaSimulator_Ws/install/ros2_data/share/ros2_data/hook/cmake_prefix_path.ps1'
[0.691s] INFO:colcon.colcon_core.shell:Creating environment descriptor '/home/manideep/FrankaSimulator_Ws/install/ros2_data/share/ros2_data/hook/cmake_prefix_path.dsv'
[0.691s] INFO:colcon.colcon_core.shell:Creating environment hook '/home/manideep/FrankaSimulator_Ws/install/ros2_data/share/ros2_data/hook/cmake_prefix_path.sh'
[0.691s] Level 1:colcon.colcon_core.environment:checking '/home/manideep/FrankaSimulator_Ws/install/ros2_data/lib'
[0.691s] Level 1:colcon.colcon_core.shell:create_environment_hook('ros2_data', 'ld_library_path_lib')
[0.692s] INFO:colcon.colcon_core.shell:Creating environment hook '/home/manideep/FrankaSimulator_Ws/install/ros2_data/share/ros2_data/hook/ld_library_path_lib.ps1'
[0.692s] INFO:colcon.colcon_core.shell:Creating environment descriptor '/home/manideep/FrankaSimulator_Ws/install/ros2_data/share/ros2_data/hook/ld_library_path_lib.dsv'
[0.692s] INFO:colcon.colcon_core.shell:Creating environment hook '/home/manideep/FrankaSimulator_Ws/install/ros2_data/share/ros2_data/hook/ld_library_path_lib.sh'
[0.692s] Level 1:colcon.colcon_core.environment:checking '/home/manideep/FrankaSimulator_Ws/install/ros2_data/bin'
[0.692s] Level 1:colcon.colcon_core.environment:checking '/home/manideep/FrankaSimulator_Ws/install/ros2_data/lib/pkgconfig/ros2_data.pc'
[0.692s] Level 1:colcon.colcon_core.environment:checking '/home/manideep/FrankaSimulator_Ws/install/ros2_data/lib/python3.10/site-packages'
[0.692s] Level 1:colcon.colcon_core.shell:create_environment_hook('ros2_data', 'pythonpath')
[0.693s] INFO:colcon.colcon_core.shell:Creating environment hook '/home/manideep/FrankaSimulator_Ws/install/ros2_data/share/ros2_data/hook/pythonpath.ps1'
[0.693s] INFO:colcon.colcon_core.shell:Creating environment descriptor '/home/manideep/FrankaSimulator_Ws/install/ros2_data/share/ros2_data/hook/pythonpath.dsv'
[0.693s] INFO:colcon.colcon_core.shell:Creating environment hook '/home/manideep/FrankaSimulator_Ws/install/ros2_data/share/ros2_data/hook/pythonpath.sh'
[0.693s] Level 1:colcon.colcon_core.environment:checking '/home/manideep/FrankaSimulator_Ws/install/ros2_data/bin'
[0.694s] INFO:colcon.colcon_core.shell:Creating package script '/home/manideep/FrankaSimulator_Ws/install/ros2_data/share/ros2_data/package.ps1'
[0.694s] INFO:colcon.colcon_core.shell:Creating package descriptor '/home/manideep/FrankaSimulator_Ws/install/ros2_data/share/ros2_data/package.dsv'
[0.694s] INFO:colcon.colcon_core.shell:Creating package script '/home/manideep/FrankaSimulator_Ws/install/ros2_data/share/ros2_data/package.sh'
[0.694s] INFO:colcon.colcon_core.shell:Creating package script '/home/manideep/FrankaSimulator_Ws/install/ros2_data/share/ros2_data/package.bash'
[0.695s] INFO:colcon.colcon_core.shell:Creating package script '/home/manideep/FrankaSimulator_Ws/install/ros2_data/share/ros2_data/package.zsh'
[0.695s] Level 1:colcon.colcon_core.environment:create_file_with_runtime_dependencies(/home/manideep/FrankaSimulator_Ws/install/ros2_data/share/colcon-core/packages/ros2_data)
[0.695s] INFO:colcon.colcon_ros.task.ament_cmake.build:Building ROS package in '/home/manideep/FrankaSimulator_Ws/src/PandaRobot/panda_ros2_moveit2' with build type 'ament_cmake'
[0.695s] INFO:colcon.colcon_cmake.task.cmake.build:Building CMake package in '/home/manideep/FrankaSimulator_Ws/src/PandaRobot/panda_ros2_moveit2'
[0.695s] INFO:colcon.colcon_core.shell:Skip shell extension 'powershell' for command environment: Not usable outside of PowerShell
[0.695s] DEBUG:colcon.colcon_core.shell:Skip shell extension 'dsv' for command environment
[0.699s] INFO:colcon.colcon_ros.task.ament_cmake.build:Building ROS package in '/home/manideep/FrankaSimulator_Ws/src/ros2_actions' with build type 'ament_cmake'
[0.699s] INFO:colcon.colcon_cmake.task.cmake.build:Building CMake package in '/home/manideep/FrankaSimulator_Ws/src/ros2_actions'
[0.699s] INFO:colcon.colcon_core.shell:Skip shell extension 'powershell' for command environment: Not usable outside of PowerShell
[0.699s] DEBUG:colcon.colcon_core.shell:Skip shell extension 'dsv' for command environment
[0.707s] DEBUG:colcon.colcon_core.event_handler.log_command:Invoking command in '/home/manideep/FrankaSimulator_Ws/build/panda_ros2_moveit2': AMENT_PREFIX_PATH=/home/manideep/FrankaSimulator_Ws/install/ros2_data:${AMENT_PREFIX_PATH} CMAKE_PREFIX_PATH=/home/manideep/FrankaSimulator_Ws/install/ros2_data:/home/manideep/ws_moveit2/install/pilz_industrial_motion_planner_testutils:/home/manideep/ws_moveit2/install/moveit_runtime:/home/manideep/ws_moveit2/install/moveit2_tutorials:/home/manideep/ws_moveit2/install/moveit:/home/manideep/ws_moveit2/install/moveit_planners:/home/manideep/ws_moveit2/install/pilz_industrial_motion_planner:/home/manideep/ws_moveit2/install/moveit_visual_tools:/home/manideep/ws_moveit2/install/moveit_task_constructor_visualization:/home/manideep/ws_moveit2/install/moveit_task_constructor_demo:/home/manideep/ws_moveit2/install/moveit_task_constructor_capabilities:/home/manideep/ws_moveit2/install/moveit_task_constructor_core:/home/manideep/ws_moveit2/install/moveit_ros_control_interface:/home/manideep/ws_moveit2/install/moveit_plugins:/home/manideep/ws_moveit2/install/moveit_simple_controller_manager:/home/manideep/ws_moveit2/install/moveit_setup_assistant:/home/manideep/ws_moveit2/install/moveit_setup_srdf_plugins:/home/manideep/ws_moveit2/install/moveit_setup_core_plugins:/home/manideep/ws_moveit2/install/moveit_setup_controllers:/home/manideep/ws_moveit2/install/moveit_setup_app_plugins:/home/manideep/ws_moveit2/install/moveit_setup_framework:/home/manideep/ws_moveit2/install/moveit_servo:/home/manideep/ws_moveit2/install/moveit_ros:/home/manideep/ws_moveit2/install/moveit_ros_visualization:/home/manideep/ws_moveit2/install/moveit_hybrid_planning:/home/manideep/ws_moveit2/install/moveit_ros_planning_interface:/home/manideep/ws_moveit2/install/moveit_ros_benchmarks:/home/manideep/ws_moveit2/install/moveit_ros_warehouse:/home/manideep/ws_moveit2/install/moveit_ros_robot_interaction:/home/manideep/ws_moveit2/install/moveit_ros_perception:/home/manideep/ws_moveit2/install/moveit_resources_prbt_pg70_support:/home/manideep/ws_moveit2/install/moveit_resources_prbt_moveit_config:/home/manideep/ws_moveit2/install/moveit_ros_move_group:/home/manideep/ws_moveit2/install/moveit_planners_ompl:/home/manideep/ws_moveit2/install/moveit_ros_planning:/home/manideep/ws_moveit2/install/moveit_ros_occupancy_map_monitor:/home/manideep/ws_moveit2/install/moveit_resources_prbt_ikfast_manipulator_plugin:/home/manideep/ws_moveit2/install/moveit_planners_chomp:/home/manideep/ws_moveit2/install/moveit_kinematics:/home/manideep/ws_moveit2/install/moveit_chomp_optimizer_adapter:/home/manideep/ws_moveit2/install/chomp_motion_planner:/home/manideep/ws_moveit2/install/moveit_core:/home/manideep/ws_moveit2/install/srdfdom:/home/manideep/ws_moveit2/install/rviz_marker_tools:/home/manideep/ws_moveit2/install/rosparam_shortcuts:/home/manideep/ws_moveit2/install/my_environment_package:/home/manideep/ws_moveit2/install/moveit_task_constructor_msgs:/home/manideep/ws_moveit2/install/moveit_resources_prbt_support:/home/manideep/ws_moveit2/install/moveit_resources:/home/manideep/ws_moveit2/install/moveit_resources_pr2_description:/home/manideep/ws_moveit2/install/moveit_resources_panda_moveit_config:/home/manideep/ws_moveit2/install/moveit_resources_panda_description:/home/manideep/ws_moveit2/install/moveit_resources_fanuc_moveit_config:/home/manideep/ws_moveit2/install/moveit_resources_fanuc_description:/home/manideep/ws_moveit2/install/moveit_common:/home/manideep/ws_moveit2/install/moveit_configs_utils:/home/manideep/ws_moveit2/install/launch_param_builder:/opt/ros/humble LD_LIBRARY_PATH=/home/manideep/FrankaSimulator_Ws/install/ros2_data/lib:${LD_LIBRARY_PATH} PYTHONPATH=/home/manideep/FrankaSimulator_Ws/install/ros2_data/lib/python3.10/site-packages:${PYTHONPATH} /usr/bin/cmake --build /home/manideep/FrankaSimulator_Ws/build/panda_ros2_moveit2 -- -j16 -l16
[0.711s] DEBUG:colcon.colcon_core.event_handler.log_command:Invoking command in '/home/manideep/FrankaSimulator_Ws/build/ros2_actions': AMENT_PREFIX_PATH=/home/manideep/FrankaSimulator_Ws/install/ros2_data:${AMENT_PREFIX_PATH} CMAKE_PREFIX_PATH=/home/manideep/FrankaSimulator_Ws/install/ros2_data:/home/manideep/ws_moveit2/install/pilz_industrial_motion_planner_testutils:/home/manideep/ws_moveit2/install/moveit_runtime:/home/manideep/ws_moveit2/install/moveit2_tutorials:/home/manideep/ws_moveit2/install/moveit:/home/manideep/ws_moveit2/install/moveit_planners:/home/manideep/ws_moveit2/install/pilz_industrial_motion_planner:/home/manideep/ws_moveit2/install/moveit_visual_tools:/home/manideep/ws_moveit2/install/moveit_task_constructor_visualization:/home/manideep/ws_moveit2/install/moveit_task_constructor_demo:/home/manideep/ws_moveit2/install/moveit_task_constructor_capabilities:/home/manideep/ws_moveit2/install/moveit_task_constructor_core:/home/manideep/ws_moveit2/install/moveit_ros_control_interface:/home/manideep/ws_moveit2/install/moveit_plugins:/home/manideep/ws_moveit2/install/moveit_simple_controller_manager:/home/manideep/ws_moveit2/install/moveit_setup_assistant:/home/manideep/ws_moveit2/install/moveit_setup_srdf_plugins:/home/manideep/ws_moveit2/install/moveit_setup_core_plugins:/home/manideep/ws_moveit2/install/moveit_setup_controllers:/home/manideep/ws_moveit2/install/moveit_setup_app_plugins:/home/manideep/ws_moveit2/install/moveit_setup_framework:/home/manideep/ws_moveit2/install/moveit_servo:/home/manideep/ws_moveit2/install/moveit_ros:/home/manideep/ws_moveit2/install/moveit_ros_visualization:/home/manideep/ws_moveit2/install/moveit_hybrid_planning:/home/manideep/ws_moveit2/install/moveit_ros_planning_interface:/home/manideep/ws_moveit2/install/moveit_ros_benchmarks:/home/manideep/ws_moveit2/install/moveit_ros_warehouse:/home/manideep/ws_moveit2/install/moveit_ros_robot_interaction:/home/manideep/ws_moveit2/install/moveit_ros_perception:/home/manideep/ws_moveit2/install/moveit_resources_prbt_pg70_support:/home/manideep/ws_moveit2/install/moveit_resources_prbt_moveit_config:/home/manideep/ws_moveit2/install/moveit_ros_move_group:/home/manideep/ws_moveit2/install/moveit_planners_ompl:/home/manideep/ws_moveit2/install/moveit_ros_planning:/home/manideep/ws_moveit2/install/moveit_ros_occupancy_map_monitor:/home/manideep/ws_moveit2/install/moveit_resources_prbt_ikfast_manipulator_plugin:/home/manideep/ws_moveit2/install/moveit_planners_chomp:/home/manideep/ws_moveit2/install/moveit_kinematics:/home/manideep/ws_moveit2/install/moveit_chomp_optimizer_adapter:/home/manideep/ws_moveit2/install/chomp_motion_planner:/home/manideep/ws_moveit2/install/moveit_core:/home/manideep/ws_moveit2/install/srdfdom:/home/manideep/ws_moveit2/install/rviz_marker_tools:/home/manideep/ws_moveit2/install/rosparam_shortcuts:/home/manideep/ws_moveit2/install/my_environment_package:/home/manideep/ws_moveit2/install/moveit_task_constructor_msgs:/home/manideep/ws_moveit2/install/moveit_resources_prbt_support:/home/manideep/ws_moveit2/install/moveit_resources:/home/manideep/ws_moveit2/install/moveit_resources_pr2_description:/home/manideep/ws_moveit2/install/moveit_resources_panda_moveit_config:/home/manideep/ws_moveit2/install/moveit_resources_panda_description:/home/manideep/ws_moveit2/install/moveit_resources_fanuc_moveit_config:/home/manideep/ws_moveit2/install/moveit_resources_fanuc_description:/home/manideep/ws_moveit2/install/moveit_common:/home/manideep/ws_moveit2/install/moveit_configs_utils:/home/manideep/ws_moveit2/install/launch_param_builder:/opt/ros/humble LD_LIBRARY_PATH=/home/manideep/FrankaSimulator_Ws/install/ros2_data/lib:${LD_LIBRARY_PATH} PYTHONPATH=/home/manideep/FrankaSimulator_Ws/install/ros2_data/lib/python3.10/site-packages:${PYTHONPATH} /usr/bin/cmake --build /home/manideep/FrankaSimulator_Ws/build/ros2_actions -- -j16 -l16
[0.753s] DEBUG:colcon.colcon_core.event_handler.log_command:Invoked command in '/home/manideep/FrankaSimulator_Ws/build/panda_ros2_moveit2' returned '0': AMENT_PREFIX_PATH=/home/manideep/FrankaSimulator_Ws/install/ros2_data:${AMENT_PREFIX_PATH} CMAKE_PREFIX_PATH=/home/manideep/FrankaSimulator_Ws/install/ros2_data:/home/manideep/ws_moveit2/install/pilz_industrial_motion_planner_testutils:/home/manideep/ws_moveit2/install/moveit_runtime:/home/manideep/ws_moveit2/install/moveit2_tutorials:/home/manideep/ws_moveit2/install/moveit:/home/manideep/ws_moveit2/install/moveit_planners:/home/manideep/ws_moveit2/install/pilz_industrial_motion_planner:/home/manideep/ws_moveit2/install/moveit_visual_tools:/home/manideep/ws_moveit2/install/moveit_task_constructor_visualization:/home/manideep/ws_moveit2/install/moveit_task_constructor_demo:/home/manideep/ws_moveit2/install/moveit_task_constructor_capabilities:/home/manideep/ws_moveit2/install/moveit_task_constructor_core:/home/manideep/ws_moveit2/install/moveit_ros_control_interface:/home/manideep/ws_moveit2/install/moveit_plugins:/home/manideep/ws_moveit2/install/moveit_simple_controller_manager:/home/manideep/ws_moveit2/install/moveit_setup_assistant:/home/manideep/ws_moveit2/install/moveit_setup_srdf_plugins:/home/manideep/ws_moveit2/install/moveit_setup_core_plugins:/home/manideep/ws_moveit2/install/moveit_setup_controllers:/home/manideep/ws_moveit2/install/moveit_setup_app_plugins:/home/manideep/ws_moveit2/install/moveit_setup_framework:/home/manideep/ws_moveit2/install/moveit_servo:/home/manideep/ws_moveit2/install/moveit_ros:/home/manideep/ws_moveit2/install/moveit_ros_visualization:/home/manideep/ws_moveit2/install/moveit_hybrid_planning:/home/manideep/ws_moveit2/install/moveit_ros_planning_interface:/home/manideep/ws_moveit2/install/moveit_ros_benchmarks:/home/manideep/ws_moveit2/install/moveit_ros_warehouse:/home/manideep/ws_moveit2/install/moveit_ros_robot_interaction:/home/manideep/ws_moveit2/install/moveit_ros_perception:/home/manideep/ws_moveit2/install/moveit_resources_prbt_pg70_support:/home/manideep/ws_moveit2/install/moveit_resources_prbt_moveit_config:/home/manideep/ws_moveit2/install/moveit_ros_move_group:/home/manideep/ws_moveit2/install/moveit_planners_ompl:/home/manideep/ws_moveit2/install/moveit_ros_planning:/home/manideep/ws_moveit2/install/moveit_ros_occupancy_map_monitor:/home/manideep/ws_moveit2/install/moveit_resources_prbt_ikfast_manipulator_plugin:/home/manideep/ws_moveit2/install/moveit_planners_chomp:/home/manideep/ws_moveit2/install/moveit_kinematics:/home/manideep/ws_moveit2/install/moveit_chomp_optimizer_adapter:/home/manideep/ws_moveit2/install/chomp_motion_planner:/home/manideep/ws_moveit2/install/moveit_core:/home/manideep/ws_moveit2/install/srdfdom:/home/manideep/ws_moveit2/install/rviz_marker_tools:/home/manideep/ws_moveit2/install/rosparam_shortcuts:/home/manideep/ws_moveit2/install/my_environment_package:/home/manideep/ws_moveit2/install/moveit_task_constructor_msgs:/home/manideep/ws_moveit2/install/moveit_resources_prbt_support:/home/manideep/ws_moveit2/install/moveit_resources:/home/manideep/ws_moveit2/install/moveit_resources_pr2_description:/home/manideep/ws_moveit2/install/moveit_resources_panda_moveit_config:/home/manideep/ws_moveit2/install/moveit_resources_panda_description:/home/manideep/ws_moveit2/install/moveit_resources_fanuc_moveit_config:/home/manideep/ws_moveit2/install/moveit_resources_fanuc_description:/home/manideep/ws_moveit2/install/moveit_common:/home/manideep/ws_moveit2/install/moveit_configs_utils:/home/manideep/ws_moveit2/install/launch_param_builder:/opt/ros/humble LD_LIBRARY_PATH=/home/manideep/FrankaSimulator_Ws/install/ros2_data/lib:${LD_LIBRARY_PATH} PYTHONPATH=/home/manideep/FrankaSimulator_Ws/install/ros2_data/lib/python3.10/site-packages:${PYTHONPATH} /usr/bin/cmake --build /home/manideep/FrankaSimulator_Ws/build/panda_ros2_moveit2 -- -j16 -l16
[0.755s] DEBUG:colcon.colcon_core.event_handler.log_command:Invoking command in '/home/manideep/FrankaSimulator_Ws/build/panda_ros2_moveit2': AMENT_PREFIX_PATH=/home/manideep/FrankaSimulator_Ws/install/ros2_data:${AMENT_PREFIX_PATH} CMAKE_PREFIX_PATH=/home/manideep/FrankaSimulator_Ws/install/ros2_data:/home/manideep/ws_moveit2/install/pilz_industrial_motion_planner_testutils:/home/manideep/ws_moveit2/install/moveit_runtime:/home/manideep/ws_moveit2/install/moveit2_tutorials:/home/manideep/ws_moveit2/install/moveit:/home/manideep/ws_moveit2/install/moveit_planners:/home/manideep/ws_moveit2/install/pilz_industrial_motion_planner:/home/manideep/ws_moveit2/install/moveit_visual_tools:/home/manideep/ws_moveit2/install/moveit_task_constructor_visualization:/home/manideep/ws_moveit2/install/moveit_task_constructor_demo:/home/manideep/ws_moveit2/install/moveit_task_constructor_capabilities:/home/manideep/ws_moveit2/install/moveit_task_constructor_core:/home/manideep/ws_moveit2/install/moveit_ros_control_interface:/home/manideep/ws_moveit2/install/moveit_plugins:/home/manideep/ws_moveit2/install/moveit_simple_controller_manager:/home/manideep/ws_moveit2/install/moveit_setup_assistant:/home/manideep/ws_moveit2/install/moveit_setup_srdf_plugins:/home/manideep/ws_moveit2/install/moveit_setup_core_plugins:/home/manideep/ws_moveit2/install/moveit_setup_controllers:/home/manideep/ws_moveit2/install/moveit_setup_app_plugins:/home/manideep/ws_moveit2/install/moveit_setup_framework:/home/manideep/ws_moveit2/install/moveit_servo:/home/manideep/ws_moveit2/install/moveit_ros:/home/manideep/ws_moveit2/install/moveit_ros_visualization:/home/manideep/ws_moveit2/install/moveit_hybrid_planning:/home/manideep/ws_moveit2/install/moveit_ros_planning_interface:/home/manideep/ws_moveit2/install/moveit_ros_benchmarks:/home/manideep/ws_moveit2/install/moveit_ros_warehouse:/home/manideep/ws_moveit2/install/moveit_ros_robot_interaction:/home/manideep/ws_moveit2/install/moveit_ros_perception:/home/manideep/ws_moveit2/install/moveit_resources_prbt_pg70_support:/home/manideep/ws_moveit2/install/moveit_resources_prbt_moveit_config:/home/manideep/ws_moveit2/install/moveit_ros_move_group:/home/manideep/ws_moveit2/install/moveit_planners_ompl:/home/manideep/ws_moveit2/install/moveit_ros_planning:/home/manideep/ws_moveit2/install/moveit_ros_occupancy_map_monitor:/home/manideep/ws_moveit2/install/moveit_resources_prbt_ikfast_manipulator_plugin:/home/manideep/ws_moveit2/install/moveit_planners_chomp:/home/manideep/ws_moveit2/install/moveit_kinematics:/home/manideep/ws_moveit2/install/moveit_chomp_optimizer_adapter:/home/manideep/ws_moveit2/install/chomp_motion_planner:/home/manideep/ws_moveit2/install/moveit_core:/home/manideep/ws_moveit2/install/srdfdom:/home/manideep/ws_moveit2/install/rviz_marker_tools:/home/manideep/ws_moveit2/install/rosparam_shortcuts:/home/manideep/ws_moveit2/install/my_environment_package:/home/manideep/ws_moveit2/install/moveit_task_constructor_msgs:/home/manideep/ws_moveit2/install/moveit_resources_prbt_support:/home/manideep/ws_moveit2/install/moveit_resources:/home/manideep/ws_moveit2/install/moveit_resources_pr2_description:/home/manideep/ws_moveit2/install/moveit_resources_panda_moveit_config:/home/manideep/ws_moveit2/install/moveit_resources_panda_description:/home/manideep/ws_moveit2/install/moveit_resources_fanuc_moveit_config:/home/manideep/ws_moveit2/install/moveit_resources_fanuc_description:/home/manideep/ws_moveit2/install/moveit_common:/home/manideep/ws_moveit2/install/moveit_configs_utils:/home/manideep/ws_moveit2/install/launch_param_builder:/opt/ros/humble LD_LIBRARY_PATH=/home/manideep/FrankaSimulator_Ws/install/ros2_data/lib:${LD_LIBRARY_PATH} PYTHONPATH=/home/manideep/FrankaSimulator_Ws/install/ros2_data/lib/python3.10/site-packages:${PYTHONPATH} /usr/bin/cmake --install /home/manideep/FrankaSimulator_Ws/build/panda_ros2_moveit2
[0.766s] Level 1:colcon.colcon_core.environment:create_environment_scripts_only(panda_ros2_moveit2)
[0.766s] Level 1:colcon.colcon_core.environment:checking '/home/manideep/FrankaSimulator_Ws/install/panda_ros2_moveit2' for CMake module files
[0.767s] DEBUG:colcon.colcon_core.event_handler.log_command:Invoked command in '/home/manideep/FrankaSimulator_Ws/build/panda_ros2_moveit2' returned '0': AMENT_PREFIX_PATH=/home/manideep/FrankaSimulator_Ws/install/ros2_data:${AMENT_PREFIX_PATH} CMAKE_PREFIX_PATH=/home/manideep/FrankaSimulator_Ws/install/ros2_data:/home/manideep/ws_moveit2/install/pilz_industrial_motion_planner_testutils:/home/manideep/ws_moveit2/install/moveit_runtime:/home/manideep/ws_moveit2/install/moveit2_tutorials:/home/manideep/ws_moveit2/install/moveit:/home/manideep/ws_moveit2/install/moveit_planners:/home/manideep/ws_moveit2/install/pilz_industrial_motion_planner:/home/manideep/ws_moveit2/install/moveit_visual_tools:/home/manideep/ws_moveit2/install/moveit_task_constructor_visualization:/home/manideep/ws_moveit2/install/moveit_task_constructor_demo:/home/manideep/ws_moveit2/install/moveit_task_constructor_capabilities:/home/manideep/ws_moveit2/install/moveit_task_constructor_core:/home/manideep/ws_moveit2/install/moveit_ros_control_interface:/home/manideep/ws_moveit2/install/moveit_plugins:/home/manideep/ws_moveit2/install/moveit_simple_controller_manager:/home/manideep/ws_moveit2/install/moveit_setup_assistant:/home/manideep/ws_moveit2/install/moveit_setup_srdf_plugins:/home/manideep/ws_moveit2/install/moveit_setup_core_plugins:/home/manideep/ws_moveit2/install/moveit_setup_controllers:/home/manideep/ws_moveit2/install/moveit_setup_app_plugins:/home/manideep/ws_moveit2/install/moveit_setup_framework:/home/manideep/ws_moveit2/install/moveit_servo:/home/manideep/ws_moveit2/install/moveit_ros:/home/manideep/ws_moveit2/install/moveit_ros_visualization:/home/manideep/ws_moveit2/install/moveit_hybrid_planning:/home/manideep/ws_moveit2/install/moveit_ros_planning_interface:/home/manideep/ws_moveit2/install/moveit_ros_benchmarks:/home/manideep/ws_moveit2/install/moveit_ros_warehouse:/home/manideep/ws_moveit2/install/moveit_ros_robot_interaction:/home/manideep/ws_moveit2/install/moveit_ros_perception:/home/manideep/ws_moveit2/install/moveit_resources_prbt_pg70_support:/home/manideep/ws_moveit2/install/moveit_resources_prbt_moveit_config:/home/manideep/ws_moveit2/install/moveit_ros_move_group:/home/manideep/ws_moveit2/install/moveit_planners_ompl:/home/manideep/ws_moveit2/install/moveit_ros_planning:/home/manideep/ws_moveit2/install/moveit_ros_occupancy_map_monitor:/home/manideep/ws_moveit2/install/moveit_resources_prbt_ikfast_manipulator_plugin:/home/manideep/ws_moveit2/install/moveit_planners_chomp:/home/manideep/ws_moveit2/install/moveit_kinematics:/home/manideep/ws_moveit2/install/moveit_chomp_optimizer_adapter:/home/manideep/ws_moveit2/install/chomp_motion_planner:/home/manideep/ws_moveit2/install/moveit_core:/home/manideep/ws_moveit2/install/srdfdom:/home/manideep/ws_moveit2/install/rviz_marker_tools:/home/manideep/ws_moveit2/install/rosparam_shortcuts:/home/manideep/ws_moveit2/install/my_environment_package:/home/manideep/ws_moveit2/install/moveit_task_constructor_msgs:/home/manideep/ws_moveit2/install/moveit_resources_prbt_support:/home/manideep/ws_moveit2/install/moveit_resources:/home/manideep/ws_moveit2/install/moveit_resources_pr2_description:/home/manideep/ws_moveit2/install/moveit_resources_panda_moveit_config:/home/manideep/ws_moveit2/install/moveit_resources_panda_description:/home/manideep/ws_moveit2/install/moveit_resources_fanuc_moveit_config:/home/manideep/ws_moveit2/install/moveit_resources_fanuc_description:/home/manideep/ws_moveit2/install/moveit_common:/home/manideep/ws_moveit2/install/moveit_configs_utils:/home/manideep/ws_moveit2/install/launch_param_builder:/opt/ros/humble LD_LIBRARY_PATH=/home/manideep/FrankaSimulator_Ws/install/ros2_data/lib:${LD_LIBRARY_PATH} PYTHONPATH=/home/manideep/FrankaSimulator_Ws/install/ros2_data/lib/python3.10/site-packages:${PYTHONPATH} /usr/bin/cmake --install /home/manideep/FrankaSimulator_Ws/build/panda_ros2_moveit2
[0.767s] Level 1:colcon.colcon_core.environment:checking '/home/manideep/FrankaSimulator_Ws/install/panda_ros2_moveit2' for CMake config files
[0.767s] Level 1:colcon.colcon_core.shell:create_environment_hook('panda_ros2_moveit2', 'cmake_prefix_path')
[0.767s] INFO:colcon.colcon_core.shell:Creating environment hook '/home/manideep/FrankaSimulator_Ws/install/panda_ros2_moveit2/share/panda_ros2_moveit2/hook/cmake_prefix_path.ps1'
[0.768s] INFO:colcon.colcon_core.shell:Creating environment descriptor '/home/manideep/FrankaSimulator_Ws/install/panda_ros2_moveit2/share/panda_ros2_moveit2/hook/cmake_prefix_path.dsv'
[0.768s] INFO:colcon.colcon_core.shell:Creating environment hook '/home/manideep/FrankaSimulator_Ws/install/panda_ros2_moveit2/share/panda_ros2_moveit2/hook/cmake_prefix_path.sh'
[0.769s] Level 1:colcon.colcon_core.environment:checking '/home/manideep/FrankaSimulator_Ws/install/panda_ros2_moveit2/bin'
[0.769s] Level 1:colcon.colcon_core.environment:checking '/home/manideep/FrankaSimulator_Ws/install/panda_ros2_moveit2/lib/pkgconfig/panda_ros2_moveit2.pc'
[0.769s] Level 1:colcon.colcon_core.environment:checking '/home/manideep/FrankaSimulator_Ws/install/panda_ros2_moveit2/lib/python3.10/site-packages'
[0.769s] Level 1:colcon.colcon_core.environment:checking '/home/manideep/FrankaSimulator_Ws/install/panda_ros2_moveit2/bin'
[0.769s] INFO:colcon.colcon_core.shell:Creating package script '/home/manideep/FrankaSimulator_Ws/install/panda_ros2_moveit2/share/panda_ros2_moveit2/package.ps1'
[0.770s] INFO:colcon.colcon_core.shell:Creating package descriptor '/home/manideep/FrankaSimulator_Ws/install/panda_ros2_moveit2/share/panda_ros2_moveit2/package.dsv'
[0.770s] INFO:colcon.colcon_core.shell:Creating package script '/home/manideep/FrankaSimulator_Ws/install/panda_ros2_moveit2/share/panda_ros2_moveit2/package.sh'
[0.770s] INFO:colcon.colcon_core.shell:Creating package script '/home/manideep/FrankaSimulator_Ws/install/panda_ros2_moveit2/share/panda_ros2_moveit2/package.bash'
[0.771s] INFO:colcon.colcon_core.shell:Creating package script '/home/manideep/FrankaSimulator_Ws/install/panda_ros2_moveit2/share/panda_ros2_moveit2/package.zsh'
[0.771s] Level 1:colcon.colcon_core.environment:create_file_with_runtime_dependencies(/home/manideep/FrankaSimulator_Ws/install/panda_ros2_moveit2/share/colcon-core/packages/panda_ros2_moveit2)
[0.771s] Level 1:colcon.colcon_core.environment:create_environment_scripts_only(panda_ros2_moveit2)
[0.772s] Level 1:colcon.colcon_core.environment:checking '/home/manideep/FrankaSimulator_Ws/install/panda_ros2_moveit2' for CMake module files
[0.772s] Level 1:colcon.colcon_core.environment:checking '/home/manideep/FrankaSimulator_Ws/install/panda_ros2_moveit2' for CMake config files
[0.772s] Level 1:colcon.colcon_core.shell:create_environment_hook('panda_ros2_moveit2', 'cmake_prefix_path')
[0.772s] INFO:colcon.colcon_core.shell:Creating environment hook '/home/manideep/FrankaSimulator_Ws/install/panda_ros2_moveit2/share/panda_ros2_moveit2/hook/cmake_prefix_path.ps1'
[0.773s] INFO:colcon.colcon_core.shell:Creating environment descriptor '/home/manideep/FrankaSimulator_Ws/install/panda_ros2_moveit2/share/panda_ros2_moveit2/hook/cmake_prefix_path.dsv'
[0.773s] INFO:colcon.colcon_core.shell:Creating environment hook '/home/manideep/FrankaSimulator_Ws/install/panda_ros2_moveit2/share/panda_ros2_moveit2/hook/cmake_prefix_path.sh'
[0.773s] Level 1:colcon.colcon_core.environment:checking '/home/manideep/FrankaSimulator_Ws/install/panda_ros2_moveit2/bin'
[0.773s] Level 1:colcon.colcon_core.environment:checking '/home/manideep/FrankaSimulator_Ws/install/panda_ros2_moveit2/lib/pkgconfig/panda_ros2_moveit2.pc'
[0.774s] Level 1:colcon.colcon_core.environment:checking '/home/manideep/FrankaSimulator_Ws/install/panda_ros2_moveit2/lib/python3.10/site-packages'
[0.774s] Level 1:colcon.colcon_core.environment:checking '/home/manideep/FrankaSimulator_Ws/install/panda_ros2_moveit2/bin'
[0.774s] INFO:colcon.colcon_core.shell:Creating package script '/home/manideep/FrankaSimulator_Ws/install/panda_ros2_moveit2/share/panda_ros2_moveit2/package.ps1'
[0.775s] INFO:colcon.colcon_core.shell:Creating package descriptor '/home/manideep/FrankaSimulator_Ws/install/panda_ros2_moveit2/share/panda_ros2_moveit2/package.dsv'
[0.775s] INFO:colcon.colcon_core.shell:Creating package script '/home/manideep/FrankaSimulator_Ws/install/panda_ros2_moveit2/share/panda_ros2_moveit2/package.sh'
[0.776s] INFO:colcon.colcon_core.shell:Creating package script '/home/manideep/FrankaSimulator_Ws/install/panda_ros2_moveit2/share/panda_ros2_moveit2/package.bash'
[0.776s] INFO:colcon.colcon_core.shell:Creating package script '/home/manideep/FrankaSimulator_Ws/install/panda_ros2_moveit2/share/panda_ros2_moveit2/package.zsh'
[0.776s] Level 1:colcon.colcon_core.environment:create_file_with_runtime_dependencies(/home/manideep/FrankaSimulator_Ws/install/panda_ros2_moveit2/share/colcon-core/packages/panda_ros2_moveit2)
[0.794s] DEBUG:colcon.colcon_core.event_handler.log_command:Invoked command in '/home/manideep/FrankaSimulator_Ws/build/ros2_actions' returned '0': AMENT_PREFIX_PATH=/home/manideep/FrankaSimulator_Ws/install/ros2_data:${AMENT_PREFIX_PATH} CMAKE_PREFIX_PATH=/home/manideep/FrankaSimulator_Ws/install/ros2_data:/home/manideep/ws_moveit2/install/pilz_industrial_motion_planner_testutils:/home/manideep/ws_moveit2/install/moveit_runtime:/home/manideep/ws_moveit2/install/moveit2_tutorials:/home/manideep/ws_moveit2/install/moveit:/home/manideep/ws_moveit2/install/moveit_planners:/home/manideep/ws_moveit2/install/pilz_industrial_motion_planner:/home/manideep/ws_moveit2/install/moveit_visual_tools:/home/manideep/ws_moveit2/install/moveit_task_constructor_visualization:/home/manideep/ws_moveit2/install/moveit_task_constructor_demo:/home/manideep/ws_moveit2/install/moveit_task_constructor_capabilities:/home/manideep/ws_moveit2/install/moveit_task_constructor_core:/home/manideep/ws_moveit2/install/moveit_ros_control_interface:/home/manideep/ws_moveit2/install/moveit_plugins:/home/manideep/ws_moveit2/install/moveit_simple_controller_manager:/home/manideep/ws_moveit2/install/moveit_setup_assistant:/home/manideep/ws_moveit2/install/moveit_setup_srdf_plugins:/home/manideep/ws_moveit2/install/moveit_setup_core_plugins:/home/manideep/ws_moveit2/install/moveit_setup_controllers:/home/manideep/ws_moveit2/install/moveit_setup_app_plugins:/home/manideep/ws_moveit2/install/moveit_setup_framework:/home/manideep/ws_moveit2/install/moveit_servo:/home/manideep/ws_moveit2/install/moveit_ros:/home/manideep/ws_moveit2/install/moveit_ros_visualization:/home/manideep/ws_moveit2/install/moveit_hybrid_planning:/home/manideep/ws_moveit2/install/moveit_ros_planning_interface:/home/manideep/ws_moveit2/install/moveit_ros_benchmarks:/home/manideep/ws_moveit2/install/moveit_ros_warehouse:/home/manideep/ws_moveit2/install/moveit_ros_robot_interaction:/home/manideep/ws_moveit2/install/moveit_ros_perception:/home/manideep/ws_moveit2/install/moveit_resources_prbt_pg70_support:/home/manideep/ws_moveit2/install/moveit_resources_prbt_moveit_config:/home/manideep/ws_moveit2/install/moveit_ros_move_group:/home/manideep/ws_moveit2/install/moveit_planners_ompl:/home/manideep/ws_moveit2/install/moveit_ros_planning:/home/manideep/ws_moveit2/install/moveit_ros_occupancy_map_monitor:/home/manideep/ws_moveit2/install/moveit_resources_prbt_ikfast_manipulator_plugin:/home/manideep/ws_moveit2/install/moveit_planners_chomp:/home/manideep/ws_moveit2/install/moveit_kinematics:/home/manideep/ws_moveit2/install/moveit_chomp_optimizer_adapter:/home/manideep/ws_moveit2/install/chomp_motion_planner:/home/manideep/ws_moveit2/install/moveit_core:/home/manideep/ws_moveit2/install/srdfdom:/home/manideep/ws_moveit2/install/rviz_marker_tools:/home/manideep/ws_moveit2/install/rosparam_shortcuts:/home/manideep/ws_moveit2/install/my_environment_package:/home/manideep/ws_moveit2/install/moveit_task_constructor_msgs:/home/manideep/ws_moveit2/install/moveit_resources_prbt_support:/home/manideep/ws_moveit2/install/moveit_resources:/home/manideep/ws_moveit2/install/moveit_resources_pr2_description:/home/manideep/ws_moveit2/install/moveit_resources_panda_moveit_config:/home/manideep/ws_moveit2/install/moveit_resources_panda_description:/home/manideep/ws_moveit2/install/moveit_resources_fanuc_moveit_config:/home/manideep/ws_moveit2/install/moveit_resources_fanuc_description:/home/manideep/ws_moveit2/install/moveit_common:/home/manideep/ws_moveit2/install/moveit_configs_utils:/home/manideep/ws_moveit2/install/launch_param_builder:/opt/ros/humble LD_LIBRARY_PATH=/home/manideep/FrankaSimulator_Ws/install/ros2_data/lib:${LD_LIBRARY_PATH} PYTHONPATH=/home/manideep/FrankaSimulator_Ws/install/ros2_data/lib/python3.10/site-packages:${PYTHONPATH} /usr/bin/cmake --build /home/manideep/FrankaSimulator_Ws/build/ros2_actions -- -j16 -l16
[0.795s] DEBUG:colcon.colcon_core.event_handler.log_command:Invoking command in '/home/manideep/FrankaSimulator_Ws/build/ros2_actions': AMENT_PREFIX_PATH=/home/manideep/FrankaSimulator_Ws/install/ros2_data:${AMENT_PREFIX_PATH} CMAKE_PREFIX_PATH=/home/manideep/FrankaSimulator_Ws/install/ros2_data:/home/manideep/ws_moveit2/install/pilz_industrial_motion_planner_testutils:/home/manideep/ws_moveit2/install/moveit_runtime:/home/manideep/ws_moveit2/install/moveit2_tutorials:/home/manideep/ws_moveit2/install/moveit:/home/manideep/ws_moveit2/install/moveit_planners:/home/manideep/ws_moveit2/install/pilz_industrial_motion_planner:/home/manideep/ws_moveit2/install/moveit_visual_tools:/home/manideep/ws_moveit2/install/moveit_task_constructor_visualization:/home/manideep/ws_moveit2/install/moveit_task_constructor_demo:/home/manideep/ws_moveit2/install/moveit_task_constructor_capabilities:/home/manideep/ws_moveit2/install/moveit_task_constructor_core:/home/manideep/ws_moveit2/install/moveit_ros_control_interface:/home/manideep/ws_moveit2/install/moveit_plugins:/home/manideep/ws_moveit2/install/moveit_simple_controller_manager:/home/manideep/ws_moveit2/install/moveit_setup_assistant:/home/manideep/ws_moveit2/install/moveit_setup_srdf_plugins:/home/manideep/ws_moveit2/install/moveit_setup_core_plugins:/home/manideep/ws_moveit2/install/moveit_setup_controllers:/home/manideep/ws_moveit2/install/moveit_setup_app_plugins:/home/manideep/ws_moveit2/install/moveit_setup_framework:/home/manideep/ws_moveit2/install/moveit_servo:/home/manideep/ws_moveit2/install/moveit_ros:/home/manideep/ws_moveit2/install/moveit_ros_visualization:/home/manideep/ws_moveit2/install/moveit_hybrid_planning:/home/manideep/ws_moveit2/install/moveit_ros_planning_interface:/home/manideep/ws_moveit2/install/moveit_ros_benchmarks:/home/manideep/ws_moveit2/install/moveit_ros_warehouse:/home/manideep/ws_moveit2/install/moveit_ros_robot_interaction:/home/manideep/ws_moveit2/install/moveit_ros_perception:/home/manideep/ws_moveit2/install/moveit_resources_prbt_pg70_support:/home/manideep/ws_moveit2/install/moveit_resources_prbt_moveit_config:/home/manideep/ws_moveit2/install/moveit_ros_move_group:/home/manideep/ws_moveit2/install/moveit_planners_ompl:/home/manideep/ws_moveit2/install/moveit_ros_planning:/home/manideep/ws_moveit2/install/moveit_ros_occupancy_map_monitor:/home/manideep/ws_moveit2/install/moveit_resources_prbt_ikfast_manipulator_plugin:/home/manideep/ws_moveit2/install/moveit_planners_chomp:/home/manideep/ws_moveit2/install/moveit_kinematics:/home/manideep/ws_moveit2/install/moveit_chomp_optimizer_adapter:/home/manideep/ws_moveit2/install/chomp_motion_planner:/home/manideep/ws_moveit2/install/moveit_core:/home/manideep/ws_moveit2/install/srdfdom:/home/manideep/ws_moveit2/install/rviz_marker_tools:/home/manideep/ws_moveit2/install/rosparam_shortcuts:/home/manideep/ws_moveit2/install/my_environment_package:/home/manideep/ws_moveit2/install/moveit_task_constructor_msgs:/home/manideep/ws_moveit2/install/moveit_resources_prbt_support:/home/manideep/ws_moveit2/install/moveit_resources:/home/manideep/ws_moveit2/install/moveit_resources_pr2_description:/home/manideep/ws_moveit2/install/moveit_resources_panda_moveit_config:/home/manideep/ws_moveit2/install/moveit_resources_panda_description:/home/manideep/ws_moveit2/install/moveit_resources_fanuc_moveit_config:/home/manideep/ws_moveit2/install/moveit_resources_fanuc_description:/home/manideep/ws_moveit2/install/moveit_common:/home/manideep/ws_moveit2/install/moveit_configs_utils:/home/manideep/ws_moveit2/install/launch_param_builder:/opt/ros/humble LD_LIBRARY_PATH=/home/manideep/FrankaSimulator_Ws/install/ros2_data/lib:${LD_LIBRARY_PATH} PYTHONPATH=/home/manideep/FrankaSimulator_Ws/install/ros2_data/lib/python3.10/site-packages:${PYTHONPATH} /usr/bin/cmake --install /home/manideep/FrankaSimulator_Ws/build/ros2_actions
[0.803s] Level 1:colcon.colcon_core.environment:create_environment_scripts_only(ros2_actions)
[0.803s] Level 1:colcon.colcon_core.environment:checking '/home/manideep/FrankaSimulator_Ws/install/ros2_actions' for CMake module files
[0.804s] DEBUG:colcon.colcon_core.event_handler.log_command:Invoked command in '/home/manideep/FrankaSimulator_Ws/build/ros2_actions' returned '0': AMENT_PREFIX_PATH=/home/manideep/FrankaSimulator_Ws/install/ros2_data:${AMENT_PREFIX_PATH} CMAKE_PREFIX_PATH=/home/manideep/FrankaSimulator_Ws/install/ros2_data:/home/manideep/ws_moveit2/install/pilz_industrial_motion_planner_testutils:/home/manideep/ws_moveit2/install/moveit_runtime:/home/manideep/ws_moveit2/install/moveit2_tutorials:/home/manideep/ws_moveit2/install/moveit:/home/manideep/ws_moveit2/install/moveit_planners:/home/manideep/ws_moveit2/install/pilz_industrial_motion_planner:/home/manideep/ws_moveit2/install/moveit_visual_tools:/home/manideep/ws_moveit2/install/moveit_task_constructor_visualization:/home/manideep/ws_moveit2/install/moveit_task_constructor_demo:/home/manideep/ws_moveit2/install/moveit_task_constructor_capabilities:/home/manideep/ws_moveit2/install/moveit_task_constructor_core:/home/manideep/ws_moveit2/install/moveit_ros_control_interface:/home/manideep/ws_moveit2/install/moveit_plugins:/home/manideep/ws_moveit2/install/moveit_simple_controller_manager:/home/manideep/ws_moveit2/install/moveit_setup_assistant:/home/manideep/ws_moveit2/install/moveit_setup_srdf_plugins:/home/manideep/ws_moveit2/install/moveit_setup_core_plugins:/home/manideep/ws_moveit2/install/moveit_setup_controllers:/home/manideep/ws_moveit2/install/moveit_setup_app_plugins:/home/manideep/ws_moveit2/install/moveit_setup_framework:/home/manideep/ws_moveit2/install/moveit_servo:/home/manideep/ws_moveit2/install/moveit_ros:/home/manideep/ws_moveit2/install/moveit_ros_visualization:/home/manideep/ws_moveit2/install/moveit_hybrid_planning:/home/manideep/ws_moveit2/install/moveit_ros_planning_interface:/home/manideep/ws_moveit2/install/moveit_ros_benchmarks:/home/manideep/ws_moveit2/install/moveit_ros_warehouse:/home/manideep/ws_moveit2/install/moveit_ros_robot_interaction:/home/manideep/ws_moveit2/install/moveit_ros_perception:/home/manideep/ws_moveit2/install/moveit_resources_prbt_pg70_support:/home/manideep/ws_moveit2/install/moveit_resources_prbt_moveit_config:/home/manideep/ws_moveit2/install/moveit_ros_move_group:/home/manideep/ws_moveit2/install/moveit_planners_ompl:/home/manideep/ws_moveit2/install/moveit_ros_planning:/home/manideep/ws_moveit2/install/moveit_ros_occupancy_map_monitor:/home/manideep/ws_moveit2/install/moveit_resources_prbt_ikfast_manipulator_plugin:/home/manideep/ws_moveit2/install/moveit_planners_chomp:/home/manideep/ws_moveit2/install/moveit_kinematics:/home/manideep/ws_moveit2/install/moveit_chomp_optimizer_adapter:/home/manideep/ws_moveit2/install/chomp_motion_planner:/home/manideep/ws_moveit2/install/moveit_core:/home/manideep/ws_moveit2/install/srdfdom:/home/manideep/ws_moveit2/install/rviz_marker_tools:/home/manideep/ws_moveit2/install/rosparam_shortcuts:/home/manideep/ws_moveit2/install/my_environment_package:/home/manideep/ws_moveit2/install/moveit_task_constructor_msgs:/home/manideep/ws_moveit2/install/moveit_resources_prbt_support:/home/manideep/ws_moveit2/install/moveit_resources:/home/manideep/ws_moveit2/install/moveit_resources_pr2_description:/home/manideep/ws_moveit2/install/moveit_resources_panda_moveit_config:/home/manideep/ws_moveit2/install/moveit_resources_panda_description:/home/manideep/ws_moveit2/install/moveit_resources_fanuc_moveit_config:/home/manideep/ws_moveit2/install/moveit_resources_fanuc_description:/home/manideep/ws_moveit2/install/moveit_common:/home/manideep/ws_moveit2/install/moveit_configs_utils:/home/manideep/ws_moveit2/install/launch_param_builder:/opt/ros/humble LD_LIBRARY_PATH=/home/manideep/FrankaSimulator_Ws/install/ros2_data/lib:${LD_LIBRARY_PATH} PYTHONPATH=/home/manideep/FrankaSimulator_Ws/install/ros2_data/lib/python3.10/site-packages:${PYTHONPATH} /usr/bin/cmake --install /home/manideep/FrankaSimulator_Ws/build/ros2_actions
[0.804s] Level 1:colcon.colcon_core.environment:checking '/home/manideep/FrankaSimulator_Ws/install/ros2_actions' for CMake config files
[0.804s] Level 1:colcon.colcon_core.shell:create_environment_hook('ros2_actions', 'cmake_prefix_path')
[0.804s] INFO:colcon.colcon_core.shell:Creating environment hook '/home/manideep/FrankaSimulator_Ws/install/ros2_actions/share/ros2_actions/hook/cmake_prefix_path.ps1'
[0.805s] INFO:colcon.colcon_core.shell:Creating environment descriptor '/home/manideep/FrankaSimulator_Ws/install/ros2_actions/share/ros2_actions/hook/cmake_prefix_path.dsv'
[0.805s] INFO:colcon.colcon_core.shell:Creating environment hook '/home/manideep/FrankaSimulator_Ws/install/ros2_actions/share/ros2_actions/hook/cmake_prefix_path.sh'
[0.805s] Level 1:colcon.colcon_core.environment:checking '/home/manideep/FrankaSimulator_Ws/install/ros2_actions/lib'
[0.805s] Level 1:colcon.colcon_core.environment:checking '/home/manideep/FrankaSimulator_Ws/install/ros2_actions/bin'
[0.805s] Level 1:colcon.colcon_core.environment:checking '/home/manideep/FrankaSimulator_Ws/install/ros2_actions/lib/pkgconfig/ros2_actions.pc'
[0.805s] Level 1:colcon.colcon_core.environment:checking '/home/manideep/FrankaSimulator_Ws/install/ros2_actions/lib/python3.10/site-packages'
[0.806s] Level 1:colcon.colcon_core.environment:checking '/home/manideep/FrankaSimulator_Ws/install/ros2_actions/bin'
[0.806s] INFO:colcon.colcon_core.shell:Creating package script '/home/manideep/FrankaSimulator_Ws/install/ros2_actions/share/ros2_actions/package.ps1'
[0.806s] INFO:colcon.colcon_core.shell:Creating package descriptor '/home/manideep/FrankaSimulator_Ws/install/ros2_actions/share/ros2_actions/package.dsv'
[0.806s] INFO:colcon.colcon_core.shell:Creating package script '/home/manideep/FrankaSimulator_Ws/install/ros2_actions/share/ros2_actions/package.sh'
[0.806s] INFO:colcon.colcon_core.shell:Creating package script '/home/manideep/FrankaSimulator_Ws/install/ros2_actions/share/ros2_actions/package.bash'
[0.807s] INFO:colcon.colcon_core.shell:Creating package script '/home/manideep/FrankaSimulator_Ws/install/ros2_actions/share/ros2_actions/package.zsh'
[0.807s] Level 1:colcon.colcon_core.environment:create_file_with_runtime_dependencies(/home/manideep/FrankaSimulator_Ws/install/ros2_actions/share/colcon-core/packages/ros2_actions)
[0.807s] Level 1:colcon.colcon_core.environment:create_environment_scripts_only(ros2_actions)
[0.807s] Level 1:colcon.colcon_core.environment:checking '/home/manideep/FrankaSimulator_Ws/install/ros2_actions' for CMake module files
[0.808s] Level 1:colcon.colcon_core.environment:checking '/home/manideep/FrankaSimulator_Ws/install/ros2_actions' for CMake config files
[0.808s] Level 1:colcon.colcon_core.shell:create_environment_hook('ros2_actions', 'cmake_prefix_path')
[0.808s] INFO:colcon.colcon_core.shell:Creating environment hook '/home/manideep/FrankaSimulator_Ws/install/ros2_actions/share/ros2_actions/hook/cmake_prefix_path.ps1'
[0.808s] INFO:colcon.colcon_core.shell:Creating environment descriptor '/home/manideep/FrankaSimulator_Ws/install/ros2_actions/share/ros2_actions/hook/cmake_prefix_path.dsv'
[0.808s] INFO:colcon.colcon_core.shell:Creating environment hook '/home/manideep/FrankaSimulator_Ws/install/ros2_actions/share/ros2_actions/hook/cmake_prefix_path.sh'
[0.809s] Level 1:colcon.colcon_core.environment:checking '/home/manideep/FrankaSimulator_Ws/install/ros2_actions/lib'
[0.809s] Level 1:colcon.colcon_core.environment:checking '/home/manideep/FrankaSimulator_Ws/install/ros2_actions/bin'
[0.809s] Level 1:colcon.colcon_core.environment:checking '/home/manideep/FrankaSimulator_Ws/install/ros2_actions/lib/pkgconfig/ros2_actions.pc'
[0.809s] Level 1:colcon.colcon_core.environment:checking '/home/manideep/FrankaSimulator_Ws/install/ros2_actions/lib/python3.10/site-packages'
[0.809s] Level 1:colcon.colcon_core.environment:checking '/home/manideep/FrankaSimulator_Ws/install/ros2_actions/bin'
[0.809s] INFO:colcon.colcon_core.shell:Creating package script '/home/manideep/FrankaSimulator_Ws/install/ros2_actions/share/ros2_actions/package.ps1'
[0.809s] INFO:colcon.colcon_core.shell:Creating package descriptor '/home/manideep/FrankaSimulator_Ws/install/ros2_actions/share/ros2_actions/package.dsv'
[0.810s] INFO:colcon.colcon_core.shell:Creating package script '/home/manideep/FrankaSimulator_Ws/install/ros2_actions/share/ros2_actions/package.sh'
[0.810s] INFO:colcon.colcon_core.shell:Creating package script '/home/manideep/FrankaSimulator_Ws/install/ros2_actions/share/ros2_actions/package.bash'
[0.810s] INFO:colcon.colcon_core.shell:Creating package script '/home/manideep/FrankaSimulator_Ws/install/ros2_actions/share/ros2_actions/package.zsh'
[0.810s] Level 1:colcon.colcon_core.environment:create_file_with_runtime_dependencies(/home/manideep/FrankaSimulator_Ws/install/ros2_actions/share/colcon-core/packages/ros2_actions)
[0.810s] DEBUG:colcon.colcon_parallel_executor.executor.parallel:closing loop
[0.811s] DEBUG:colcon.colcon_parallel_executor.executor.parallel:loop closed
[0.811s] DEBUG:colcon.colcon_parallel_executor.executor.parallel:run_until_complete finished with '0'
[0.811s] DEBUG:colcon.colcon_core.event_reactor:joining thread
[0.814s] INFO:colcon.colcon_core.plugin_system:Skipping extension 'colcon_notification.desktop_notification.terminal_notifier': Not used on non-Darwin systems
[0.815s] INFO:colcon.colcon_core.plugin_system:Skipping extension 'colcon_notification.desktop_notification.win32': Not used on non-Windows systems
[0.815s] INFO:colcon.colcon_notification.desktop_notification:Sending desktop notification using 'notify2'
[0.827s] DEBUG:colcon.colcon_core.event_reactor:joined thread
[0.828s] INFO:colcon.colcon_core.shell:Creating prefix script '/home/manideep/FrankaSimulator_Ws/install/local_setup.ps1'
[0.829s] INFO:colcon.colcon_core.shell:Creating prefix util module '/home/manideep/FrankaSimulator_Ws/install/_local_setup_util_ps1.py'
[0.831s] INFO:colcon.colcon_core.shell:Creating prefix chain script '/home/manideep/FrankaSimulator_Ws/install/setup.ps1'
[0.834s] INFO:colcon.colcon_core.shell:Creating prefix script '/home/manideep/FrankaSimulator_Ws/install/local_setup.sh'
[0.834s] INFO:colcon.colcon_core.shell:Creating prefix util module '/home/manideep/FrankaSimulator_Ws/install/_local_setup_util_sh.py'
[0.835s] INFO:colcon.colcon_core.shell:Creating prefix chain script '/home/manideep/FrankaSimulator_Ws/install/setup.sh'
[0.838s] INFO:colcon.colcon_core.shell:Creating prefix script '/home/manideep/FrankaSimulator_Ws/install/local_setup.bash'
[0.838s] INFO:colcon.colcon_core.shell:Creating prefix chain script '/home/manideep/FrankaSimulator_Ws/install/setup.bash'
[0.841s] INFO:colcon.colcon_core.shell:Creating prefix script '/home/manideep/FrankaSimulator_Ws/install/local_setup.zsh'
[0.842s] INFO:colcon.colcon_core.shell:Creating prefix chain script '/home/manideep/FrankaSimulator_Ws/install/setup.zsh'
